review_id,sentence_id,sentence_index,bundle_category,bundle_sub_item,matched_keywords,Asin,Brand,Rating,Sentence,Content
3,3_1,1,纸质媒介 (Paper & Pads),黑卡纸/本,black paper,B001ANVDMA,posca,5,"These markers are great, I swatched them on white and black paper?","These markers are great, I swatched them on white and black paper? There's a good variety of colours and they're opaque and bright. Very smooth flow. I plan to use on a variety of surfaces."
14,14_1,1,辅助与创意 (Tools & Accessories),便携笔袋/盒,holder,B001ANVDMA,posca,5,"I used Posca markers to paint on wooden pen holder, These are the best paint markers I've ever tried!","I used Posca markers to paint on wooden pen holder, These are the best paint markers I've ever tried! The tips of the markers are durable and doesn't break easily like other markers I tried. Also the paint won't fade or change color by time. I recommend that you use a piece of plastic film to blend the colors on it and use it as a palette before you apply it on your project."
23,23_1,1,纸质媒介 (Paper & Pads),绘本/写生本,art journal,B001ANVDMA,posca,5,I art journal and use them for that purpose.,"I art journal and use them for that purpose. I love them!!!!! The right colors are in this box, they work easily and enhance your work fantastically! A must have to art journal."
23,23_4,4,纸质媒介 (Paper & Pads),绘本/写生本,art journal,B001ANVDMA,posca,5,A must have to art journal.,"I art journal and use them for that purpose. I love them!!!!! The right colors are in this box, they work easily and enhance your work fantastically! A must have to art journal."
29,29_3,3,纸质媒介 (Paper & Pads),水彩纸/多媒体纸,watercolor paper,B001ANVDMA,posca,5,I enjoy using them on watercolor paper but they are versatile and don't bleed.,These paints work really well and they are thick. Limited palette means I'll have to rethink future illustrations but that's apart of the challenge. I enjoy using them on watercolor paper but they are versatile and don't bleed.
58,58_1,1,纸质媒介 (Paper & Pads),绘本/写生本,art journal,B001ANVDMA,posca,5,I use these for art journaling and other art activities.,"I use these for art journaling and other art activities.  They are easy to use, move smoothly across the page, and don't smear once they are dry. Very pleased!"
79,79_1,1,纸质媒介 (Paper & Pads),绘本/写生本,sketchbook,B001ANVDMA,posca,5,"I've colored in some sketches in my sketchbook with these, and they're so cool!","I've colored in some sketches in my sketchbook with these, and they're so cool! The color comes out even and very saturated, which is wonderful! They also don't bleed through the pages at all, they just sit on the page, fantastic!The only thing, is I'd say be careful to not go over the same part too many times because it does mess up the page (which will obviously happen, you're basically rubbing paint on thin paper)"
96,96_6,6,纸质媒介 (Paper & Pads),重磅马克笔纸,thick paper,B001ANVDMA,posca,5,If using on paper make sure you have something under and I would recommend thick paper!,Must have for every artist or someone who would like to give them a go! Absolutely amazing product! I’ve wanted this for a year now and am so excited to finally have it! None of the tips came out in shipping so pretty durable! Their is a variety of pretty colors and it make neat streaks! If using on paper make sure you have something under and I would recommend thick paper!
144,144_4,4,纸质媒介 (Paper & Pads),绘本/写生本,art journal,B001ANVDMA,posca,5,Great for lettering on Art Journals!,The very Best Markers - Especially for Mixed Media.  They seem to write on all Mediums!  The ink comes out even - never leaves a puddle.  Great for lettering on Art Journals!  Love this product - I will buy these again
211,211_2,2,表面保护 (Finishing & Protection),亮油/保护喷雾,fixative,B001ANVDMA,posca,5,"Permanence: Know that, however, you must seal them with a suitable fixative if you use them on a primed canvas before you add any additional polymer medium.","These paint pens handle beautifully and cover well. Permanence: Know that, however, you must seal them with a suitable fixative if you use them on a primed canvas before you add any additional polymer medium. This may be true even if you paint over any Posca paint pen underpainting/drawing. Evidently, they are permanent on porous surfaces or if you heat your art work in a home oven. Modern gesso is more plasticy than absorbent. They talk about permanence on their Posca website."
291,291_21,21,表面保护 (Finishing & Protection),亮油/保护喷雾,clear coat,B001ANVDMA,posca,5,I put a clear coat over it and then it had a gloss finish.,"I love anything to do with color. Recently I started buying things to do finger nail art.  I am a water paint artist and glass artist. I was looking for something that I could use that would give me better outlines when painting in miniature.  I saw these pens and decided to give them a try.  The price was reasonable. I did read the mixed reviews. Yes, the instructions are in Japanese and I can't read them, but how many American products are translated into Japanese.I decided to try all of them to make sure they worked. I found that if you don't want them to gush out some ink or whatever it is when you try to get the color flowing, you should first take all of them out of the box. Shake one back and forth a few times and then put it back in the box with point end standing up. Then after you have repeated this with all the pens, take the 1st one you shook turn it over and very lightly and I mean lightly, press it down on a paper just about 1 or 2mm, no more, Do it once and then a second time, then wait. The ink will slowly start to flow onto the point of the pen. It starts out as white and then slowly the color changes.  You can now test it with a lite touch.  If you press hard the ink will gush out. It will also do that if you shake it and immediately use it as you should allow the ink to settle and not all be in the tip. I know from experience. Put the cover on well and it shouldn't dry out. The tip is not felt but a material that if firm and won't absorb the ink, just enough .The ink is a nice consistency.It appears to be ink. It dries very fast and on paper it is a matt finish as well as on nails. I put a clear coat over it and then it had a gloss finish. It does cover well as it is opaque. I bought another set that has the extra fine tip and am looking forward to getting it."
299,299_5,5,表面保护 (Finishing & Protection),密封胶,mod podge,B001ANVDMA,posca,4,"After I let my designs dry over night and I went to seal the rocks with Mod Podge, the design was ruined.","I paint rocks for the community Rock group.  I have used other acrylic paint pens in the past and thought I would try this brand.  I found the paint pens to be easy to work with and the tips don't dry up a quickly as other brands.  BUT.. After I let my designs dry over night and I went to seal the rocks with Mod Podge, the design was ruined.  The Mod Podge did something to the paint and smeared all over.  Ruined my painting.I have always sealed my rock paintings with Mod Podge and then Krylon spray.  I think it is safe just to use the Krylon spray over the Posca paint designs."
299,299_6,6,表面保护 (Finishing & Protection),密封胶,mod podge,B001ANVDMA,posca,4,The Mod Podge did something to the paint and smeared all over.,"I paint rocks for the community Rock group.  I have used other acrylic paint pens in the past and thought I would try this brand.  I found the paint pens to be easy to work with and the tips don't dry up a quickly as other brands.  BUT.. After I let my designs dry over night and I went to seal the rocks with Mod Podge, the design was ruined.  The Mod Podge did something to the paint and smeared all over.  Ruined my painting.I have always sealed my rock paintings with Mod Podge and then Krylon spray.  I think it is safe just to use the Krylon spray over the Posca paint designs."
299,299_7,7,表面保护 (Finishing & Protection),密封胶,mod podge,B001ANVDMA,posca,4,Ruined my painting.I have always sealed my rock paintings with Mod Podge and then Krylon spray.,"I paint rocks for the community Rock group.  I have used other acrylic paint pens in the past and thought I would try this brand.  I found the paint pens to be easy to work with and the tips don't dry up a quickly as other brands.  BUT.. After I let my designs dry over night and I went to seal the rocks with Mod Podge, the design was ruined.  The Mod Podge did something to the paint and smeared all over.  Ruined my painting.I have always sealed my rock paintings with Mod Podge and then Krylon spray.  I think it is safe just to use the Krylon spray over the Posca paint designs."
364,364_2,2,涂色与创作 (Coloring & Greeting),成人涂色书,coloring book | adult coloring,B001ANVDMA,posca,5,Great for adult coloring books.,Great markers! Great for adult coloring books. Will buy more shades!
375,375_1,1,纸质媒介 (Paper & Pads),涂鸦板/卡片,tags,B001ANVDMA,posca,5,"Pas de mauvaises surprises, c'est du POSCA et çà se sent et se voit...<br>Régularité, précision, adapté aussi bien aux enfants qu'aux grands !<br>Un régal à utiliser : seche, la peinture est recouvrable et encore humide, vous pouvez obtenir des mélanges originaux.<br>Ne coule pas (à moins de pomper comme un malade pour l'amorcer !), propres et au pire, mains faciles à nettoyer si on attend pas deux jours.<br>Seul problème -à mon avis- quand on y goûte, difficile de ne pas trouver quelque chose à 'POSCATER' (coloriages, galets, verres, photos, tags sur papier...) !!!","Pas de mauvaises surprises, c'est du POSCA et çà se sent et se voit...<br>Régularité, précision, adapté aussi bien aux enfants qu'aux grands !<br>Un régal à utiliser : seche, la peinture est recouvrable et encore humide, vous pouvez obtenir des mélanges originaux.<br>Ne coule pas (à moins de pomper comme un malade pour l'amorcer !), propres et au pire, mains faciles à nettoyer si on attend pas deux jours.<br>Seul problème -à mon avis- quand on y goûte, difficile de ne pas trouver quelque chose à 'POSCATER' (coloriages, galets, verres, photos, tags sur papier...) !!!"
423,423_3,3,表面保护 (Finishing & Protection),亮油/保护喷雾,clear coat,B001ANVDMA,posca,4,They require a thick clear coating to keep them intact though.,These markers are wonderful. The colors are vibrant. They require a thick clear coating to keep them intact though.
426,426_6,6,表面保护 (Finishing & Protection),亮油/保护喷雾,sealer,B001ANVDMA,posca,5,"These pens allow us (and even our 92 year old Nana) to do fine detail work, and we love them!Note: We always put a spray coat of sealer on our stones to protect the artwork.","We use these paint pens for our hobby of painting smooth river stones, and they are terrific.  The tips are firm and don't fray.  The only caution I would give is that you get the best and smoothest line if you 'pull' the pen toward you.  If you 'push' the line away from you (as you would if you're writing the letter ""O""), you will get some feathering unless you ease up on the pressure.  Or, if you are drawing, just turn the stone so you are drawing the pen toward you rather than pushing it away from you.We have these pens in the Extra Fine point, the Fine point, and the Medium point, and we seldom use the tiny brushes anymore.  These pens allow us (and even our 92 year old Nana) to do fine detail work, and we love them!Note:  We always put a spray coat of sealer on our stones to protect the artwork."
440,440_5,5,纸质媒介 (Paper & Pads),涂鸦板/卡片,diy cards,B001ANVDMA,posca,5,"Did have to go over it a few times on fabric but works great for DIY cards, even glass, & plastic cups.","Love these markers! Great for EVERYTHING. Will prolly get fine point. Used on fabric and canvas shoes. Did have to go over it a few times on fabric but works great for DIY cards, even glass, & plastic cups."
487,487_3,3,纸质媒介 (Paper & Pads),绘本/写生本,art journal,B001ANVDMA,posca,5,Full coverage over my mixed media and art journaling pages!,I now have bought a set in every size! Best pens ever! Full coverage over my mixed media and art journaling pages!
525,525_2,2,纸质媒介 (Paper & Pads),水彩纸/多媒体纸,watercolor paper,B001ANVDMA,posca,5,The color goes on so smoothly and (I recommend using thick watercolor paper) and the color totally pops.,These have got to be the best paint pens ever! The color goes on so smoothly and (I recommend using thick watercolor paper) and the color totally pops. Would definetly recommend to anyone wanting to try then out.
644,644_4,4,纸质媒介 (Paper & Pads),绘本/写生本,art journal,B001ANVDMA,posca,5,I also use them in my art journals for design and writing.,"I was worried that these would blob out the ink as so many of the paint markers do. So far, all the pens are behaving beautifully. They are great for mixed media projects. I also use them in my art journals for design and writing. The colors are vivid and fun to use."
716,716_1,1,勾线与细节 (Detailing & Outlining),铅笔/橡皮,pencil,B001ANVDMA,posca,5,"Sent this to my granddaughter as a gift & she absolutely loves it, markers and pencil are brilliant colors, the charcoal pencil perfect for her drawing","Sent this to my granddaughter as a gift & she absolutely loves it, markers and pencil are brilliant colors, the charcoal pencil perfect for her drawing"
845,845_9,9,纸质媒介 (Paper & Pads),水彩纸/多媒体纸,watercolor paper,B001ANVDMA,posca,4,"It won't destroy the paper by any means if it's watercolor paper or heavier weight paper, but printer paper is never ideal for these.","Hello everyone! My name is Aspen, @Paraslider on Twitter, I'm an artist and animator entering college this year, and I'd like to say I've been using these for 2 years now and they still work fine to this day. Some problems arose with the paint itself, which I'll get into later.For now, I'll start off with a brief introduction to how these pens work. Posca pens are notable for their usage in graffiti and street art, so the pen nibs are pretty much made to go through the wringer. As long as the surface you're going on isn't *too* toothy, like a broken brick or something, you can expect the nib to last a while. That being said; if you plan to use these on any kind of paper, expect the paper to pill. Pilling is the result of the pen nib being so abrasive on the paper's surface that it rips up the paper's surface/tooth. It won't destroy the paper by any means if it's watercolor paper or heavier weight paper, but printer paper is never ideal for these. The way you activate these is fairly simple-- you just press the nib down on a surface a bunch until the paint fills the nib, alternating between shaking the pen (cap on, of course) and pumping the nib like crazy until you get a nice, clean, consistent stroke.Let it be known, though, you will be shaking these pens a lot. I don't want to understate this in the slightest. You will spend a lot of time shaking these pens. If your batch is particularly fussy, hours even. When I tell you I've spent upwards of an hour or two just shaking and pumping my pens for the second piece of art in particular, please believe me there. Once that's done, you should be smoothly sailing. If not, I can only refer you to Kasey Golden's posca pen videos on YouTube for troubleshooting and tips.For clarity, I'll describe the processes behind each of these art pieces, as the size you're working on and the surface material matters greatly.1- The first painting (the side profile of my OC, grey background) is something I was able to do with just this 15 pen set, and it was my first go with these, done around late 2018. Watercolor paper, 7x7 inch size if I remember correctly, and yes, the paper pilled here and there. It wasn't at all a distraction or a major flaw of the markers, and it turned out perfectly fine. It sort of feels like eraser shavings, and if you like the texture the pilling produces, feel free to keep it! if not, it's really easy to wipe off after the paint dries.As can be seen, with just the base 15 markers, a lot can be done. If you're looking for a challenge and can work in a limited color palette, this set can take you far. The colors dry opaque and are super vibrant as expected. The coverage, especially for 3M size, is really nice and it dries down smooth and matte, no streaks abound. Poscas are renowned for their ability to create flat, sleek color blocks, so if that's your thing, you'll love these.2- This next piece (pattern background, 4 characters) was a lot larger than the first one, and was done on a 16x20 inch canvas and it was completed around a month or two ago. It's clear that I expanded the color count here, and you can totally buy different colors of posca pens on amazon for relatively cheap if you get them in packs. Individual pens, however, tend to be a lot pricier and more of a hassle to get, like 6-10 bucks a pop. Unlike the paper, there was no pilling at all on a canvas surface and was overall a much smoother experience. It took a bit of getting used to the canvas's surface, but it was a really fun project regardless.Aside from all the troubleshooting I had to do.You see, herein lies my major point of contention with these paint pens, but I'm sure this isn't just limited to posca, but all paint pens in general. I was painting this on an angle, and the canvas was stationed on an easel. Because of gravity, you can expect some of your pens to go rogue on you. They may appear to dry out or get streaky, but this is just due to the orientation of your canvas. This can typically be fixed by pumping the nib and shaking, but I will admit even after a while of this, some pens just don't want to cooperate. Some might stay watery, and others might stay streaky, and some might just die on you, and that's when I suggest a replacement. For instance, the navy blue and regular blue colors here were really temperamental, but after some deep, mindful, therapeutic thoughts such as ""goddamnit, please let me finish this before these die on me"" I was able to power through. Don't give up on your pens because they're showing signs of wear, because there's a chance they might still work/can be revived.TL:DR; These pens are spectacular for any artist of any skill level, but they aren't perfect and have some flaws. The orientation of the pen and your canvas affects the flow of the paint. In general, you won't see these problems with a majority of your pens, but every once in a while this may occur to a few in your batch. These are lovely for color laydown and produce consistent vibrant hues. They are definitely an investment though, so consider how you intend to use them and if it's worth the cost. These will make a lovely gift for any artist or creative!"
845,845_17,17,纸质媒介 (Paper & Pads),水彩纸/多媒体纸,watercolor paper,B001ANVDMA,posca,4,"Watercolor paper, 7x7 inch size if I remember correctly, and yes, the paper pilled here and there.","Hello everyone! My name is Aspen, @Paraslider on Twitter, I'm an artist and animator entering college this year, and I'd like to say I've been using these for 2 years now and they still work fine to this day. Some problems arose with the paint itself, which I'll get into later.For now, I'll start off with a brief introduction to how these pens work. Posca pens are notable for their usage in graffiti and street art, so the pen nibs are pretty much made to go through the wringer. As long as the surface you're going on isn't *too* toothy, like a broken brick or something, you can expect the nib to last a while. That being said; if you plan to use these on any kind of paper, expect the paper to pill. Pilling is the result of the pen nib being so abrasive on the paper's surface that it rips up the paper's surface/tooth. It won't destroy the paper by any means if it's watercolor paper or heavier weight paper, but printer paper is never ideal for these. The way you activate these is fairly simple-- you just press the nib down on a surface a bunch until the paint fills the nib, alternating between shaking the pen (cap on, of course) and pumping the nib like crazy until you get a nice, clean, consistent stroke.Let it be known, though, you will be shaking these pens a lot. I don't want to understate this in the slightest. You will spend a lot of time shaking these pens. If your batch is particularly fussy, hours even. When I tell you I've spent upwards of an hour or two just shaking and pumping my pens for the second piece of art in particular, please believe me there. Once that's done, you should be smoothly sailing. If not, I can only refer you to Kasey Golden's posca pen videos on YouTube for troubleshooting and tips.For clarity, I'll describe the processes behind each of these art pieces, as the size you're working on and the surface material matters greatly.1- The first painting (the side profile of my OC, grey background) is something I was able to do with just this 15 pen set, and it was my first go with these, done around late 2018. Watercolor paper, 7x7 inch size if I remember correctly, and yes, the paper pilled here and there. It wasn't at all a distraction or a major flaw of the markers, and it turned out perfectly fine. It sort of feels like eraser shavings, and if you like the texture the pilling produces, feel free to keep it! if not, it's really easy to wipe off after the paint dries.As can be seen, with just the base 15 markers, a lot can be done. If you're looking for a challenge and can work in a limited color palette, this set can take you far. The colors dry opaque and are super vibrant as expected. The coverage, especially for 3M size, is really nice and it dries down smooth and matte, no streaks abound. Poscas are renowned for their ability to create flat, sleek color blocks, so if that's your thing, you'll love these.2- This next piece (pattern background, 4 characters) was a lot larger than the first one, and was done on a 16x20 inch canvas and it was completed around a month or two ago. It's clear that I expanded the color count here, and you can totally buy different colors of posca pens on amazon for relatively cheap if you get them in packs. Individual pens, however, tend to be a lot pricier and more of a hassle to get, like 6-10 bucks a pop. Unlike the paper, there was no pilling at all on a canvas surface and was overall a much smoother experience. It took a bit of getting used to the canvas's surface, but it was a really fun project regardless.Aside from all the troubleshooting I had to do.You see, herein lies my major point of contention with these paint pens, but I'm sure this isn't just limited to posca, but all paint pens in general. I was painting this on an angle, and the canvas was stationed on an easel. Because of gravity, you can expect some of your pens to go rogue on you. They may appear to dry out or get streaky, but this is just due to the orientation of your canvas. This can typically be fixed by pumping the nib and shaking, but I will admit even after a while of this, some pens just don't want to cooperate. Some might stay watery, and others might stay streaky, and some might just die on you, and that's when I suggest a replacement. For instance, the navy blue and regular blue colors here were really temperamental, but after some deep, mindful, therapeutic thoughts such as ""goddamnit, please let me finish this before these die on me"" I was able to power through. Don't give up on your pens because they're showing signs of wear, because there's a chance they might still work/can be revived.TL:DR; These pens are spectacular for any artist of any skill level, but they aren't perfect and have some flaws. The orientation of the pen and your canvas affects the flow of the paint. In general, you won't see these problems with a majority of your pens, but every once in a while this may occur to a few in your batch. These are lovely for color laydown and produce consistent vibrant hues. They are definitely an investment though, so consider how you intend to use them and if it's worth the cost. These will make a lovely gift for any artist or creative!"
1004,1004_2,2,表面保护 (Finishing & Protection),密封胶,sealant,B001ANVDMA,posca,5,They are easy to handle when coloring in or drawing on small surfaces and they don't run when sprayed with a sealant!,I use these pens for painting rocks and I highly recommend them over any other paint pens! They are easy to handle when coloring in or drawing on small surfaces and they don't run when sprayed with a sealant!
1011,1011_2,2,表面保护 (Finishing & Protection),亮油/保护喷雾,varnish,B001ANVDMA,posca,5,Can take varnish after and works well on many substrates.,Excellent set of color choices and great opaque markers.  Can take varnish after and works well on many substrates.
1044,1044_7,7,表面保护 (Finishing & Protection),亮油/保护喷雾,fixative,B001ANVDMA,posca,5,"After the paint was dry it was possible to scratch off so if you want it to be permanent, I would recommend a fixative of some kind.","Arrived in good condition, though shipping took a bit (understandable). Great price for Posca markers. I use them a lot to get out of my comfort zone artistically and have been experimenting with a lineless style. They blend really well together if you like to create gradients. Just make sure your paper can take a beating (the nibs and water-based ink will tear weak papers). I have also used to mark plastic and they worked well on that. After the paint was dry it was possible to scratch off so if you want it to be permanent, I would recommend a fixative of some kind. Overall, product arrived and was exactly what I expected."
1130,1130_2,2,纸质媒介 (Paper & Pads),绘本/写生本,sketchbook,B001ANVDMA,posca,4,Works great in my Moleskine sketchbook (the one with the thicker smooth pages).,"I like POSCA markers for illustration and flat, cell shade graphic art. Works great in my Moleskine sketchbook (the one with the thicker smooth pages). No bleed through the pages. Opaque, matte finish. Wish there were more colors though. This set has 15 markers, which is a fine starter set, but lacks some colors for gradient (like a light purple or a darker beige). I supplement by layering  Prismacolor colored pencil and Tombow brush markers to achieve shadows."
1130,1130_7,7,勾线与细节 (Detailing & Outlining),铅笔/橡皮,pencil,B001ANVDMA,posca,4,I supplement by layering Prismacolor colored pencil and Tombow brush markers to achieve shadows.,"I like POSCA markers for illustration and flat, cell shade graphic art. Works great in my Moleskine sketchbook (the one with the thicker smooth pages). No bleed through the pages. Opaque, matte finish. Wish there were more colors though. This set has 15 markers, which is a fine starter set, but lacks some colors for gradient (like a light purple or a darker beige). I supplement by layering  Prismacolor colored pencil and Tombow brush markers to achieve shadows."
1134,1134_1,1,表面保护 (Finishing & Protection),亮油/保护喷雾,varnish,B001ANVDMA,posca,5,Good product works well with acrylic.Didn’t hold up to a layer of varnish a bit of smearing.,Good product works well with acrylic.Didn’t hold up to a layer of varnish a bit of smearing. Vibrant colors.
1249,1249_1,1,表面保护 (Finishing & Protection),亮油/保护喷雾,clear coat,B001ANVDMA,posca,2,"I liked these untill I put my clear coat on top and the colors ran.......ruined my design, not happy!!!!!","I liked these untill I put my clear coat on top and the colors ran.......ruined my design, not happy!!!!!"
1258,1258_3,3,涂色与创作 (Coloring & Greeting),成人涂色书,coloring book | adult coloring,B001ANVDMA,posca,5,I used them to color in adult coloring books and was happy that they didn’t bleed through the pages.,I liked these markers – it was fun to branch out into a new medium.  They laid down color more like paint and less like a marker.  I used them to color in adult coloring books and was happy that they didn’t bleed through the pages.  I wished I had gotten the extra fine point set because these were a little too thick to stay in the lines for some of the colorings – might work better for backgrounds.
1292,1292_1,1,表面保护 (Finishing & Protection),亮油/保护喷雾,varnish,B001ANVDMA,posca,4,"These markers write over any medium - acrylic, varnish, watercolor, glues - without destroying the tip.","These markers write over any medium - acrylic, varnish, watercolor, glues - without destroying the tip. Great size for both quick coverage and detail work."
1330,1330_1,1,表面保护 (Finishing & Protection),亮油/保护喷雾,clear coat,B001ANVDMA,posca,1,Two pens leaked out when trying to write and when trying to seal them with clear coat the paint ran.,Two pens leaked out when trying to write and when trying to seal them with clear coat the paint ran.
1349,1349_4,4,表面保护 (Finishing & Protection),亮油/保护喷雾,varnish,B001ANVDMA,posca,5,just remember that a gloss varnish that is watercolor based approved is what you need because since they will dilute with water they can read off easily especially on metal wood and other things,these are great for next media artists. My one complaint is that sometimes when you shake them up and push a little too hard more pain comes out of the tip then I would like. Other than that they were great with alcohol inks call fix prisma colors standing I even decorated my daughters cast with them .  just remember that a gloss varnish that is watercolor based approved is what you need because since they will dilute with water they can read off easily especially on metal wood and other things
1405,1405_1,1,涂色与创作 (Coloring & Greeting),成人涂色书,coloring book,B001ANVDMA,posca,5,I use these for coloring books.,I use these for coloring books. They work really well.
1406,1406_2,2,涂色与创作 (Coloring & Greeting),成人涂色书,adult coloring,B001ANVDMA,posca,5,"Adult coloring, rocks and fabric","I use Posca for many projects.  Adult coloring, rocks and fabric"
1438,1438_2,2,涂色与创作 (Coloring & Greeting),贺卡/信封,greeting cards,B001ANVDMA,posca,5,My set is complete and I can't wait to get started using them on hope rocks and greeting cards.,"Just like my other Posca paint pens, these are bright, vivid colors that work on just about every medium you apply them to. My set is complete and I can't wait to get started using them on hope rocks and greeting cards. (To bring the paint down into the nib, shake pen to the count of 10, then press nib repeatedly into paper until you see the paint. I didn't know this with my first set and thought they were duds.)"
1451,1451_1,1,纸质媒介 (Paper & Pads),绘本/写生本,sketchbook,B001ANVDMA,posca,4,I ordered these last year and used them to decorate my sketchbook.,"I ordered these last year and used them to decorate my sketchbook. Not only did they completely cover the black in 2 coats and maintain their pigment, but the cover hasn't chipped, smudged or faded in the year since I've painted it. I've thrown this book into my purse, packed it for a move, and set things on top of it. Still good. I haven't used them for much else since, though. Might order the larger color set. I think if you have the money, and you like to paint, the larger set is the way to go."
1455,1455_3,3,表面保护 (Finishing & Protection),亮油/保护喷雾,clear coat,B001ANVDMA,posca,4,The only thing that was kind of upsetting was that they tend to chip a lot when used on smooth surfaces unless a clear coat is applied right away after they dry.,"I really like them. They are a paint pen as described, I was worried I'd end up with markers. The only thing that was kind of upsetting was that they tend to chip a lot when used on smooth surfaces unless a clear coat is applied right away after they dry. Would definitely purchase them again though."
1467,1467_2,2,勾线与细节 (Detailing & Outlining),铅笔/橡皮,pencil,B001ANVDMA,posca,4,"One thing I noticed was how some of the colors don't completely cover pencil marks (primarily the lighter colors), so you can still see them after drawing paint over them, but you'll just have to layer it liked regular paint (or just make light pencil marks).","This was my first time using these and I have to say I wasn't disappointed at all! One thing I noticed was how some of the colors don't completely cover pencil marks (primarily the lighter colors), so you can still see them after drawing paint over them, but you'll just have to layer it liked regular paint (or just make light pencil marks). I found these were super easy to use since I'm not the best at regular painting. I'd recommend these definitely, nothing much to say that's bad about them, make sure to shake them well to get the paint going, you may have to shake them for a bit. (I almost thought mine were dried up haha)"
1512,1512_6,6,勾线与细节 (Detailing & Outlining),铅笔/橡皮,pencil,B001ANVDMA,posca,5,"They have lasted quite a while and fun to use with alcohol inks, water color and colored pencil.","Wasn't sure how this product would be. Have found the pens to be of high quality paint and works well with multi-media art. They don't dry out as long as you properly prime them when you first use them.  I bought a fine and regular point and primed them all at the same time so I wouldn't have to prime each one as it was used.  Like them, would buy again. They have lasted quite a while and fun to use with alcohol inks, water color and colored pencil."
1528,1528_1,1,纸质媒介 (Paper & Pads),绘本/写生本,art journal,B001ANVDMA,posca,5,These are my GO TO markers for art journaling.,"These are my GO TO markers for art journaling.  Great for large areas and doodling, borders, you name it."
1545,1545_4,4,表面保护 (Finishing & Protection),亮油/保护喷雾,varnish,B001ANVDMA,posca,5,"These Poscas are good on canvas, shoes, water bottles(with varnish applied afterwards), paper, etc.","These paint pens are amazing! They’re juicy and not dried out. I really enjoyed using them. These Poscas are good on canvas, shoes, water bottles(with varnish applied afterwards), paper, etc. I really recommend and I promise you won’t regret this purchase."
1596,1596_3,3,纸质媒介 (Paper & Pads),绘本/写生本,sketchbook,B001ANVDMA,posca,5,I prefer the fine line & it works well in a sketchbook or over acrylic paint.,I use acrylic markers as the final step on my paintings.  The Posca brand is smooth and consistent. I prefer the fine line & it works well in a sketchbook or over acrylic paint.
1612,1612_1,1,纸质媒介 (Paper & Pads),绘本/写生本,art journal,B001ANVDMA,posca,5,"These are the best, best, best for art journaling or multi-media work.","These are the best, best, best for art journaling or multi-media work.  Goes right over acrylic without mixing into the colors.  Love."
1613,1613_2,2,表面保护 (Finishing & Protection),亮油/保护喷雾,clear coat,B001ANVDMA,posca,5,I have not had any issues with the colors bleeding when sprayed with a clear coat.,"Nice colors, using them to paint on rocks. I have not had any issues with the colors bleeding when sprayed with a clear coat."
1625,1625_3,3,表面保护 (Finishing & Protection),亮油/保护喷雾,clear coat,B001ANVDMA,posca,5,Just use a clear coat afterwards if you plan on keeping a finished product outdoors.,Very fast shipping.<br>These pens write on any dry surface. My wife is a rock paint artist and these work wonders on rocks. Just use a clear coat afterwards if you plan on keeping a finished product outdoors.
1637,1637_1,1,涂色与创作 (Coloring & Greeting),成人涂色书,coloring book,B001ANVDMA,posca,4,"I like how bold and bright the colors, but when I’m coloring some of my coloring books, the white tears holes in the pages.","I like how bold and bright the colors, but when I’m coloring some of my coloring books, the white tears holes in the pages."
1733,1733_9,9,纸质媒介 (Paper & Pads),绘本/写生本,art journal,B001ANVDMA,posca,5,"I keep an art journal, and these write well over acrylics and watercolors on mixed media paper.","I had never used Posco paint pens before and now I am hooked.  Product arrived exactly how pictured and the box they are in is great to store them.  Check the size of the pen output and make sure you understand which one you are buying.  The whole thing with Posco pens is patience when opening.  The pen has a white tip.  Shake the pen and then hold the pen directly vertical, perpendicular to the paper.  Press down, and wait, wait, while the ink spreads through tip.  It may take longer than expected to prime, but these pens write smooth.  I keep an art journal, and these write well over acrylics and watercolors on mixed media paper.  I love how they add extra details and clean up messy lines around the paint."
1733,1733_9,9,纸质媒介 (Paper & Pads),水彩纸/多媒体纸,mixed media paper,B001ANVDMA,posca,5,"I keep an art journal, and these write well over acrylics and watercolors on mixed media paper.","I had never used Posco paint pens before and now I am hooked.  Product arrived exactly how pictured and the box they are in is great to store them.  Check the size of the pen output and make sure you understand which one you are buying.  The whole thing with Posco pens is patience when opening.  The pen has a white tip.  Shake the pen and then hold the pen directly vertical, perpendicular to the paper.  Press down, and wait, wait, while the ink spreads through tip.  It may take longer than expected to prime, but these pens write smooth.  I keep an art journal, and these write well over acrylics and watercolors on mixed media paper.  I love how they add extra details and clean up messy lines around the paint."
1755,1755_5,5,勾线与细节 (Detailing & Outlining),铅笔/橡皮,pencil,B001ANVDMA,posca,5,"A gentle hand and patience are the two magic tools here.When it comes to ease, Posca paint pens are just like holding a pen or a pencil.","These pens work if used properly. These, like other acrylic paint pens, require a little bit of prep before you use them. First, you want to gently press the nib inward, then you want to gently depress the nib several times (again, gently) until paint fills it.  Use a pen improperly, no matter the brand, and you will get paint blobs. A gentle hand and patience are the two magic tools here.When it comes to ease, Posca paint pens are just like holding a pen or a pencil. If you can do that, you'll be successful with these! They're very comfortable to hold in my hand and draw or write with. The flow of the paint is nice, and the colors are very vibrant and do no require more than one coat. I cannot speak of longevity, just yet, but depending on what you're painting with these, you should probably use some sort of sealer.The only thing I do not like about these markers is that they eat paper, it's not a big deal, certainly not a deal breaker for me, but it's definitely something I thought should be mentioned.These would make a great gift for yourself, or for the artists in your life."
1755,1755_9,9,表面保护 (Finishing & Protection),亮油/保护喷雾,sealer,B001ANVDMA,posca,5,"I cannot speak of longevity, just yet, but depending on what you're painting with these, you should probably use some sort of sealer.The only thing I do not like about these markers is that they eat paper, it's not a big deal, certainly not a deal breaker for me, but it's definitely something I thought should be mentioned.These would make a great gift for yourself, or for the artists in your life.","These pens work if used properly. These, like other acrylic paint pens, require a little bit of prep before you use them. First, you want to gently press the nib inward, then you want to gently depress the nib several times (again, gently) until paint fills it.  Use a pen improperly, no matter the brand, and you will get paint blobs. A gentle hand and patience are the two magic tools here.When it comes to ease, Posca paint pens are just like holding a pen or a pencil. If you can do that, you'll be successful with these! They're very comfortable to hold in my hand and draw or write with. The flow of the paint is nice, and the colors are very vibrant and do no require more than one coat. I cannot speak of longevity, just yet, but depending on what you're painting with these, you should probably use some sort of sealer.The only thing I do not like about these markers is that they eat paper, it's not a big deal, certainly not a deal breaker for me, but it's definitely something I thought should be mentioned.These would make a great gift for yourself, or for the artists in your life."
1893,1893_4,4,纸质媒介 (Paper & Pads),绘本/写生本,art journal,B001ANVDMU,posca,4,I originally bought them for art journaling but they tried them on rock painting.,"I like these pens.  They are bright and easy to use.  It's a good size package and you get a variety of colors. I originally bought them for art journaling but they tried them on rock painting.  The paint works well, but I wish I'd gotten a smaller point size."
1904,1904_3,3,表面保护 (Finishing & Protection),亮油/保护喷雾,sealer,B001ANVDMU,posca,1,When you go to activate the paint pen the ink spills out all over the place.After I used them and went to seal my work with a paint sealer the paint pen work smeared all over the place.,These are NOT the real Posca pens.They are Imitation crapDo not waste your money on these pens. I thought it was a great deal but was so disappointed when I went to actually use them. When you go to activate the paint pen the ink spills out all over the place.After I used them and went to seal my work with a paint sealer the paint pen work smeared all over the place. An issue I don’t ever have when I used the real posca makers.
1933,1933_3,3,纸质媒介 (Paper & Pads),绘本/写生本,art journal,B001ANVDMU,posca,5,I mostly use them for art journaling.,These markers came as expected.  They are really juicy and easy to use.  I mostly use them for art journaling.  Will buy again.
1950,1950_1,1,勾线与细节 (Detailing & Outlining),铅笔/橡皮,pencil,B001ANVDMU,posca,4,"Good color, might need to go over twice to cover strong pencil or anything if the like.","Good color, might need to go over twice to cover strong pencil or anything if the like. Pest to not use on paper that isn’t sturdy, it’ll make the paper go to scraps. Love the colors"
2037,2037_2,2,表面保护 (Finishing & Protection),亮油/保护喷雾,clear coat,B001ANVDMU,posca,5,I put a clear coat over and the paint is holding up great even on the bottom of my surf board.,I used these to paint a few helmets and surf board. I put a clear coat over and the paint is holding up great even on the bottom of my surf board.
2039,2039_1,1,纸质媒介 (Paper & Pads),绘本/写生本,art journal,B001ANVDMU,posca,5,"Full coverage, dries fast, great for art journaling","Full coverage, dries fast, great for art journaling"
2071,2071_2,2,纸质媒介 (Paper & Pads),绘本/写生本,art journal,B001ANVDMU,posca,5,Just what I wanted for art journalling!,Awesome pens that write over acrylic paint without getting clogged. Just what I wanted for art journalling!
2076,2076_1,1,纸质媒介 (Paper & Pads),水彩纸/多媒体纸,textured paper,B001ANVDMU,posca,5,"Made for use on sturdy no textured paper creates a lot of pilling/ pulls up the paper, very nice colors, a little too vibrant😅 love them","Made for use on sturdy no textured paper creates a lot of pilling/ pulls up the paper, very nice colors, a little too vibrant😅  love them"
2103,2103_2,2,涂色与创作 (Coloring & Greeting),成人涂色书,coloring book,B001ANVDMU,posca,5,Great for coloring books (both adult and children) that don'the leak through pages.,Greatest markers ever! Great for coloring books (both adult and children) that don'the leak through pages.
2187,2187_5,5,纸质媒介 (Paper & Pads),水彩纸/多媒体纸,mixed media paper,B001ANVDMU,posca,4,So I decided to use them on Canson mixed media paper.,"I bought these to paint on a canvas type shoe like Vans. They don’t work on Vans unless you have a primer like Angelus leather paint. The paint soaked through. They are NON RETURNABLE!!! So I decided to use them on Canson mixed media paper. They were ok, but the paper pilled and they do not blend on paper. Alas, I tried them on my water bottle, similar to Hydro Flask/Yeti. They were great! I was able to blend the colors and fun to use.  Unless you are painting on plastic, metal, ceramic...idk how useful these pens are."
2232,2232_6,6,纸质媒介 (Paper & Pads),水彩纸/多媒体纸,watercolor paper,B001ANVDMU,posca,5,So I would avoid using this on watercolor paper and craft paper.,"I have always loved art and drawing, and I have always wanted a marker that could do the thing that these make possible. These paint markers can write on nearly any surface, making them extremely fun to work with. As well as this they are extremely opaque making it possible to write on top of each other.  Even with white! The only con I can see is that when using on toothy paper the marker tips tend to pull of these fibers, so you have to pick them out of your drawing/ marker. So I would avoid using this on watercolor paper and craft paper."
2290,2290_1,1,辅助与创意 (Tools & Accessories),贴纸/胶水,stickers,B001ANVDMU,posca,4,"Very nice vibrant markers, great for stickers","Very nice vibrant markers, great for stickers"
2425,2425_3,3,纸质媒介 (Paper & Pads),绘本/写生本,sketchbook,B001ANVDMU,posca,5,"They can be used on a variety of surfaces, and do not bleed through my sketchbook paper or Zentangle tiles.","I absolutely LOVE these paint pens, and have both the set of medium and fine-point pens. The colors remain vibrant and are quick-drying, yet easily wash off if they get on your hands. They can be used on a variety of surfaces, and do not bleed through my sketchbook paper or Zentangle tiles. The only drawback was that all information on the box is in Chinese, so I had to look online to find out how to initially get the paint to flow (shake the pens, remove the cap, and pump the tip up and down on scrap paper until the pain flows into the tip). A simple insert in English would be a big help. The pens are appropriate for both adult and child use, and there is virtually no odor to them. They are my favorite paint medium."
2506,2506_3,3,纸质媒介 (Paper & Pads),黑卡纸/本,black paper,B001ANVDMU,posca,5,Use at least 2 coats on regular black paper.,Love these pens. The colors are vibrant and go smoothly. Use at least 2 coats on regular black paper. They’re better than other acrylic markers.very inspiring tool!
2562,2562_1,1,纸质媒介 (Paper & Pads),黑卡纸/本,black paper,B001ANVDMU,posca,5,We enjoyed these markers on black paper.,We enjoyed these markers on black paper. So much fun.
2592,2592_2,2,表面保护 (Finishing & Protection),亮油/保护喷雾,varnish,B001ANVDMU,posca,5,To use them in glass you need to use a spray varnish.,"Excellent markers, good finishing in fabric and shoes. To use them in glass you need to use a spray varnish."
2606,2606_1,1,表面保护 (Finishing & Protection),亮油/保护喷雾,varnish,B001ANVDMU,posca,5,"the only suggestion is that you seal your project with a spray varnish, then once dry, you can use a brush on varnish or else they will become runny, learnt the hard way....","the only suggestion is that you seal your project with a spray varnish, then once dry, you can use a brush on varnish or else they will become runny, learnt the hard way...."
2607,2607_2,2,勾线与细节 (Detailing & Outlining),铅笔/橡皮,pencil,B001ANVDMU,posca,5,"Been able to create some really cool stuff with these, great opacity on darker colors, just be careful with any pencil lines underneath colors like yellow, they will show through.","Love these so much! Been able to create some really cool stuff with these, great opacity on darker colors, just be careful with any pencil lines underneath colors like yellow, they will show through. they layer over each other beautifully!"
2633,2633_3,3,纸质媒介 (Paper & Pads),绘本/写生本,art journal,B001ANVDMU,posca,5,"I use them mostly in my art journaling, and they write right over my pages just like I want them to.","I have tried many different brands of paint markers/ pens and these are awesome. Great value and great coverage. I use them mostly in my art journaling, and they write right over my pages just like I want them to. Great selection of colors also. Highly recommended."
2669,2669_4,4,勾线与细节 (Detailing & Outlining),铅笔/橡皮,pencil,B001ANVDMU,posca,5,This is his first time using anything other than a pencil or regular crayons and I’m so impressed with his skill!,Bought these for my 10 year old for Christmas. He has not put them down since. He is absolutely obsessed. This is his first time using anything other than a pencil or regular crayons and I’m so impressed with his skill! Can’t wait to see his artwork the more he gets used to them. Awesome! I was afraid these would be messy but they are not at all.
2672,2672_4,4,纸质媒介 (Paper & Pads),黑卡纸/本,black paper,B001ANVDMU,posca,5,Works great in black paper and the colours don't get absorbed as they look just as bright.,"This set took a bit to arrive and is a little pricey but it's totally worth it.  The colours are bright, rich and they don't bleed.  You can layer them and the top colour does not blend with the other colours.  Works great in black paper and the colours don't get absorbed as they look just as bright.  Just gorgeous.  Just get it!"
2732,2732_2,2,纸质媒介 (Paper & Pads),水彩纸/多媒体纸,mixed media paper,B001ANVDMU,posca,5,They work best on canvas material and they can be difficult to blend on regular sketch or mixed media paper but are super easy to blend on canvas.,I absolutely love my pens! They work best on canvas material and they can be difficult to blend on regular sketch or mixed media paper but are super easy to blend on canvas. Still I absolutely love these! I've used cheaper paint pens in the past and these are absolutely worth every penny!
2784,2784_1,1,纸质媒介 (Paper & Pads),水彩纸/多媒体纸,mixed media paper,B001ANVDMU,posca,5,"AMAZING!I originally bought these to paint a surfboard, and paint on acrylic and mixed media paper.","AMAZING!I originally bought these to paint a surfboard, and paint on acrylic and mixed media paper. I own both the PC-5 and PC-3 in the original set, and the natural set, as well as extra PC-1 for black.PROS: These don't leave marks like pens do. When you run over the same area multiple times, it will no leave lines. They last for a long time! (I bought my first set in early 2015, and can still use over 50% of that box. (I draw a lot!) The colors are beautiful too!CONS: They can be runny sometimes, I keep an extra pad next to me to check how fast the paint is coming out, and if it drips too much I just press it a few times until it is normal again. If you plan to paint on a surface that will be outdoor, or touched, you should put a covering on it. The first board I did, I went in the water without spraying some sort of sealant and it smeared.TIPS: If I want to blend color I use Q-Tips! Works like a charm! If I paint on a surfboard, I always used a hand sander with a very fine paper to have it stick a little better. If I paint on acrylic paper or canvas, I seal with Mod Podge, either Matte or Satin, and sometimes both."
2784,2784_8,8,表面保护 (Finishing & Protection),密封胶,sealant,B001ANVDMU,posca,5,"The first board I did, I went in the water without spraying some sort of sealant and it smeared.TIPS: If I want to blend color I use Q-Tips!","AMAZING!I originally bought these to paint a surfboard, and paint on acrylic and mixed media paper. I own both the PC-5 and PC-3 in the original set, and the natural set, as well as extra PC-1 for black.PROS: These don't leave marks like pens do. When you run over the same area multiple times, it will no leave lines. They last for a long time! (I bought my first set in early 2015, and can still use over 50% of that box. (I draw a lot!) The colors are beautiful too!CONS: They can be runny sometimes, I keep an extra pad next to me to check how fast the paint is coming out, and if it drips too much I just press it a few times until it is normal again. If you plan to paint on a surface that will be outdoor, or touched, you should put a covering on it. The first board I did, I went in the water without spraying some sort of sealant and it smeared.TIPS: If I want to blend color I use Q-Tips! Works like a charm! If I paint on a surfboard, I always used a hand sander with a very fine paper to have it stick a little better. If I paint on acrylic paper or canvas, I seal with Mod Podge, either Matte or Satin, and sometimes both."
2784,2784_11,11,表面保护 (Finishing & Protection),密封胶,mod podge,B001ANVDMU,posca,5,"If I paint on acrylic paper or canvas, I seal with Mod Podge, either Matte or Satin, and sometimes both.","AMAZING!I originally bought these to paint a surfboard, and paint on acrylic and mixed media paper. I own both the PC-5 and PC-3 in the original set, and the natural set, as well as extra PC-1 for black.PROS: These don't leave marks like pens do. When you run over the same area multiple times, it will no leave lines. They last for a long time! (I bought my first set in early 2015, and can still use over 50% of that box. (I draw a lot!) The colors are beautiful too!CONS: They can be runny sometimes, I keep an extra pad next to me to check how fast the paint is coming out, and if it drips too much I just press it a few times until it is normal again. If you plan to paint on a surface that will be outdoor, or touched, you should put a covering on it. The first board I did, I went in the water without spraying some sort of sealant and it smeared.TIPS: If I want to blend color I use Q-Tips! Works like a charm! If I paint on a surfboard, I always used a hand sander with a very fine paper to have it stick a little better. If I paint on acrylic paper or canvas, I seal with Mod Podge, either Matte or Satin, and sometimes both."
2786,2786_1,1,纸质媒介 (Paper & Pads),绘本/写生本,art journal,B001ANVDMU,posca,4,I like these pens a lot for my art journal.,"I like these pens a lot for my art journal. There is one problem for me, however. I live in Golden, Colorado at an altitude of 5800+ feet above sea level. When you pump the pen, the ink spurts out using about a full teaspoon of paint. I am assuming this is related to the elevated pressure at higher altitudes. I have learned to pump them in a palette well or other container or all that paint will splash everywhere including the art I am working on. If you have a solution, I would love to hear it."
2793,2793_3,3,纸质媒介 (Paper & Pads),绘本/写生本,art journal,B001ANVDMU,posca,5,"Highly recommend to any crafter, art journaler.","Great product!  Very happy with speed of shipping and delivery, came all the way from Japan in less than 3 weeks. Highly recommend to any crafter, art journaler. mixed media artist."
2795,2795_1,1,纸质媒介 (Paper & Pads),绘本/写生本,sketchbook,B001ANVDMU,posca,5,"Glides nicely along surfaces—tested it on plastic, the box itself, and the cover of my sketchbook.","Glides nicely along surfaces—tested it on plastic, the box itself, and the cover of my sketchbook. Once completely dry it’s pretty solid and retains color (at least on my sketchbook at the moment). Arrived timely with everything in tact."
2795,2795_2,2,纸质媒介 (Paper & Pads),绘本/写生本,sketchbook,B001ANVDMU,posca,5,Once completely dry it’s pretty solid and retains color (at least on my sketchbook at the moment).,"Glides nicely along surfaces—tested it on plastic, the box itself, and the cover of my sketchbook. Once completely dry it’s pretty solid and retains color (at least on my sketchbook at the moment). Arrived timely with everything in tact."
2809,2809_1,1,纸质媒介 (Paper & Pads),绘本/写生本,sketchbook,B001ANVDMU,posca,5,I liked that they worked very smoothly in my sketchbook.,I liked that they worked very smoothly in my sketchbook. The colours are very vibrant and they last long.
2838,2838_9,9,纸质媒介 (Paper & Pads),绘本/写生本,art journal,B001ANVDMU,posca,5,"I keep an art journal, and these write well over acrylics and watercolors on mixed media paper.","I had never used Posco paint pens before and now I am hooked.  Product arrived exactly how pictured and the box they are in is great to store them.  Check the size of the pen output and make sure you understand which one you are buying.  The whole thing with Posco pens is patience when opening.  The pen has a white tip.  Shake the pen and then hold the pen directly vertical, perpendicular to the paper.  Press down, and wait, wait, while the ink spreads through tip.  It may take longer than expected to prime, but these pens write smooth.  I keep an art journal, and these write well over acrylics and watercolors on mixed media paper.  I love how they add extra details and clean up messy lines around the paint.  I pair these with the fine line ones, and they are so fun to use on any paper."
2838,2838_9,9,纸质媒介 (Paper & Pads),水彩纸/多媒体纸,mixed media paper,B001ANVDMU,posca,5,"I keep an art journal, and these write well over acrylics and watercolors on mixed media paper.","I had never used Posco paint pens before and now I am hooked.  Product arrived exactly how pictured and the box they are in is great to store them.  Check the size of the pen output and make sure you understand which one you are buying.  The whole thing with Posco pens is patience when opening.  The pen has a white tip.  Shake the pen and then hold the pen directly vertical, perpendicular to the paper.  Press down, and wait, wait, while the ink spreads through tip.  It may take longer than expected to prime, but these pens write smooth.  I keep an art journal, and these write well over acrylics and watercolors on mixed media paper.  I love how they add extra details and clean up messy lines around the paint.  I pair these with the fine line ones, and they are so fun to use on any paper."
2865,2865_2,2,表面保护 (Finishing & Protection),亮油/保护喷雾,clear coat,B001ANVDMU,posca,5,"The background was done with acrylic paint, then clear coated, then moved on to the markers.","These are the absolute best. The background was done with acrylic paint, then clear coated, then moved on to the markers. They came out vibrant, and were so much fun to work with. I’ll never purchase another brand, these are perfect."
2902,2902_5,5,表面保护 (Finishing & Protection),亮油/保护喷雾,clear coat,B001ANVDMU,posca,5,I added a clear coat to protect the finish.,These pens are everything I'd heard about and I love them. The tip makes nice dots and the color is opaque. The colors even cover if you don't love exactly what you've already done. I also reviewed the Extra Fine Point and use these two packs together. I added a clear coat to protect the finish. Cleans up well with water and is color fast when dry. Very nice.
3006,3006_2,2,表面保护 (Finishing & Protection),亮油/保护喷雾,varnish,B001ANVDMU,posca,5,"They are opaque, dry quickly and have proven to be very durable and stable under Kamar varnish.","I do mixed media pieces and use these paints to add brightness and clarity to my work. They are opaque, dry quickly and have proven to be very durable and stable under Kamar varnish. The set is a good value as they seem to last a long time. I keep the markers sealed in a plastic canister to prevent drying. Five stars!"
3027,3027_3,3,纸质媒介 (Paper & Pads),绘本/写生本,sketchbook,B001ANVDMU,posca,4,"They are liquid and will warp thinner papers, including most sketchbook pages.","These paint markers are an extremely fun medium to work with. However, I do recommend getting a thicker-than-normal paper/surface if you want to use them. They are liquid and will warp thinner papers, including most sketchbook pages. A water-color sketchbook or a canvas seems like the best bet for these markers. Occasionally, the paint markers also produce small globs of what I assume is unblended paint, or fibers from the paper, but it isn't impossible to work around this."
3027,3027_4,4,纸质媒介 (Paper & Pads),绘本/写生本,sketchbook,B001ANVDMU,posca,4,A water-color sketchbook or a canvas seems like the best bet for these markers.,"These paint markers are an extremely fun medium to work with. However, I do recommend getting a thicker-than-normal paper/surface if you want to use them. They are liquid and will warp thinner papers, including most sketchbook pages. A water-color sketchbook or a canvas seems like the best bet for these markers. Occasionally, the paint markers also produce small globs of what I assume is unblended paint, or fibers from the paper, but it isn't impossible to work around this."
3114,3114_3,3,表面保护 (Finishing & Protection),亮油/保护喷雾,sealer,B001ANVDMU,posca,5,I sprayed clear sealer on after it dries and to make it shiney.,Wow wish I had a hundred differant colors of these so easy and fun to use. I have painted several art projects. I sprayed clear sealer on after it dries and to make it shiney. They have no smell and work fast and dry fast. Colors are a milky pastel not vivid.
3196,3196_5,5,表面保护 (Finishing & Protection),亮油/保护喷雾,clear coat,B001ANVDMU,posca,5,Does anybody know of a good clear coat for my final project painted on top of spray painted wood?,"Better then the fine point, these work great.  Nice thick line, and almost never need a second coat with these.  When paining broad  areas, press the tip in a few times, and the paint will flow nicely between the pen strokes.  Dry fast, but sometimes a bit chalky.  Does anybody know of a good clear coat for my final project painted on top of spray painted wood?"
3206,3206_1,1,辅助与创意 (Tools & Accessories),镂空模板,stencils,B001ANVDMU,posca,5,"I use these in all of my mixed media projects, they're really nice with stencils.","I use these in all of my mixed media projects, they're really nice with stencils. Great big spots of color, heavy and  very opaque - I also don't like the smell of regular paint pens so these work beautifully. Highly recommended !  if you're using them with an alcohol ink such as cough it's her Christmas colors make sure you understand that the alcohol will dilute the water-based paint and mix with it smudging it. They are much better to go over a previously dried alcohol inks"
3246,3246_4,4,表面保护 (Finishing & Protection),亮油/保护喷雾,clear coat,B001ANVDMU,posca,5,Coats well and is permanent when dry - although I suggest clear coating anything used often and to seal in the design.,Great for ceramic and glass. Used to make glass globe ornaments. The beveled tip is perfect and allows thick or thin lines and a slight point too. Coats well and is permanent when dry - although I suggest clear coating anything used often and to seal in the design.
3275,3275_2,2,纸质媒介 (Paper & Pads),重磅马克笔纸,thick paper,B001ANVDMU,posca,3,Good product for thick paper though,Not the right product for the project I had in mind. Good product for thick paper though
3329,3329_4,4,涂色与创作 (Coloring & Greeting),贺卡/信封,envelopes,B001ANVDMU,posca,5,I used it to decorate the envelopes for my pen pals and it worked nicely.,These are not bad. You cant really blend the colors so thats something I'll have to learn to get used to. Its nice for writing and rock painting. I used it to decorate the envelopes for my pen pals and it worked nicely.
3342,3342_10,10,勾线与细节 (Detailing & Outlining),铅笔/橡皮,pencil,B001ANVDMU,posca,5,Best thing that's happened to me as an artist since I first put pencil to paper.,"Love these things. Bought all the sizes from each set of 15. I'm drawing on everything that has a surface. It's paint, but in a pen. No mess!! No clean up. Ugh, love it! And it was delivered so fast! My God. Best thing that's happened to me as an artist since I first put pencil to paper. Non refillable, water based, safe n fun, colors stay bright. If you do work and want to protect it, spray some Krylon on the artwork. Polyurethane or gloss to varnish. I'm buying more.....for life....my KIDS kids are gonna use this stuff. And nobody really knows about it yet. Visit posca.com and YouTube for FAQs and details."
3342,3342_13,13,表面保护 (Finishing & Protection),亮油/保护喷雾,varnish,B001ANVDMU,posca,5,Polyurethane or gloss to varnish.,"Love these things. Bought all the sizes from each set of 15. I'm drawing on everything that has a surface. It's paint, but in a pen. No mess!! No clean up. Ugh, love it! And it was delivered so fast! My God. Best thing that's happened to me as an artist since I first put pencil to paper. Non refillable, water based, safe n fun, colors stay bright. If you do work and want to protect it, spray some Krylon on the artwork. Polyurethane or gloss to varnish. I'm buying more.....for life....my KIDS kids are gonna use this stuff. And nobody really knows about it yet. Visit posca.com and YouTube for FAQs and details."
3382,3382_1,1,勾线与细节 (Detailing & Outlining),铅笔/橡皮,pencil,B001ANVDMU,posca,5,"I needed grey,and peach color but I had already used pencil but it came out nice ig.","I needed grey,and peach color but I had already used pencil but it came out nice ig."
3441,3441_8,8,纸质媒介 (Paper & Pads),黑卡纸/本,black paper,B001ANVDMU,posca,5,"It was really fun to experiment with them on black paper (all the colors show up great, though the white needed an extra layer over the first to be completely opaque).","I love these! It has been my first experience using paint pens, and I plan to buy more. I use them mainly in mixed media drawing, though I've also used them to label planters for my container garden and various household items. I haven't had any problems with them drying out, even after being left on my desk unused for a month or two at a time. Some of the pens spurt out profuse amounts of paint when you press the tip in, but I've only had this issue with 3 of them. I just make sure to use a scrap piece of paper to test them while they're in use and use the leaky ones with caution as once you blot them they still mark just fine. They draw splendidly and I love how the paint sticks to most surfaces.I'm not sure what the paint is, but it layers over dry media just fine. It was really fun to experiment with them on black paper (all the colors show up great, though the white needed an extra layer over the first to be completely opaque). I can use it with a layer of fixative over pastels, without the fixative the tips tend to pick up the pigment and it takes a while to get it off. The medium points work well for filling in the designs I do, though I want to get some finer points for more detailed work and lettering. I can't read the instructions, so to be safe I shook them for five minutes before the first use and two minutes before using them when they have been sitting a while, giving them a good shake before I reload the tip during use. I also always store them tip up in the box on top of my desk.I look forward to picking up some more colors and tip sizes! They're quite addictive and I love the bright colors."
3441,3441_9,9,表面保护 (Finishing & Protection),亮油/保护喷雾,fixative,B001ANVDMU,posca,5,"I can use it with a layer of fixative over pastels, without the fixative the tips tend to pick up the pigment and it takes a while to get it off.","I love these! It has been my first experience using paint pens, and I plan to buy more. I use them mainly in mixed media drawing, though I've also used them to label planters for my container garden and various household items. I haven't had any problems with them drying out, even after being left on my desk unused for a month or two at a time. Some of the pens spurt out profuse amounts of paint when you press the tip in, but I've only had this issue with 3 of them. I just make sure to use a scrap piece of paper to test them while they're in use and use the leaky ones with caution as once you blot them they still mark just fine. They draw splendidly and I love how the paint sticks to most surfaces.I'm not sure what the paint is, but it layers over dry media just fine. It was really fun to experiment with them on black paper (all the colors show up great, though the white needed an extra layer over the first to be completely opaque). I can use it with a layer of fixative over pastels, without the fixative the tips tend to pick up the pigment and it takes a while to get it off. The medium points work well for filling in the designs I do, though I want to get some finer points for more detailed work and lettering. I can't read the instructions, so to be safe I shook them for five minutes before the first use and two minutes before using them when they have been sitting a while, giving them a good shake before I reload the tip during use. I also always store them tip up in the box on top of my desk.I look forward to picking up some more colors and tip sizes! They're quite addictive and I love the bright colors."
3484,3484_3,3,纸质媒介 (Paper & Pads),水彩纸/多媒体纸,watercolor paper,B001ANVDMU,posca,5,I recommend getting watercolor paper because it is thicker and can hold more paint and layers that regular paper but both work!!,Posca pens are super cool and super useful they can literally go over anything on there used to be ugly red flowers on my thing to hold the canvas and the Posca went right over it. I tried it on rocks to and the colors are super vibrant. I recommend getting watercolor paper because it is thicker and can hold more paint and layers that regular paper but both work!!
3507,3507_3,3,纸质媒介 (Paper & Pads),绘本/写生本,sketchbook,B001ANVDMU,posca,4,"(We were using a standard multiuse sketchbook, and the alcohol markers the girls were also using showed more than these.) Would love to get more in a variety of colors.","Bought these for my teen daughters based on a recommendation from a MOMA blog, and was not disappointed. I love how they look almost 3D when wet, but when dry can be layered and do NOT bleed through the paper. (We were using a standard multiuse sketchbook, and the alcohol markers the girls were also using showed more than these.) Would love to get more in a variety of colors."
3539,3539_3,3,表面保护 (Finishing & Protection),亮油/保护喷雾,sealer,B001ANVDMU,posca,4,I'm wondering if anyone has ever experienced the colors (particularity black) smear when applying a sealer.,Love the pens- easy to use and colors are very bright! Use them for rock painting - However.... I'm wondering if anyone has ever experienced the colors (particularity black) smear when applying a sealer. I waited 24hrs after painting to apply sealer and it still smeared 😞
3539,3539_4,4,表面保护 (Finishing & Protection),亮油/保护喷雾,sealer,B001ANVDMU,posca,4,I waited 24hrs after painting to apply sealer and it still smeared 😞,Love the pens- easy to use and colors are very bright! Use them for rock painting - However.... I'm wondering if anyone has ever experienced the colors (particularity black) smear when applying a sealer. I waited 24hrs after painting to apply sealer and it still smeared 😞
3550,3550_2,2,表面保护 (Finishing & Protection),密封胶,sealant,B001ANVDMU,posca,5,"We had bought ""Artiqo"" pens for a work project, and were disappointed that the colors ran together when sprayed with sealant.","Love the uni-posca pens for rock painting. We had bought ""Artiqo"" pens for a work project, and were disappointed that the colors ran together when sprayed with sealant. Then I got this set for Christmas. We had no issues at all with the uni-posca pens. Colors are beautiful, they don't run, and the pens seem to last longer, as well. This is definitely my go-to pen from now on."
3553,3553_3,3,纸质媒介 (Paper & Pads),绘本/写生本,sketchbook,B001ANVDMU,posca,5,I went crazy drawing on all the covers of my sketchbook.,"Found these on tiktok and i've been obsessed!! These marker pens literally work on anything! I went crazy drawing on all the covers of my sketchbook. I even included a photo of one of the pages IN my sketchbook using only the POSCA marker pens. The drawing took over 1 hour in one sitting because of having to wait for every layer to dry but that's normal when using paint. If the marker tip is very liquidy it can shave off the page (if that makes sense)  and create texture so you'd have to very patient when doing detailed work. Honestly, this was worth every penny.. i.. cant... stop... drawing... on EVERYTHING!!Protip: dont swing the markers around.. you'll get paint spots in places you dont expect. I learned my lesson haha"
3553,3553_4,4,纸质媒介 (Paper & Pads),绘本/写生本,sketchbook,B001ANVDMU,posca,5,I even included a photo of one of the pages IN my sketchbook using only the POSCA marker pens.,"Found these on tiktok and i've been obsessed!! These marker pens literally work on anything! I went crazy drawing on all the covers of my sketchbook. I even included a photo of one of the pages IN my sketchbook using only the POSCA marker pens. The drawing took over 1 hour in one sitting because of having to wait for every layer to dry but that's normal when using paint. If the marker tip is very liquidy it can shave off the page (if that makes sense)  and create texture so you'd have to very patient when doing detailed work. Honestly, this was worth every penny.. i.. cant... stop... drawing... on EVERYTHING!!Protip: dont swing the markers around.. you'll get paint spots in places you dont expect. I learned my lesson haha"
3604,3604_1,1,涂色与创作 (Coloring & Greeting),成人涂色书,coloring book,B001ANVDMU,posca,5,"I just received these yesterday, and I did a color test on the blank pages of one of the coloring books that I have, no bleed through, but also take in mind, these are water based.","I just received these yesterday, and I did a color test on the blank pages of one of the coloring books that I have, no bleed through, but also take in mind, these are water based.  And yes, go to Posca website for more info, it is a fabulous resource! I would compare the point on the med posca toa sharpie that you have used a couple of times.  Colors are opaque."
3692,3692_1,1,纸质媒介 (Paper & Pads),绘本/写生本,sketchbook,B001ANVDMU,posca,5,"Kids’ favorite Easter present, clean and easy way to paint, the black page sketchbook a must with these, lasts longer than I thought they would, so many different ways to use them, will be a return buyer!","Kids’ favorite Easter present, clean and easy way to paint, the black page sketchbook a must with these, lasts longer than I thought they would, so many different ways to use them, will be a return buyer!"
3725,3725_3,3,表面保护 (Finishing & Protection),亮油/保护喷雾,clear coat,B001ANVDMU,posca,5,Seal with clear coat,Ise thes to add color to my surfboards. They work perfect. Seal with clear coat
3727,3727_1,1,纸质媒介 (Paper & Pads),重磅马克笔纸,thick paper,B001ANVDMU,posca,5,"Used it to write/draw on thick papers, metal and wood.","Used it to write/draw on thick papers, metal and wood. Dries fast. Does not leak, unless you press for a very long time.Long lasting tip."
3745,3745_1,1,表面保护 (Finishing & Protection),亮油/保护喷雾,varnish,B001ANVDMU,posca,2,"Beware, used these to embellish an acrylic painting, waited a few days to varnish and when I did the black smeared.","Beware, used these to embellish an acrylic painting, waited a few days to varnish and when I did the black smeared. Not permanent like acrylic or oil."
3776,3776_3,3,纸质媒介 (Paper & Pads),绘本/写生本,art journal,B001ANVDMU,posca,5,Full coverage over all my art journaling and mixed media!,WOW! I am in love with these markers! Full coverage over all my art journaling and mixed media!
3794,3794_3,3,纸质媒介 (Paper & Pads),黑卡纸/本,black paper,B001ANVDMU,posca,4,"I tried using them with my regular sketchbook, kraft paper, black paper, and other cardstocks and passing over an area more than once, the nibs scratched away the fibers of the paper.","Bright colors, the paint dries quickly, and colors layer together beautifully. My one disappointment was how easily the markers seem to ""eat"" some papers. I tried using them with my regular sketchbook, kraft paper, black paper, and other cardstocks and passing over an area more than once, the nibs scratched away the fibers of the paper. Same thing happened on wood. Very annoying, as the bits of paper stuck to the nibs and had to be picked off with tweezers. It did fine on bristol paper, cardboard, primed canvas, and glossy surfaces. Overall, I would definitely buy these again (and I plan to!) because they're bright, have great coverage, and are incredibly versatile."
3794,3794_3,3,纸质媒介 (Paper & Pads),绘本/写生本,sketchbook,B001ANVDMU,posca,4,"I tried using them with my regular sketchbook, kraft paper, black paper, and other cardstocks and passing over an area more than once, the nibs scratched away the fibers of the paper.","Bright colors, the paint dries quickly, and colors layer together beautifully. My one disappointment was how easily the markers seem to ""eat"" some papers. I tried using them with my regular sketchbook, kraft paper, black paper, and other cardstocks and passing over an area more than once, the nibs scratched away the fibers of the paper. Same thing happened on wood. Very annoying, as the bits of paper stuck to the nibs and had to be picked off with tweezers. It did fine on bristol paper, cardboard, primed canvas, and glossy surfaces. Overall, I would definitely buy these again (and I plan to!) because they're bright, have great coverage, and are incredibly versatile."
3929,3929_4,4,纸质媒介 (Paper & Pads),绘本/写生本,art journal,B001ANVDMU,posca,5,"I love to use them in my art journals, especially for those finishing details.👍🏻","Great product! If you’ve ever used Posca pens, you know how great they are. If you haven’t, you should try them. I love to use them in my art journals, especially for those finishing details.👍🏻"
3939,3939_1,1,辅助与创意 (Tools & Accessories),火漆/装饰,wax seal,B001ANVDMU,posca,3,I wanted these to color designs on wax seals.,"I wanted these to color designs on wax seals. These tips are way too big, and paint/ink cones out way too fast. AND they are NOT returnable. Why not????? At least I bought them on sale. I’ll see how the 3m tip works out."
3953,3953_1,1,纸质媒介 (Paper & Pads),绘本/写生本,art journal,B001ANVDMU,posca,5,Great Markers for Art Journaling and Mixed Media.,"Great  Markers for Art Journaling and Mixed Media.  They work on most Mediums.. Gesso, Mod Podge, Acrylic Paints etc.  Very Very Good Product.  Be sure to shake the marker to bring the ink down to the tip.  These are great because they don't leave a Puddle !!!!  Excellent Coverage!  I will always buy these in the future.  No more searching around for the right marker  - I found it!!"
3953,3953_3,3,表面保护 (Finishing & Protection),密封胶,mod podge,B001ANVDMU,posca,5,"Gesso, Mod Podge, Acrylic Paints etc.","Great  Markers for Art Journaling and Mixed Media.  They work on most Mediums.. Gesso, Mod Podge, Acrylic Paints etc.  Very Very Good Product.  Be sure to shake the marker to bring the ink down to the tip.  These are great because they don't leave a Puddle !!!!  Excellent Coverage!  I will always buy these in the future.  No more searching around for the right marker  - I found it!!"
3981,3981_2,2,表面保护 (Finishing & Protection),亮油/保护喷雾,sealer,B001ANVDMU,posca,5,I use them for painting rocks for my local group and they do not bleed and hold up well to being sprayed with sealer.,These have worked great for me and so fun to use! I use them for painting rocks for my local group and they do not bleed and hold up well to being sprayed with sealer.
4061,4061_9,9,勾线与细节 (Detailing & Outlining),铅笔/橡皮,pencil,B001ANVDMU,posca,4,The only negative is I pencil my artwork first and some of the lighter colors don't cover pencil well.,"Fist time posca pen user. I have used other paint pens and I will tell you these blow those out of the water. The nib on these pens feels amazing to me next to the quality of paint that's the most important thing. The paint while bright and vibrant some colors are more opac than others. Blacks, greens blues will cover a color no problem. Whites yellows and oranges will take a few coats to go over a color.  If you use anyother paint pen other than posca stop. Trust me you won't regret it.  The only negative is I pencil my artwork first and some of the lighter colors don't cover pencil well. Especially white I had to do 3 or 4 coats sometimes more to cover up pencil, althogh having a eraser will help alleviate that issue."
4061,4061_10,10,勾线与细节 (Detailing & Outlining),铅笔/橡皮,pencil,B001ANVDMU,posca,4,"Especially white I had to do 3 or 4 coats sometimes more to cover up pencil, althogh having a eraser will help alleviate that issue.","Fist time posca pen user. I have used other paint pens and I will tell you these blow those out of the water. The nib on these pens feels amazing to me next to the quality of paint that's the most important thing. The paint while bright and vibrant some colors are more opac than others. Blacks, greens blues will cover a color no problem. Whites yellows and oranges will take a few coats to go over a color.  If you use anyother paint pen other than posca stop. Trust me you won't regret it.  The only negative is I pencil my artwork first and some of the lighter colors don't cover pencil well. Especially white I had to do 3 or 4 coats sometimes more to cover up pencil, althogh having a eraser will help alleviate that issue."
4072,4072_2,2,表面保护 (Finishing & Protection),亮油/保护喷雾,varnish,B001ANVDMU,posca,5,"Longlasting for the price, work well on wood, glass, rocks, but need a varnish spray to protect.","I've tried all brands of paint markers and now only use Uni Posca pens (in three sizes - PC 1M, PC 3M, PC 5M). Longlasting for the price, work well on wood, glass, rocks, but need a varnish spray to protect."
4079,4079_2,2,纸质媒介 (Paper & Pads),重磅马克笔纸,marker paper,B001ANVDMU,posca,5,best on marker paper.,"Great for the price, pretty even consistency. best on marker paper."
4132,4132_3,3,表面保护 (Finishing & Protection),亮油/保护喷雾,clear coat,B001ANVDMU,posca,5,Had to light sand for the paint to stick and clear coated with a Shellac Spray that is non-toxic / hypoallergenic.,Used these paint markers on my sons cranial helmet and I couldn't be happier. They work great! Had to light sand for the paint to stick and clear coated with a Shellac Spray that is non-toxic / hypoallergenic.
4163,4163_3,3,勾线与细节 (Detailing & Outlining),铅笔/橡皮,rubber,B001ANVDMU,posca,4,I have used them on Apple Watch bands (rubber/silicone) to customize them and they have turned out GREAT!,"Seen quite a few Youtubers use these markers on different crafts so I took the plunge. While I was baffled by the price point the markers are of great quality. I have used them on Apple Watch bands (rubber/silicone) to customize them and they have turned out GREAT! Just have to make sure they are completely dry before trying to wear, lol ended up with my doodles on my hands and wrist. Might also invest in some sort of spray to lock it in as well. I digress though! Lol These markers are GREAT!"
4166,4166_7,7,表面保护 (Finishing & Protection),亮油/保护喷雾,sealer,B001ANVDMU,posca,5,All I need to do is apply sealer!,"Using them for rock painting.  Accidentally order these when I wanted the extra-fine tip.  My mistake, so I kept them.  Pleasantly surprised on how well they work on larger detail work!  I did the rocks below  in about 10 minutes for BOTH of them!  Added some glitter paint for accenting & was done.  All I need to do is apply sealer!"
4170,4170_3,3,表面保护 (Finishing & Protection),亮油/保护喷雾,sealer,B001ANVDMU,posca,5,Let the paint dry for 8-10 hours before you apply sealer.,Nice pens. I paint rocks and these come in handy. Let the paint dry for 8-10 hours before you apply sealer.
4171,4171_4,4,纸质媒介 (Paper & Pads),水彩纸/多媒体纸,mixed media paper,B001ANVDMU,posca,5,They do eat through paper like crazy so go with a sturdier heavy weight mixed media paper is you do choose to use these on paper,"These are awesome! I love the opacity of these markers and the ability to layer over anything with ease. The are a bit of a pain to activate but once you get it, it’s smooth sailing. They do eat through paper like crazy so go with a sturdier heavy weight mixed media paper is you do choose to use these on paper"
4184,4184_2,2,表面保护 (Finishing & Protection),亮油/保护喷雾,clear coat,B001ANVDMU,posca,5,"Used to color my phone case, I would buy some type of clear coat for something like that.","Easy to use. Used to color my phone case, I would buy some type of clear coat for something like that. Chipped a bit. Still really nice and easy to use. Colors are nice and vibrant."
4201,4201_4,4,表面保护 (Finishing & Protection),亮油/保护喷雾,varnish,B001ANVDMU,posca,5,Beware of varnish -- colors bled.Would be nice if English information was included on the box.,"I enjoy using these for simple pictures because the make less mess, easy to prepare and clean up.  This is good set at a good price (24.22 when I bought it). It dries very flat looking, not glossy at all -- which you may or may not like.  Beware of varnish -- colors bled.Would be nice if English information was included on the box. Info that should be included is: What do I call this media if it isn't ink and it isn't acrylic? Varnish put on with a brush may cause bleeding -- what kind of varnish to use? Toxicity? How permanent is it?  Do I need to shake the pens before use?  Do they need to be stored upright?"
4201,4201_6,6,表面保护 (Finishing & Protection),亮油/保护喷雾,varnish,B001ANVDMU,posca,5,Varnish put on with a brush may cause bleeding -- what kind of varnish to use?,"I enjoy using these for simple pictures because the make less mess, easy to prepare and clean up.  This is good set at a good price (24.22 when I bought it). It dries very flat looking, not glossy at all -- which you may or may not like.  Beware of varnish -- colors bled.Would be nice if English information was included on the box. Info that should be included is: What do I call this media if it isn't ink and it isn't acrylic? Varnish put on with a brush may cause bleeding -- what kind of varnish to use? Toxicity? How permanent is it?  Do I need to shake the pens before use?  Do they need to be stored upright?"
4369,4369_4,4,纸质媒介 (Paper & Pads),绘本/写生本,sketchbook,B001ANVDMU,posca,5,I really like that I can draw on other stuff than paper like my new sketchbook cover.,"These are pretty sweet. My complaints would be the white one is difficult to shake it takes a while for it to work, and the lighter colors sometimes are watery. But those are only two cons out of all the positives these are very good reputable paint markers. I really like that I can draw on other stuff than paper like my new sketchbook cover. I definitely recommend, although I would try to get them on sale or as a gift just cause they have gone up in price a little bit."
4415,4415_7,7,纸质媒介 (Paper & Pads),水彩纸/多媒体纸,watercolor paper,B001ANVDMU,posca,4,"Just lay down some blocks of color side by side on some scrap canvas or watercolor paper.Also, I have tried 3 other brands of acrylic paint pens.","As usual, these Uni-Posca paint pens perform superbly.  The only issue I have with these 5M markers is that the orange does not match the orange in the1M or 3M  pens.  It is ""closer"" to the ""light orange"" in the other set than it is to the orange. The pen cap matches the orange caps on the other sets, so I was kinda bummed about that. On the plus side, I guess I have 3 shades of orange now because I doubt the seller will replace it.The other colors all matched the 1M and 3M sets perfectly. I check all pens when they arrive and I recommend you do the same BEFORE you intermix you sets.  Just lay down some blocks of color side by side on some scrap canvas or watercolor paper.Also, I have tried 3 other brands of acrylic paint pens. The Uni-Posca pens outperform most brands.  Unless you want to spend $9-$12 PER PEN, the Uni-Posca pens are the way to go. Granted, the color selection is limited compared to the high-end paint pens, but you can supplement the Uni-Posca pens with those if necessary.ALSO, if you have a limited budget, stick with multiple sets of the Uni-Poscas, open the pens, and ""adjust"" the color with your own paint.  Just apply the adjusted color to the caps so you can readily see your new color while working with the pens. Let's face it, $30 for 15 pens you can ""adjust"" is a much better bargain than 15 pens that will cost you $150-$200. 👍😎BTW, the pens arrived in 4 days which was unexpected."
4462,4462_9,9,表面保护 (Finishing & Protection),亮油/保护喷雾,varnish,B001ANVDMU,posca,4,"After you're done painting, use an acrylic clear quote varnish to protect the paint from peeling off.","These acrylic based opaque markers are sheer delight for any artist to paint over any type of surface. I painted over my shoes, laptop and Instax camera reel box so far. Extremely delighted, worth your money. Tips: Shake well before use. Press the nib a few times over a flat surface to activate the markers and fill the tip with ink. Store them horizontally for better life of the markers. Don't forget to scrape off the industrial gloss from the surface of any glossy product,before applying the paint, in case you want to customise them with your artwork. For this, you can use a sandpaper or liquid spirit/nailpolish remover. After you're done painting, use an acrylic clear quote varnish to protect the paint from peeling off."
4508,4508_1,1,表面保护 (Finishing & Protection),亮油/保护喷雾,clear coat,B001AS6P4G,posca,1,Black will turn light grey and run if you apply clear coat over…but overall great set if you’re throwing down in the black book 🤟🏾,Black will turn light grey and run if you apply clear coat over…but overall great set if you’re throwing down in the black book 🤟🏾
4516,4516_2,2,纸质媒介 (Paper & Pads),绘本/写生本,art journal,B001AS6P4G,posca,5,"As a frame of reference, I am starting my first art journal.","I am a person who just likes to doodle.  As a frame of reference, I am starting my first art journal.  So beginner right?  Now that we have that out of the way.  These things are awesome.  The paint flows out smoothly.  I got these to do bold-opaque backgrounds.  And they do it perfectly.  Yes, I'm super-duper happy with my purchase."
4600,4600_5,5,表面保护 (Finishing & Protection),亮油/保护喷雾,sealer,B001AS6P4G,posca,5,"Items can be sealed with acrylic sealer and preserved....for example we’ve painted on rocks, sealed, and made wearable rock pendants.","I have ordered these several times in different sizes as they are best acrylic paint pens ever.  My grandchildren and I use them on canvas, rocks, wood and paper.  Our creativity is unlimited and we have so much fun.  I don’t worry about mess, as clean up with water is all that’s needed.  Items can be sealed with acrylic sealer and preserved....for example we’ve painted on rocks, sealed, and made wearable rock pendants.  Soooooo easy to use.  Highly recommend.  Get some in all sizes and enjoy creating masterpieces with your kids and grandkids."
4600,4600_5,5,表面保护 (Finishing & Protection),密封胶,acrylic sealer,B001AS6P4G,posca,5,"Items can be sealed with acrylic sealer and preserved....for example we’ve painted on rocks, sealed, and made wearable rock pendants.","I have ordered these several times in different sizes as they are best acrylic paint pens ever.  My grandchildren and I use them on canvas, rocks, wood and paper.  Our creativity is unlimited and we have so much fun.  I don’t worry about mess, as clean up with water is all that’s needed.  Items can be sealed with acrylic sealer and preserved....for example we’ve painted on rocks, sealed, and made wearable rock pendants.  Soooooo easy to use.  Highly recommend.  Get some in all sizes and enjoy creating masterpieces with your kids and grandkids."
4656,4656_4,4,纸质媒介 (Paper & Pads),黑卡纸/本,black cardstock,B001AS6P4G,posca,5,I finished them with a quick spray of poly acrylic spray paint so it wouldn't run or smear and it lasted a very long time.I've attached a photo of a fun little craft project I did with black cardstock.,"I really love Uni-POSCA paint markers!  I got these in a bold chisel tip so I could make signs for a school carnival. I was able to get bold and gorgeously opaque coloring that really stood out on a black background. I finished them with a quick spray of poly acrylic spray paint so it wouldn't run or smear and it lasted a very long time.I've attached a photo of a fun little craft project I did with black cardstock. The colors layer very well as long as you let them dry completely between layers. They do dry quickly so it makes blending hard. If you want a soft blended look acrylic paint is better than these paint pens.Lettering with these is a breeze and since it's a chisel tip you can get varying line widths depending on how you hold the markers. It does take a little while to get the ink flowing. I do all of the colors as soon as I get it so that I'm not wasting time getting the ink to flow in the middle of a project. I wish some colors like the white and peach were more opaque. The white, as pictured, leaves marker strokes which I don't like. Overall this is a great set though! Will be buying thes for life."
4724,4724_2,2,表面保护 (Finishing & Protection),亮油/保护喷雾,sealer,B001AS6P4G,posca,5,I used the to decorate my yard art (I applied a coat of outdoor sealer) and they work fantastically.,These paint markers do the job.  I used the to decorate my yard art (I applied a coat of outdoor sealer) and they work fantastically.
4764,4764_12,12,辅助与创意 (Tools & Accessories),火漆/装饰,stamps,B001AS6P4G,posca,5,Another thing I did test though was using it to ink up some home made stamps made of craft foam.,"I tested these out last evening and they all worked fine.  When each one is activated, you do have to press down on the tip, a half dozen times or so, before the paint begins to flow.  I played around a bit, and was very happy with them.  There wasn't any noticeable shift in color when dry.  Do be sure  any paint is dry before you go over it with another color though.  Otherwise you will get the first color on the tip of the new color pen.  This happened to me.  I quickly released more color; dabbed at the tip with a wet paper towel, and it cleaned up fine.  I would use another blending tool, if you like to blend when you paint.  I am not a blender/painter, so I didn't test that out.  Another thing I did test though was using it to ink up some home made stamps made of craft foam.  They worked beautifully for that application.  These will be great for art journaling.  Because all of the information was in another language, I do not have any idea of the lightfast ratings.  I would not use them in any fine art pieces.  The pigment load seems good though, and as mentioned before; dry true to color."
4764,4764_14,14,纸质媒介 (Paper & Pads),绘本/写生本,art journal,B001AS6P4G,posca,5,These will be great for art journaling.,"I tested these out last evening and they all worked fine.  When each one is activated, you do have to press down on the tip, a half dozen times or so, before the paint begins to flow.  I played around a bit, and was very happy with them.  There wasn't any noticeable shift in color when dry.  Do be sure  any paint is dry before you go over it with another color though.  Otherwise you will get the first color on the tip of the new color pen.  This happened to me.  I quickly released more color; dabbed at the tip with a wet paper towel, and it cleaned up fine.  I would use another blending tool, if you like to blend when you paint.  I am not a blender/painter, so I didn't test that out.  Another thing I did test though was using it to ink up some home made stamps made of craft foam.  They worked beautifully for that application.  These will be great for art journaling.  Because all of the information was in another language, I do not have any idea of the lightfast ratings.  I would not use them in any fine art pieces.  The pigment load seems good though, and as mentioned before; dry true to color."
4867,4867_2,2,勾线与细节 (Detailing & Outlining),铅笔/橡皮,pencil,B001AS6P4G,posca,5,"Beautiful colors, though a little impractical for large sections of block color (strokes marks are pretty visible and not opaque enough to color over pencil with one layer).","Needed these for a mural, worked just as described. Beautiful colors, though a little impractical for large sections of block color (strokes marks are pretty visible and not opaque enough to color over pencil with one layer). Overall if you need a substitute to loose paint this is the go-to for me, the best paint marker by far."
4894,4894_3,3,纸质媒介 (Paper & Pads),绘本/写生本,sketchbook,B001AS6P4G,posca,5,"I used them in my sketchbook and as long as I didn't go over the same area too many times, the paper did not bead up (which may also just be the fibers of the chisel tip).","I seriously had lots of fun using these markers. They lay down lots of smooth, saturated color. I used them in my sketchbook and as long as I didn't go over the same area too many times, the paper did not bead up (which may also just be the fibers of the chisel tip). Some colors are more opaque than others. Super glad I got these, as I really did enjoy myself! 😊 Have fun, happy coloring!"
4903,4903_6,6,表面保护 (Finishing & Protection),亮油/保护喷雾,clear coat,B001AS6P4G,posca,5,Several light coats of a matte acrylic clear coat will ensure permanency as well for long term archival of projects.,"This is about as good as it gets for a high quality acrylic water based marker. I've used and abused many high quality acrylic markers and nothing compares to the Uni-POSCA PC series for quality versus price. Posca ink is world renowned for it's silky smooth, slightly chalky finish, not to mention the high opacity.These markers are excellent on paper, canvas, wood, plastic, glass, or metal, and just about any smooth dry surface can be painted. Really smooth surfaces such as plastic may need a slight scuffing with a high grit sandpaper to ensure proper paint adherence. Rough surfaces will work in some cases, but tend to eat up the nib and require more ink for complete coverage.One coat is usually suffice, but I like to apply two coats to smooth out any uneven areas, with at least ten minutes of drying time between coats. Several light coats of a matte acrylic clear coat will ensure permanency as well for long term archival of projects."
4914,4914_5,5,纸质媒介 (Paper & Pads),黑卡纸/本,dark paper,B001AS6P4G,posca,5,They don't show up well even on dark paper.,"I love this. Easy to use. Bold colors. Great for anchor charts The white, grey and those pastels make no sense though. They don't show up well even on dark paper. The pink and light green will show on paper of a certain color."
4923,4923_5,5,表面保护 (Finishing & Protection),亮油/保护喷雾,varnish,B001AS6P4G,posca,3,"I had to paint over every pen line with a matte varnish to prevent my ""permanent"" art from washing off the board along with the chalk.","I ordered these paint pens to do permanent artwork on a chalk wall, meant to be interactive chalk art.  (Able to wipe with a damp cloth to remove chalk but leave the permanent painted art remaining)I am not sure if these pens are ADVERTISED as permanent, but they are not - at least not on the chalk wall I was working on.  While the ease of use was FABULOUS - they worked far better than the other brand of paint pen I bought as a back-up - more opaque, flowed better, worked perfectly on a vertical surface without running dry on me - they came off PRETTY easily with a dampened paper towel.  The red, especially.  I had to paint over every pen line with a matte varnish to prevent my ""permanent"" art from washing off the board along with the chalk.  Since this doubled my time and added expense to my project, I was not 100% pleased.  Otherwise great markers. Nice colors very vibrant and opaque, even on black."
4934,4934_4,4,纸质媒介 (Paper & Pads),黑卡纸/本,black paper,B001VB4T86,posca,4,"I tried using them with my regular sketchbook, kraft paper, black paper, and other cardstocks and passing over an area more than once, the nibs scratched away the fibers of the paper.","Bright colors, the paint dries quickly, and colors layer together beautifully. I love them! However, I have to give them 4 stars...Two disappointments:1) As with the medium points, the extra-fine point markers seem to ""eat"" some papers. I tried using them with my regular sketchbook, kraft paper, black paper, and other cardstocks and passing over an area more than once, the nibs scratched away the fibers of the paper. Same thing happened on wood. Very annoying, as the bits of paper stuck to the nibs and had to be picked off with tweezers. It did fine on bristol paper, cardboard, primed canvas, and glossy surfaces.2) The lighter colors (white, pink, baby blue, yellow) need to be shaken and tested before every use, because sometimes the color comes out very watery and just soaks the paper instead of coloring it.Despite this, I would definitely buy these again (and I plan to!) because they're bright, have great coverage, and are incredibly versatile. After I received them, I couldn't put them down for more than a week!"
4934,4934_4,4,纸质媒介 (Paper & Pads),绘本/写生本,sketchbook,B001VB4T86,posca,4,"I tried using them with my regular sketchbook, kraft paper, black paper, and other cardstocks and passing over an area more than once, the nibs scratched away the fibers of the paper.","Bright colors, the paint dries quickly, and colors layer together beautifully. I love them! However, I have to give them 4 stars...Two disappointments:1) As with the medium points, the extra-fine point markers seem to ""eat"" some papers. I tried using them with my regular sketchbook, kraft paper, black paper, and other cardstocks and passing over an area more than once, the nibs scratched away the fibers of the paper. Same thing happened on wood. Very annoying, as the bits of paper stuck to the nibs and had to be picked off with tweezers. It did fine on bristol paper, cardboard, primed canvas, and glossy surfaces.2) The lighter colors (white, pink, baby blue, yellow) need to be shaken and tested before every use, because sometimes the color comes out very watery and just soaks the paper instead of coloring it.Despite this, I would definitely buy these again (and I plan to!) because they're bright, have great coverage, and are incredibly versatile. After I received them, I couldn't put them down for more than a week!"
5007,5007_3,3,表面保护 (Finishing & Protection),亮油/保护喷雾,sealer,B001VB4T86,posca,5,They are highly pigmented and do not run with a sealer.,These pens are one of my favorite purchases. I bought these to use on rocks but they work for various surfaces. They are highly pigmented and do not run with a sealer. They dry pretty fast unless too much ink comes out at once. Highly recommend and will be buying more colors
5013,5013_3,3,纸质媒介 (Paper & Pads),黑卡纸/本,black paper,B001VB4T86,posca,5,"They were very visible on black paper (my envelopes), and the paint flowed really consistently.","These pens worked great. I used the darker green to address my wedding invites, and it worked for over 200 of them in a row. They were very visible on black paper (my envelopes), and the paint flowed really consistently. Definitely recommend them!"
5013,5013_3,3,涂色与创作 (Coloring & Greeting),贺卡/信封,envelopes,B001VB4T86,posca,5,"They were very visible on black paper (my envelopes), and the paint flowed really consistently.","These pens worked great. I used the darker green to address my wedding invites, and it worked for over 200 of them in a row. They were very visible on black paper (my envelopes), and the paint flowed really consistently. Definitely recommend them!"
5021,5021_3,3,纸质媒介 (Paper & Pads),绘本/写生本,art journal,B001VB4T86,posca,5,"I've been experimenting with a lot of different paint pens and gel pens in my art journal, and many of them blob, sputter or don't work on a lot of surfaces (especially over acrylic paints), but these Posca's are by far the best and I'm getting excellent results!","Love these Posca Paint Markers. The paint flows freely and the extra-fine tip is truly very fine tip. I've been experimenting with a lot of different paint pens and gel pens in my art journal, and many of them blob, sputter or don't work on a lot of surfaces (especially over acrylic paints), but these Posca's are by far the best and I'm getting excellent results! I'm very happy with them. I will order more."
5099,5099_8,8,表面保护 (Finishing & Protection),亮油/保护喷雾,clear coat,B001VB4T86,posca,5,"If I layer the red and use clear coat spray / shellac, it seems to help with this.","I just started painting rocks, and I did a lot of research before buying my supplies. I chose these pens because they had a high average rating. A lot of people told me that paint pens don’t work well, they skip, they splatter, they are prone to leaking, the tips shred, etc. I got really lucky with these, because they work great!  They give good coverage and I have had no issues with leaking or splattering. You do have to shake them each time you use them, and you do have to “prime” them now and again by depressing the tip on paper.The tips have not shredded at all, and are great for fine detail work. I have found that there is some slight feathering if I am working on anything less than a perfectly smooth surface, but if I use a lighter pressure, they work just fine.The colors are nice, I just wish the red was brighter. If I layer the red and use clear coat spray / shellac, it seems to help with this. I currently use dark gray river rocks, and some of the darker colors (dark blue, purple, black) don’t show up as well, but all colors should work great on white rocks.I highly recommend these pens if you are using them for rock painting."
5169,5169_2,2,纸质媒介 (Paper & Pads),绘本/写生本,art journal,B001VB4T86,posca,5,"I use these primarily for art journaling/craft work, and I keep them out on my work desk because they are so useful.","So perfect I ended up buying the Posca marker sets in just about every nib-width, and I have quite a few paint markers (Liquitex, Montana, Wink of Stella, etc).  I use these primarily for art journaling/craft work, and I keep them out on my work desk because they are so useful. The most desirable trait?  They deliver a consistent line, smoothly, and the nibs are not hard on whatever paper I am using."
5192,5192_2,2,纸质媒介 (Paper & Pads),黑卡纸/本,black paper,B001VB4T86,posca,5,especially on black paper...,my 8 year old LOVES these markers... especially on black paper...
5239,5239_2,2,纸质媒介 (Paper & Pads),黑卡纸/本,black paper,B001VB4T86,posca,5,The color popped and really stood out on black paper.,These pens worked perfect for a sign in book at a baby shower. The color popped and really stood out on black paper. They were easy to use and distributed the ink evenly.
5378,5378_4,4,表面保护 (Finishing & Protection),密封胶,mod podge,B001VB4T86,posca,5,They also work with mod podge and acrylic spray sealers.,I use these paint pens for rock painting and they work wonderfully!  The tip is perfect for outlines.  They are water based and are not glossy which is exactly what I was looking for.  They also work with mod podge and acrylic spray sealers.
5494,5494_2,2,表面保护 (Finishing & Protection),亮油/保护喷雾,clear coat,B001VB4T86,posca,3,totally ran when we sprayed with the clear coat.,Great color... totally ran when we sprayed with the clear coat.  none of the other paint pen brands we used did this.  Ruined hours worth of painting.  Would maybe be okay if you didn't want to add a clear coat.
5494,5494_5,5,表面保护 (Finishing & Protection),亮油/保护喷雾,clear coat,B001VB4T86,posca,3,Would maybe be okay if you didn't want to add a clear coat.,Great color... totally ran when we sprayed with the clear coat.  none of the other paint pen brands we used did this.  Ruined hours worth of painting.  Would maybe be okay if you didn't want to add a clear coat.
5515,5515_3,3,表面保护 (Finishing & Protection),亮油/保护喷雾,varnish,B001VB4T86,posca,1,"Not only are they trash, they will smear all over the page and ruin a weeks worth of work when you try to varnish your piece.","The listing I bought my Posca pens from is gone now so I’m here because I must leave a review. These pens are absolute trash. Not only are they trash, they will smear all over the page and ruin a weeks worth of work when you try to varnish your piece. I don’t know what these are, but they’re not acrylic paint. I have never seen acrylic paint smear, the way these do when varnish is applied. In my opinion, this company owes me $1500 for my ruined art plus a refund on this trash. I have bought many sets of acrylic paint pens over the years, I’ve never had this kind of problem before. I’ve also done lightfast tests and even the cheap ones hold up in the sunlight just fine, after doing some research, this is apparently a known problem with these pens. There is no reason to charge anybody as much as this company is charging for a subpar product that will ruin your work. The cheap ones have actual acrylic paint in them, work better and you will be much happier with them. I’m am so angry that this company has stolen a week of my life, my money and ruined a huge art piece. Buyer beware"
5515,5515_5,5,表面保护 (Finishing & Protection),亮油/保护喷雾,varnish,B001VB4T86,posca,1,"I have never seen acrylic paint smear, the way these do when varnish is applied.","The listing I bought my Posca pens from is gone now so I’m here because I must leave a review. These pens are absolute trash. Not only are they trash, they will smear all over the page and ruin a weeks worth of work when you try to varnish your piece. I don’t know what these are, but they’re not acrylic paint. I have never seen acrylic paint smear, the way these do when varnish is applied. In my opinion, this company owes me $1500 for my ruined art plus a refund on this trash. I have bought many sets of acrylic paint pens over the years, I’ve never had this kind of problem before. I’ve also done lightfast tests and even the cheap ones hold up in the sunlight just fine, after doing some research, this is apparently a known problem with these pens. There is no reason to charge anybody as much as this company is charging for a subpar product that will ruin your work. The cheap ones have actual acrylic paint in them, work better and you will be much happier with them. I’m am so angry that this company has stolen a week of my life, my money and ruined a huge art piece. Buyer beware"
5551,5551_5,5,涂色与创作 (Coloring & Greeting),成人涂色书,coloring book,B001VB4T86,posca,1,do not recommend these really to anyone unless you wanna color is some fancy coloring book or something....oh wait...,"Honestly there isn't anything I enjoyed about this specific set. They are very tedious to use, quite hard tipped very scratchy, paint leaks, and takes a while to dry as it is very liquidy. . Very over rated in my book.... do not recommend these really to anyone unless you wanna color is some fancy coloring book or something....oh wait... they would bleed through they aren't aren't much use on ANY type of material glass wood they bleed out they do not stay a straight line period. Horrible to say the least."
5621,5621_3,3,纸质媒介 (Paper & Pads),黑卡纸/本,black paper,B001VB4T86,posca,5,Even on black paper,These markers are amazing. Are very bright. Even on black paper
5757,5757_1,1,纸质媒介 (Paper & Pads),绘本/写生本,art journal,B001VB4T86,posca,5,"I use these pens with acrylic paint to sign and date my paintings, and to work in my art journal.","I use these pens with acrylic paint to sign and date my paintings, and to work in my art journal."
5791,5791_1,1,涂色与创作 (Coloring & Greeting),成人涂色书,adult coloring,B001VB4T86,posca,5,I use these for highlights on adult coloring pages.,I use these for highlights on adult coloring pages.  They work great.  They are opaque and lay over top most anything.
5809,5809_4,4,辅助与创意 (Tools & Accessories),贴纸/胶水,stickers,B001VB4T86,posca,5,I liked the stickers Posca sent in the package.,"Best craft marker by far. Glides over paint, itself, dries fairly quickly, comes in wonderful colors and nib sizes. I have 2 sets now and use them daily. I liked the stickers Posca sent in the package. Thanks"
5822,5822_2,2,表面保护 (Finishing & Protection),亮油/保护喷雾,sealer,B001VB4T86,posca,5,They were recommended to me after myself being frustrated with other paint pens I have bought in the craft stores and found them to run when using or bleed when sealer was applied.,I bought these pens to use for rock painting. They were recommended to me after myself being frustrated with other paint pens I have bought in the craft stores and found them to run when using or bleed when sealer was applied.  Posca paint pens did neither. They are perfect for rock painting and do not bleed when I spray with sealer. The colors are vibrant and so far the set I purchased has lasted on over 50 rocks and is still going strong. Highly recommend. Worth the price!
5822,5822_4,4,表面保护 (Finishing & Protection),亮油/保护喷雾,sealer,B001VB4T86,posca,5,They are perfect for rock painting and do not bleed when I spray with sealer.,I bought these pens to use for rock painting. They were recommended to me after myself being frustrated with other paint pens I have bought in the craft stores and found them to run when using or bleed when sealer was applied.  Posca paint pens did neither. They are perfect for rock painting and do not bleed when I spray with sealer. The colors are vibrant and so far the set I purchased has lasted on over 50 rocks and is still going strong. Highly recommend. Worth the price!
5858,5858_2,2,纸质媒介 (Paper & Pads),绘本/写生本,art journal,B001VB4T86,posca,5,"I highly recommend them for using in artwork, art journals, and crafts.","These are the best paint pens.  I highly recommend them for using in artwork, art journals, and crafts."
5896,5896_1,1,辅助与创意 (Tools & Accessories),便携笔袋/盒,holder,B001VB4T86,posca,2,"Edit: ( 2 days after review I went to use yellow and it leaked everywhere..Brand new out of box- I primed pens one at a time as needed- The Black leaked all down the shaft, inside my cup pen holder and of course..","Edit: ( 2 days after review I went to use yellow and it leaked everywhere..Brand new out of box- I primed pens one at a time as needed- The Black leaked all down the shaft, inside my cup pen holder and of course.. me.Next day I lost Blue and White in same matter. So I have 3 which are useless.•As far as performance goes-not impressed at all. IMO the paint is too thin. They either stutter on projects or leave thin see-through lines when trying to “fill in” a heart for example.So yeah I have 2 boxes, Ultra Fine & Fine, I’ll be keeping but have an unopened package of more muted tones I will be requesting a refund."
5898,5898_6,6,表面保护 (Finishing & Protection),亮油/保护喷雾,clear coat,B001VB4T86,posca,5,"I'm waiting to see if more coats will prevent that, plus I clear coated both sides to be extra sure.","I love these posca paint pens!  I mostly use them for painting on rocks, they are opaque and if you make a mistake it is easy to fix it by waiting till it is dry and then painting over the mistake.  If you are putting your rocks outside, they should have a clear spray coat applied, 4 or 5 coats.  First coat very light to seal the colors.  I found that if I didn't clear seal them with 4 or 5 coats, after a year of being out in the weather (very rainy here) the paint would flake off.  I'm waiting to see if more coats will prevent that, plus I clear coated both sides to be extra sure.  They haven't been through a winter yet.  I don't like the red color, it is too orangy for me, but all the other colors I'm happy with.  I also use them in my mixed media painting.  As long as I'm painting on a dry surface they seem to paint over anything without clogging.  If I'm very careful I can get a thin line made or tiny dots, or be more generous to fill in a larger space.  The construction of the tip is such that they can splatter tiny splats if you aren't careful, there is a bit of a learning curve to their use in detailed coloring.  But all in all, I'm very satisfied with these PC 1m pens.  I also have some in size 0.7mm in pastel colors that are wonderful and some sparkly ones.  Different tip on them.  They all work well."
5939,5939_3,3,表面保护 (Finishing & Protection),亮油/保护喷雾,clear coat,B001VB4T86,posca,5,I do use a extra outdoor spray clear coat just in case,these markers are awesome .. expensive yes..ordered from japan and took forever to get to me ...yes..But I still love them ...the flow is great ..the color rich and thick ..and they have lasted quite some time...I just ordered more so when they do run out I have back ups...also ordered the fatter markers  I used them on hand made drift wood signs I make and the art holds up outdoors in my brutal northeast new England climate ..harsh winters hot summers .. I do use a extra outdoor spray clear coat just in case
5956,5956_1,1,纸质媒介 (Paper & Pads),绘本/写生本,art journal,B001VB4T86,posca,5,Lovee these for art journaling.,Lovee these for art journaling. I love writting with them as well on top of watercolors once dried
5981,5981_1,1,表面保护 (Finishing & Protection),亮油/保护喷雾,varnish | clear coat,B001VB4T86,posca,3,"Great for outlining/detailing slaps, but if want to survive elements add clear coat varnish.","Great for outlining/detailing slaps, but if want to survive elements add clear coat varnish. I don’t like the etchy rock art effect, but you can avoid that via technique of applying the nib at a more robust angle. These things bleed when pumped, so the pump action should be extremely quick, almost like using a stamp. If not, there is a puddle of acrylic paint on the surface you pumped."
5990,5990_3,3,纸质媒介 (Paper & Pads),重磅马克笔纸,thick paper,B001VB4T86,posca,5,"I hope the giving zero stars for this odd question won't lower it's overall rating, but I don't want to mislead people, if only to make sure these pens get the 5 stars they deserve.*Caveat:I use these on canvas or thick paper over acrylic paint, so I can't review them in terms of how they work on untreated paper or 'virgin' canvas.","I wish I'd come into my life years and years ago!They are fabulously precise and, much like the drying time for acrylic paint, these dry even more quickly and will make any waiting for the piece to cure unnecessary.You can literally see it drying.That said, despite drying quickly, this water based paint is very easy to remove - at least in terms of an acrylic surface.I no longer even think of using a brush whenever fine details are involved... a relief I cannot fully express.I could go on and on with more compliments but I hope the above is substantial enough for those looking for this type of tool.I am leaving zero stars re: 'sheerness.' After only one coat, these pens are almost entirely opaque. I hope the giving zero stars for this odd question won't lower it's overall rating, but I don't want to mislead people,  if only to make sure these pens get the 5 stars they deserve.*Caveat:I use these on canvas or thick paper over acrylic paint, so I can't review them in terms of how they work on untreated paper or 'virgin' canvas."
6019,6019_2,2,纸质媒介 (Paper & Pads),黑卡纸/本,dark paper,B001VB4T86,posca,5,"We use them to make pictures on rocks for ""story stones"" and we use them on dark paper for a different kind of artistic experience for him.","I got these to do projects with my toddler. We use them to make pictures on rocks for ""story stones"" and we use them on dark paper for a different kind of artistic experience for him. They work great, I love the fine point, it makes them useful for me too as I like to make the occasional mandala on stones (a project I found on pinterest). They are fun and give us something to do together when the twins are napping."
6042,6042_2,2,纸质媒介 (Paper & Pads),绘本/写生本,art journal,B001VB4T86,posca,5,I use them for art journaling to outline and add detail.,These are great paint pens. I use them for art journaling to outline and add detail. The fine line tips are thin and I have seen no leaking or bending. Will get a lot of use out of these!
6093,6093_2,2,纸质媒介 (Paper & Pads),绘本/写生本,art journal,B001VB4T86,posca,5,The extra fine tip is perfect for my art journaling projects.,These paint pens are wonderful!  The extra fine tip is perfect for my art journaling projects.  I highly recommend them.
6215,6215_7,7,表面保护 (Finishing & Protection),亮油/保护喷雾,clear coat,B001VB4T86,posca,5,"We also spray our stones with a clear coat spray, and these pens do not run.Tips: When a pen is used for the first time, you'll need to ""pump"" the tip of the pen gently on a practice surface, like a paper plate or sheet of copy paper.","We use these paint pens for our hobby of painting smooth river stones, and they are terrific.  The tips are firm and don't fray.  The only caution I would give is that you get the best and smoothest line if you 'pull' the pen toward you.  If you 'push' the line away from you (as you would if you're writing cursive and you are writing the letter ""O""), you will get some feathering unless you ease up on the pressure.  Or, if you are drawing, just turn the stone so you are drawing the pen toward you rather than pushing it away from you.We have these pens in the Extra Fine point, the Fine point, and the Medium point, and we seldom use the tiny brushes anymore.  These pens allow us (and even our 92 year old Nana) to do fine detail work, and we love them!We allow our artwork to dry when we change colors, usually using a hair dryer to speed things along.  We also spray our stones with a clear coat spray, and these pens do not run.Tips:  When a pen is used for the first time, you'll need to ""pump"" the tip of the pen gently on a practice surface, like a paper plate or sheet of copy paper.  You will see the ink flow into the tip.  Then you'll need to cap the pen and shake it.  Draw a line on the practice surface, to make sure it is ready.  You will need to shake the pen every time you use it, and occasionally, you will need to pump it on the practice surface again, to get the ink flowing.  CAUTION:  If you depress the tip of the pen on your artwork, it will allow the ink to flow freely down the tip.  This will cause a ""blob"" on your artwork."
6306,6306_1,1,勾线与细节 (Detailing & Outlining),铅笔/橡皮,pencil,B001VB4T86,posca,5,"I was expecting the markers to come in a package instead of a plastic pencil pouch, but all the pens were individually wrapped and worked great!","I was expecting the markers to come in a package instead of a plastic pencil pouch, but all the pens were individually wrapped and worked great! Definitely worth it, especially with same-day delivery!"
6328,6328_1,1,涂色与创作 (Coloring & Greeting),成人涂色书,adult coloring,B001VB4T86,posca,5,Adult coloring accents they just don’t last very long and will leak and go all over you when you shakes them even with cap on some leaked!,Adult coloring accents they just don’t last very long and will leak and go all over you when you shakes them even with cap on some leaked!
6337,6337_1,1,表面保护 (Finishing & Protection),亮油/保护喷雾,top coat,B001VB4T86,posca,5,"Feutres qui marquent sur tout, je les utilise surtout pour le Nail Art, il faut néanmoins penser à mettre une couche de top coat après sinon ils ne tiennent pas.","Feutres qui marquent sur tout, je les utilise surtout pour le Nail Art, il faut néanmoins penser à mettre une couche de top coat après sinon ils ne tiennent pas."
6352,6352_4,4,表面保护 (Finishing & Protection),亮油/保护喷雾,clear coat,B001VB4T86,posca,5,No issues with color bleeding when sealed with a clear coat.,The only issues I have is that I wish I could find these in super extreme fine point. The colors are nice and vibrant. I use these for painting rocks. No issues with color bleeding when sealed with a clear coat.
6360,6360_1,1,涂色与创作 (Coloring & Greeting),贺卡/信封,greeting cards,B001VB4T86,posca,5,Use for greeting cards and also for rock painting.,Use for greeting cards and also for rock painting.
6381,6381_1,1,涂色与创作 (Coloring & Greeting),成人涂色书,coloring book,B001VB4T86,posca,5,These really add bling to your coloring projects and can be used in your coloring books!,These really add bling to your coloring projects and can be used in your coloring books!
6416,6416_3,3,涂色与创作 (Coloring & Greeting),贺卡/信封,greeting cards,B001VB4T86,posca,5,I also use these to make greeting cards.,I love these acrylic pens!  I paint on rocks and these work great!  I also use these to make greeting cards.
6484,6484_2,2,表面保护 (Finishing & Protection),密封胶,sealant,B001VB4T86,posca,5,They don't smear when sealant is applied which is why I like them so much more than sharpie markers.,"These are the best thing ever for rock painting. They don't smear when sealant is applied which is why I like them so much more than sharpie markers. I have all the tip sizes and I use them all, but if I just had to choose just one it would be extra fine point. Here is a rock I created with my Poscas."
6553,6553_5,5,勾线与细节 (Detailing & Outlining),铅笔/橡皮,pencil,B001VB4T86,posca,5,They write over colored pencil very well.,"I love these paint markers! The paint is bright and opaque and the markers write very smoothly. I like to use these in conjunction with colored pencils on tan or grey paper. The white pen especially pops on the darker paper. They write over colored pencil very well. I know these paint markers have a lot of other uses, and I look forward to trying them on other surfaces."
6588,6588_5,5,辅助与创意 (Tools & Accessories),镂空模板,stencils,B001VB4T86,posca,5,"Stencils worked better than freehand, being complimentary to bleeding (!), so the finished products were great.","Easy to use, fun to mix colors - the white can be a base for getting paler pinks, greens, etc. they mix together nicely when a little damp. I was painting names on aprons, inexpensive polyester aprons. They too were great, but didn’t have the structure to resist bleeding colors … we used this effectively, having one test apron to try all sorts of things. Stencils worked better than freehand, being complimentary to bleeding (!), so the finished products were great. I’d buy these markers again for sure."
6618,6618_3,3,表面保护 (Finishing & Protection),亮油/保护喷雾,sealer,B001VB4T86,posca,5,Let the paint dry for 8-10 hours before you apply sealer.,Nice pens. I paint rocks and these come in handy. Let the paint dry for 8-10 hours before you apply sealer.
6646,6646_1,1,纸质媒介 (Paper & Pads),绘本/写生本,art journal,B001VB4T86,posca,2,So I've never used Posca pens before but they are really big in the art journaling world.,So I've never used Posca pens before but they are really big in the art journaling world.  I used the BROWN on a canvas for hair of an angel and it turned PURPLE. NEON Purple...what is up with that!  Is that a normal thing????
6732,6732_3,3,纸质媒介 (Paper & Pads),黑卡纸/本,black paper,B001VB4T86,posca,5,Your can use these on black paper!,I love these markers. The colors are bright and vibrant. Your can use these on black paper! They can get a little messy because they’re not quick dry but that’s not a problem. The ink comes out easy and has great coverage.
6901,6901_1,1,纸质媒介 (Paper & Pads),黑卡纸/本,black paper,B001VB4T86,posca,5,These are beautiful and work great on black paper.,These are beautiful and work great on black paper. Blend beautiful! I will be buying more
7016,7016_2,2,涂色与创作 (Coloring & Greeting),成人涂色书,coloring book | adult coloring,B001VB4T86,posca,5,I use these in my adult coloring book.,"After I was given a set of these pens by a client, I fell in love! I use these in my adult coloring book. I started buying more sets to give to friends, and they all love them as well! The pens do bleed through the pages a little sometimes, but not nearly as much as the markers I had been using. The colors are vivid and beautiful."
7071,7071_1,1,勾线与细节 (Detailing & Outlining),铅笔/橡皮,pencil,B001VB4T86,posca,5,The colors are very vibrant but the red leans more towards a orange but it still looks amazing and the paint doesnt run when it comes out of the marker its almost like a pencil in a way that you write and it stays where you marked it,The colors are very vibrant but the red leans more towards a orange but it still looks amazing and the paint doesnt run when it comes out of the marker its almost like a pencil in a way that you write and it stays where you marked it
7100,7100_11,11,表面保护 (Finishing & Protection),亮油/保护喷雾,clear coat,B001VB4T86,posca,5,"So you just have to spray it with a clear coat, which makes sense.I highly highly recommend these pens.","I was really skeptical about buying paint markers that would work well, and in general work for what I need them to since the sharpie pen markers don't work for me. So I took a chance on these markers after a good while of ""researching"" other types of pens and also the credibility of a brand I have never heard of before. These are AWESOME markers. A complaint people had was that the box is all in Japanese but there are picture directions on the back also. You just need to make sure you shake them very well (cap side down but keep the cap on), and then take off the cap and press the white tip down on a surface (probably paper). You'll wanna do that a couple times and then shake again and you should see the color of the pen drip down and fill up what was the white tip. Another complaint people had was that it ""rubs off"" easily. This is true. However if you're using these to write/draw on plastic then it will come off if you rub it. I needed these for plastic and they worked just as well as acrylic paint, and just like when I use my acrylic paint and paint brushes the paint once dry will rub off. So you just have to spray it with a clear coat, which makes sense.I highly highly recommend these pens."
7119,7119_1,1,纸质媒介 (Paper & Pads),黑卡纸/本,black paper,B001VB4T86,posca,5,These are the best paint pens with the most consistent ability to show well on black paper in all colors.,These are the best paint pens with the most consistent ability to show well on black paper in all colors.
7150,7150_4,4,表面保护 (Finishing & Protection),亮油/保护喷雾,top coat,B001VB4T86,posca,5,"(I did not wipe off with alcohol or apply the top coat yet!) After I applied the color, I drew the little Christmas scenes and let them air dry for about two minutes.","I used these on my Apres GelX nails to make holiday nail art. I’ve never done nail art before so I watched a bunch of videos first. I painted my nails with a gold polish from Apres and then cured it. (I did not wipe off with alcohol or apply the top coat yet!) After I applied the color, I drew the little Christmas scenes and let them air dry for about two minutes. Then I applied the Apres top coat and cured it for two minutes. I have been getting so many compliments on my nails which is lovely because you can definitely tell which hand is my dominate hand. I’m left handed and my left hand is messier but fine. I am pleased with this first attempt.All the colors had a nice pointed tip. For the white I did apply two coats. The red is more pinky coral instead of a true red in my nails but it’s fine. I will be using these to perfect my nail art skills. They were easy to use and get started. I think they will last with care. They been painted a week and have held up nicely. I expect to get two more weeks out of these nails. I couldn’t be happier with this process!"
7150,7150_5,5,表面保护 (Finishing & Protection),亮油/保护喷雾,top coat,B001VB4T86,posca,5,Then I applied the Apres top coat and cured it for two minutes.,"I used these on my Apres GelX nails to make holiday nail art. I’ve never done nail art before so I watched a bunch of videos first. I painted my nails with a gold polish from Apres and then cured it. (I did not wipe off with alcohol or apply the top coat yet!) After I applied the color, I drew the little Christmas scenes and let them air dry for about two minutes. Then I applied the Apres top coat and cured it for two minutes. I have been getting so many compliments on my nails which is lovely because you can definitely tell which hand is my dominate hand. I’m left handed and my left hand is messier but fine. I am pleased with this first attempt.All the colors had a nice pointed tip. For the white I did apply two coats. The red is more pinky coral instead of a true red in my nails but it’s fine. I will be using these to perfect my nail art skills. They were easy to use and get started. I think they will last with care. They been painted a week and have held up nicely. I expect to get two more weeks out of these nails. I couldn’t be happier with this process!"
7176,7176_14,14,表面保护 (Finishing & Protection),亮油/保护喷雾,clear coat,B001VB4T86,posca,5,"In the end, there was definitely a scratch there but it was understated for the blow it took and was easy to fix with the markers in about 15 seconds.I was also able to use an aerosol can of clear coat over the finished artwork created with these pens and there were no chemical interactions, cracking, shrinking, etc.","These are so good, I will be ordering more as backups so I am never stuck in mid-project without the color I need. I have used these on a bunch of surfaces, but they work best on smooth, non-porous surfaces. I have used them to sketch and illustrate artwork as well as customize shoes, cleats, headphones. They are filled with an opaque fluid of bold and bright color. During the creation process, they clean up easily. If you make a slip up, it will almost instantaneously wipe off. However, the paint dries really fast (15-30 seconds max usually) and once it does, it's pretty dang durable.On smooth surfaces will easily cover with one coat. On porous fiber-based surfaces like a pair of untreated canvas Vans I did, the color needed 2-3 coats as it would soak in. This is to be expected but these markers performed so well on everything else I used them on so I thought, ""What the heck. Let's try it."" Even on untreated canvas, they perform much better than any other paint markers (store brand and Sharpie) I purchased at Michael's. The other nice thing is that they get used every couple of weeks or so, but they somehow stay ready to write. Other paint markers I use have been drying up after the first use and getting them going again weeks later is almost impossible.Durability has been pretty good so far. I scratched a piece of art really bad and was expecting a bit of damage. In the end, there was definitely a scratch there but it was understated for the blow it took and was easy to fix with the markers in about 15 seconds.I was also able to use an aerosol can of clear coat over the finished artwork created with these pens and there were no chemical interactions, cracking, shrinking, etc. And that was a poorly prepped surface. I have gone out of my way to throw everything at these pens, but they perform at a really high level every time.In the images I attached for reference, the markers were the only things used on the black surfaces of the sketchbook cover, headphones and top of the cycling shoes/cleats. On the bottom of the cleats, the marker work was covered with clear coat as added protection. The shoes were well used before I did the art, so the bottoms were already chewed up and the paint laid down really well and with tight lines. In the sketch on paper, the paint markers were used in combo with traditional brush markers. The painted marker parts were the highlights (works really great for that) and the light blue background graphic."
7176,7176_16,16,纸质媒介 (Paper & Pads),绘本/写生本,sketchbook,B001VB4T86,posca,5,"I have gone out of my way to throw everything at these pens, but they perform at a really high level every time.In the images I attached for reference, the markers were the only things used on the black surfaces of the sketchbook cover, headphones and top of the cycling shoes/cleats.","These are so good, I will be ordering more as backups so I am never stuck in mid-project without the color I need. I have used these on a bunch of surfaces, but they work best on smooth, non-porous surfaces. I have used them to sketch and illustrate artwork as well as customize shoes, cleats, headphones. They are filled with an opaque fluid of bold and bright color. During the creation process, they clean up easily. If you make a slip up, it will almost instantaneously wipe off. However, the paint dries really fast (15-30 seconds max usually) and once it does, it's pretty dang durable.On smooth surfaces will easily cover with one coat. On porous fiber-based surfaces like a pair of untreated canvas Vans I did, the color needed 2-3 coats as it would soak in. This is to be expected but these markers performed so well on everything else I used them on so I thought, ""What the heck. Let's try it."" Even on untreated canvas, they perform much better than any other paint markers (store brand and Sharpie) I purchased at Michael's. The other nice thing is that they get used every couple of weeks or so, but they somehow stay ready to write. Other paint markers I use have been drying up after the first use and getting them going again weeks later is almost impossible.Durability has been pretty good so far. I scratched a piece of art really bad and was expecting a bit of damage. In the end, there was definitely a scratch there but it was understated for the blow it took and was easy to fix with the markers in about 15 seconds.I was also able to use an aerosol can of clear coat over the finished artwork created with these pens and there were no chemical interactions, cracking, shrinking, etc. And that was a poorly prepped surface. I have gone out of my way to throw everything at these pens, but they perform at a really high level every time.In the images I attached for reference, the markers were the only things used on the black surfaces of the sketchbook cover, headphones and top of the cycling shoes/cleats. On the bottom of the cleats, the marker work was covered with clear coat as added protection. The shoes were well used before I did the art, so the bottoms were already chewed up and the paint laid down really well and with tight lines. In the sketch on paper, the paint markers were used in combo with traditional brush markers. The painted marker parts were the highlights (works really great for that) and the light blue background graphic."
7176,7176_17,17,表面保护 (Finishing & Protection),亮油/保护喷雾,clear coat,B001VB4T86,posca,5,"On the bottom of the cleats, the marker work was covered with clear coat as added protection.","These are so good, I will be ordering more as backups so I am never stuck in mid-project without the color I need. I have used these on a bunch of surfaces, but they work best on smooth, non-porous surfaces. I have used them to sketch and illustrate artwork as well as customize shoes, cleats, headphones. They are filled with an opaque fluid of bold and bright color. During the creation process, they clean up easily. If you make a slip up, it will almost instantaneously wipe off. However, the paint dries really fast (15-30 seconds max usually) and once it does, it's pretty dang durable.On smooth surfaces will easily cover with one coat. On porous fiber-based surfaces like a pair of untreated canvas Vans I did, the color needed 2-3 coats as it would soak in. This is to be expected but these markers performed so well on everything else I used them on so I thought, ""What the heck. Let's try it."" Even on untreated canvas, they perform much better than any other paint markers (store brand and Sharpie) I purchased at Michael's. The other nice thing is that they get used every couple of weeks or so, but they somehow stay ready to write. Other paint markers I use have been drying up after the first use and getting them going again weeks later is almost impossible.Durability has been pretty good so far. I scratched a piece of art really bad and was expecting a bit of damage. In the end, there was definitely a scratch there but it was understated for the blow it took and was easy to fix with the markers in about 15 seconds.I was also able to use an aerosol can of clear coat over the finished artwork created with these pens and there were no chemical interactions, cracking, shrinking, etc. And that was a poorly prepped surface. I have gone out of my way to throw everything at these pens, but they perform at a really high level every time.In the images I attached for reference, the markers were the only things used on the black surfaces of the sketchbook cover, headphones and top of the cycling shoes/cleats. On the bottom of the cleats, the marker work was covered with clear coat as added protection. The shoes were well used before I did the art, so the bottoms were already chewed up and the paint laid down really well and with tight lines. In the sketch on paper, the paint markers were used in combo with traditional brush markers. The painted marker parts were the highlights (works really great for that) and the light blue background graphic."
7222,7222_1,1,纸质媒介 (Paper & Pads),绘本/写生本,sketchbook,B001VB4T86,posca,5,"I have never liked acrylic markers before, but these are amazing and fun to use in my mixed-media sketchbook.","I have never liked acrylic markers before, but these are amazing and fun to use in my mixed-media sketchbook. It is also decent for touchups in an acrylic painting. Also I can use the acrylic marker on a cup, bag, shoe, etc."
7223,7223_1,1,涂色与创作 (Coloring & Greeting),成人涂色书,coloring book,B001VB4T86,posca,5,"Excellent, wonderful colors and it's a real joy to paint with my Uni-posca Pen, the extra fine point is Magical to go at tiny place and do wonderful Doodling on my coloring Books, to me they really are the Best, best Pens ever!","Excellent, wonderful colors and it's a real joy to paint with my Uni-posca Pen, the extra fine point is Magical to go at tiny place and do wonderful Doodling on my coloring Books, to me they really are the Best, best Pens ever! Recommanded!!!"
7237,7237_2,2,涂色与创作 (Coloring & Greeting),贺卡/信封,invitations,B001VB4T86,posca,5,Don’t waste your time with the cheaper invitations.,Smooth writing and consistent paint flow. Don’t waste your time with the cheaper invitations. Buy POSCA.
7288,7288_2,2,表面保护 (Finishing & Protection),亮油/保护喷雾,top coat,B001VB4T86,posca,5,"I use regular polish, quick dry top coat, then draw a design with these pens, and seal the design in with another layer of quick dry top coat.I'd first bought a much cheaper (knock off brand) of acrylic paint pens but these are so much better and well worth the higher price.","Excellent for nail art! I use regular polish, quick dry top coat, then draw a design with these pens, and seal the design in with another layer of quick dry top coat.I'd first bought a much cheaper (knock off brand) of acrylic paint pens but these are so much better and well worth the higher price. I can't believe how much easier they are to control that the other pens. The really firm and fine tips are fantastic for small details. My only regret is not getting a bigger set in the first place because I'll have to get some duplicates when I want to get more colors"
7291,7291_2,2,涂色与创作 (Coloring & Greeting),成人涂色书,coloring book,B001VB4T86,posca,5,"I will use them for backgrounds in coloring books, then will try on other surfaces.","Uni-Posca Paint Marker Pens, set of 12, give very opaque coverage.  I will use them for backgrounds in coloring books, then will try on other surfaces. So far, so good."
7330,7330_3,3,表面保护 (Finishing & Protection),亮油/保护喷雾,clear coat,B001VB4T86,posca,5,I also spray the rocks with clear coating once they dry and have not had any issue with these running.,"I love to paint rocks but have found that even tiny paint brushes are hard to work with as far as details go. With these around, it's problem solved. I also spray the rocks with clear coating once they dry and have not had any issue with these running. I have not tried them on canvas yet but love what they've done for my rock painting!"
7339,7339_2,2,勾线与细节 (Detailing & Outlining),铅笔/橡皮,pencil,B001VB4T86,posca,5,"I’m not used to working on canvas, so I sketched lightly in pencil first and then used these pens to add colour.","I had a mini canvas and decided to do a festive picture. I’m not used to working on canvas, so I sketched lightly in pencil first and then used these pens to add colour. The colours are vibrant and really smooth! The texture of the canvas meant that there were a few little splatters of pen, so I slowed down as I coloured and touched up splatters with the white pen. Looking forward to trying them on different surfaces!"
7380,7380_3,3,表面保护 (Finishing & Protection),亮油/保护喷雾,clear coat,B001VB4T86,posca,5,"For plastic I sand and clear coat before painting, then clear coat after to keep it from scratching.","I've used the cheaper off brand paint pens before, these work best. The other ones don't flow as well and the tips splinter, these work great from start to finish. For plastic I sand and clear coat before painting, then clear coat after to keep it from scratching. They also work really on walls for murals, some brands don't work on walls because gravity won't let the paint flow, I don't have that problem with Posca. Worth the money! Love the colours too"
7405,7405_1,1,涂色与创作 (Coloring & Greeting),成人涂色书,adult coloring,B001VB4T86,posca,4,Great on adult coloring.,"Great on adult coloring.  Oddly enough many colorists like myself prefer to use high end products, even though you can get stunning effects with less expensive.  The Posca pens can be use as ""paint"" if you take a slightly damp water color brush. they also provide great coverage and the white one is much better for white highlights than gel pens or any other item I've tried.  Just be careful not smear. Your mileage may vary."
7577,7577_1,1,勾线与细节 (Detailing & Outlining),铅笔/橡皮,pencil,B001VB4T86,posca,4,They are the best and you could draw with anything on there it's almost like unlimited power I can destroy the world with these I could turn the road into Crayola I would defeat All of you in every single thing of you hope you like it I did color pencil versus pasca markers,They are the best and you could draw with anything on there it's almost like unlimited power I can destroy the world with these I could turn the road into Crayola I would defeat All of you in every single thing of you hope you like it I did color pencil versus pasca markers
7609,7609_3,3,表面保护 (Finishing & Protection),亮油/保护喷雾,fixative,B001VB4T86,posca,5,"The only down side is, if you are painting a product which is not going to seat on shelf, you need to use a fixative to preserve your work.","After I got those marker I have been staring at everything in my house and quietly talking to myself. Jittering and eager for my ext fix. The only down side is, if you are painting a product which is not going to seat on shelf, you need to use a fixative to preserve your work."
7664,7664_2,2,纸质媒介 (Paper & Pads),涂鸦板/卡片,tags,B001VB4T86,posca,5,"I had bought some copper flower tags to mark my garden, and needed a fine point paint marker that could withstand the rain.","Excellent for what I wanted to do. I had bought some copper flower tags to mark my garden, and needed a fine point paint marker that could withstand the rain.  The colors are true to the cap."
7787,7787_1,1,纸质媒介 (Paper & Pads),绘本/写生本,art journal,B001VB4T86,posca,5,Use for art journaling.,"Use for art journaling.  Great color and ease of application.  White pen comes out a bit too fast, but otherwise exemplary!"
7810,7810_3,3,纸质媒介 (Paper & Pads),黑卡纸/本,black paper,B001VB4T86,posca,5,I have noticed that different black papers will show these markers a bit differently.,"This set is super. Whether you use them on light paper or black they are reliable. I have noticed that different black papers will show these markers a bit differently.  You have to try them to see which brand you like. But these write on about everything, cardstock, watercolor paper. I love the fine point, which even after many uses holds up very well. Very nice!"
7810,7810_5,5,纸质媒介 (Paper & Pads),水彩纸/多媒体纸,watercolor paper,B001VB4T86,posca,5,"But these write on about everything, cardstock, watercolor paper.","This set is super. Whether you use them on light paper or black they are reliable. I have noticed that different black papers will show these markers a bit differently.  You have to try them to see which brand you like. But these write on about everything, cardstock, watercolor paper. I love the fine point, which even after many uses holds up very well. Very nice!"
7818,7818_4,4,表面保护 (Finishing & Protection),亮油/保护喷雾,clear coat,B001VB4T86,posca,5,You need to clear coat in case you are planning to work on metal or hard plastic surfaces,Best paint based markers out there. I use them to customize helmets and they are great to work with in terms of details. However the paint will scrape off under hard friction. You need to clear coat in case you are planning to work on metal or hard plastic surfaces
7950,7950_2,2,勾线与细节 (Detailing & Outlining),铅笔/橡皮,pencil,B001VB4T86,posca,1,I took them out of the wrapper and put them in a pencil holder 2 days ago.,"Ordered these 2 weeks ago, to use on a piece I am currently working on. I took them out of the wrapper and put them in a pencil holder 2 days ago. Today, I pulled one out to use, only to find it's completely dried up, I got nothing whatsoever from it. So I tried a second, a third and they are all the same! The ends are white, their is no ink whatsoever coming from them.I am reaching out to the seller, if the communication is positive, I will return and update my review."
7950,7950_2,2,辅助与创意 (Tools & Accessories),便携笔袋/盒,holder,B001VB4T86,posca,1,I took them out of the wrapper and put them in a pencil holder 2 days ago.,"Ordered these 2 weeks ago, to use on a piece I am currently working on. I took them out of the wrapper and put them in a pencil holder 2 days ago. Today, I pulled one out to use, only to find it's completely dried up, I got nothing whatsoever from it. So I tried a second, a third and they are all the same! The ends are white, their is no ink whatsoever coming from them.I am reaching out to the seller, if the communication is positive, I will return and update my review."
8072,8072_2,2,纸质媒介 (Paper & Pads),绘本/写生本,art journal,B001VB4T86,posca,5,"Posters, painting, art journaling.....it just goes on and on!","Cannot find enough uses for these delightful and fun paint pens!  Posters, painting, art journaling.....it just goes on and on!  Wish they were more readily available!  Also would love a black and white two-pack as they are used to most and would like to get easy replacements. Wonderful art paint pens!"
8092,8092_1,1,涂色与创作 (Coloring & Greeting),贺卡/信封,invitations,B001VB4T86,posca,5,Don’t waste your time or money on cheap invitations.,Don’t waste your time or money on cheap invitations. I bought some first and they’re garbage and I’m sending them back and turned around and bought these and they’re awesome. Awesome.
8182,8182_2,2,纸质媒介 (Paper & Pads),黑卡纸/本,black cardstock,B001VB4T86,posca,5,They're working as well as I expected them to on black cardstock.,I bought them to make signs for our farm market stand. They're working as well as I expected them to on black cardstock.
8200,8200_1,1,涂色与创作 (Coloring & Greeting),成人涂色书,coloring book,B001VB4T86,posca,5,Started out ordering the white one to try in my coloring books and on some of my ink and acrylic paintings when other pens/markers wouldn't work.,"Started out ordering the white one to try in my coloring books and on some of my ink and acrylic paintings when other pens/markers wouldn't work.  Since this is paint and has a felt pen type nib instead of a ball, it seems to go over any surface I've tried it on so far: wood, glass, plastic, even tried it on a rock, with no skipping."
8221,8221_9,9,表面保护 (Finishing & Protection),密封胶,mod podge,B001VB4T86,posca,5,Seal with mod podge first before applying glaze.,"Great pens. Even coverage. Only disappointment is in the shades of the red and brown. Red is more of a orange red, and the brown is very orange also. Great for rock painting, but make sure the rocks are painted with a smooth paint or the tips will try to shred. Will definitely buy again.  Word of caution... Triple thick diamond glaze will cause the black to bleed. Seal with mod podge first before applying glaze."
8252,8252_2,2,涂色与创作 (Coloring & Greeting),成人涂色书,coloring book,B001VB4T86,posca,5,"Overall impressions:- Works on many mediums: paper, cardboard, cloth, wood, rocks, ceramic- You can mix the colors- Did slightly bleed through to other side when used in a coloring book- Smooth when drawing- Can create fat or thin lines","Really fun to use these! Overall impressions:- Works on many mediums: paper, cardboard, cloth, wood, rocks, ceramic- You can mix the colors- Did slightly bleed through to other side when used in a coloring book- Smooth when drawing- Can create fat or thin lines"
8260,8260_4,4,表面保护 (Finishing & Protection),亮油/保护喷雾,top coat,B001VB4T86,posca,5,These markers work great for drawing on rocks and do not smear when covered with a clear acrylic top coat.,Great pigmentation and coverage! I am very impressed with these markers. I also purchased the pastel set. These markers work great for drawing on rocks and do not smear when covered with a clear acrylic top coat.
8277,8277_9,9,表面保护 (Finishing & Protection),亮油/保护喷雾,varnish,B001VB4T86,posca,5,"Just don't use an excessive amount of the paint and be sure to coat them with varnish after so they stay.All in all, I'm glad I finally caved and bought these.","While these are a little smaller than I had thought they were going to be, (chock that up to me not reading the description properly lol), these are actually a lot better than I was expecting.I've used paint pens before, albeit they were oil based paints by Sharpie, and I've got to say, I'm pleasantly surprised by Posca.I'd been leery of using them before because I'd heard they were notorious for gumming up and drying out but they don't seem to have that issue if you take care of them properly. Now I haven't used these extensively yet, but what I have done with them has been enjoyable thus far.Cons, the nibs are a teeny bit scratchy and if you're not careful with the paper you use or how much pressure you apply when drawing, the markers will ""spit"" so you'll get flecks of little paint everywhere. Likewise, sometimes they can ""leak"" in that while you're drawing you COULD end up with a blob in your line work, but I have deduced it's most likely caused by pushing the nib in accidentally while you move the pen. Additionally, dependant on the colour, they can take a while to dry so you'll want to give them time to do so between coats and or just use a heat gun or a hair dryer to speed up the process.Pros, a little goes a LONG way, so you don't really need to empty them in one go and they don't really need more than two coats, if that. They work on a multitude of surfaces like paper, plastic, metal, wood, vinyl, but as with most acrylic paints, you'll want to seal them for longevity later. One feature I thought was kind of cool is that they work with Copic makers~! You can use Copics on top of them, but you have to be careful not to use too much of the Copic ink in one spot or it might dissolve the paint. Lastly, these work surprisingly well with Shrink-Dinks~! Just don't use an excessive amount of the paint and be sure to coat them with varnish after so they stay.All in all, I'm glad I finally caved and bought these. Definitely recommend for people that want to give an acrylic paint pen a try~!"
8399,8399_1,1,纸质媒介 (Paper & Pads),绘本/写生本,sketchbook,B00ZC9JK4Q,posca,5,Working in my sketchbook.,"Working in my sketchbook. It is so nice not having to use paint...these are a good substitute, and easy to travel with."
8412,8412_4,4,表面保护 (Finishing & Protection),亮油/保护喷雾,sealer,B00ZC9JK4Q,posca,5,I do recommend a clear sealer if you want to make it last!,I love these markers so much ! I definitely recommend! It paints on glass ! I do recommend a clear sealer if you want to make it last! I am currently painting custom shoes! Follow me on ig @_desididit
8432,8432_1,1,纸质媒介 (Paper & Pads),绘本/写生本,sketch pad,B00ZC9JK4Q,posca,4,I bought these markers for my 8 year old daughter to use on a sketch pad.,I bought these markers for my 8 year old daughter to use on a sketch pad.  My older daughter uses them. The only thing I do not like is that they have to shake the markets to get more paint to go to the tip and my kids get paint all over themselves.
8438,8438_3,3,勾线与细节 (Detailing & Outlining),铅笔/橡皮,pencil,B00ZC9JK4Q,posca,4,It is able to cover up pencil markings with two layers of ink.,Use on paper that does not bleed easily. There's plenty of uses for these markers but I prefer paper and wood. It is able to cover up pencil markings with two layers of ink. Super easy to use.
8458,8458_4,4,表面保护 (Finishing & Protection),亮油/保护喷雾,top coat,B00ZC9JK4Q,posca,5,Cover the top coat with some mod podge sealant from the craft store.,LOVE THESE. They have nothing compatible in the USA. I’m an artist and I used it to make a mural on my coffee table. Cover the top coat with some  mod podge sealant from the craft store.
8458,8458_4,4,表面保护 (Finishing & Protection),密封胶,sealant | mod podge,B00ZC9JK4Q,posca,5,Cover the top coat with some mod podge sealant from the craft store.,LOVE THESE. They have nothing compatible in the USA. I’m an artist and I used it to make a mural on my coffee table. Cover the top coat with some  mod podge sealant from the craft store.
8488,8488_2,2,纸质媒介 (Paper & Pads),绘本/写生本,sketchbook,B00ZC9JK4Q,posca,5,"Love the colours, theres a good variety and they go well together so you could really fill a whole sketchbook with just these colours.","I dont know what more to say, these are amazing! Love the colours, theres a good variety and they go well together so you could really fill a whole sketchbook with just these colours. THey're very opaque and dry very smooth. Ive worked with them on Acrylic paper, toned paper, wood panels and watercolour paper and they held up well on all. Had some pilling on the watercolour paper but just waited till dry and brushed it off just fine."
8516,8516_8,8,涂色与创作 (Coloring & Greeting),贺卡/信封,envelopes,B00ZC9JK4Q,posca,3,"I thought maybe the cardstock was the problem so I tried the markers out on other surfaces, but the same thing happened with envelopes and regular copy paper.","After reading many reviews and studying several different brands, I decided to go with these for many reasons but mainly for the paint's opacity and the pastel colors included in the set. My main reason for needing these is for calculating and writing in the daily and weekly total hours worked per project on employee's timecards each payroll; so, using a utensil that is very bright, opaque, and superior to all of the handwriting underneath it is a must. I was so excited to begin using these but was immediately devastated as soon as I opened the first one. These were not at all as opaque as I had seen in almost all of the reviews but most concerningly, they were destroying the paper (cardstock) and pulling up little shreds of it with every mark made; the first picture of mine shows an example of both the paper and the marker tip after writing with it. DISCLAIMER: I was not using excessive force or doing anything while using these that would have contributed to this happening. I thought maybe the cardstock was the problem so I tried the markers out on other surfaces, but the same thing happened with envelopes and regular copy paper.  I have not seen another review that mentions this same type of issue occurring and all of the other picture's I've seen show pretty smooth lines so I'm hopeful that this is not an inevitable issue I'm facing.The other concern I have (and can hopefully also chalk up to them being defective) is the quality of the ink in what I received compared to what I expected. You can see my results in the second picture I attached where I tested out each color and then made a comparison up against another brand of paint markers I frequently use. In each line I made using the POSCA markers, the top half is the result after just 1 coat and the bottom half is 2-3 coats VS just 1 coat of the other brand marker; quite the difference and not at all the same product everyone is raving about. NOTE: we have a Steel Fabrication company and use oil based paint markers regularly in our shop; this is where I first snagged the IMC brand marker from and immediately became obsessed. Seeing how fantastically opaque and solid their finished product is, I'm sure you're wondering why I'm on the hunt for a different brand and not sticking with using those and that's because those are industrial purposed, which works great, but because they're not typically made for artsy things, their color selection is very limited and they're only sold by the case :(  So anyways, I am going to reach out to the seller and try and get their opinion on whether or not they think the quality of the markers I received is simply due to them being defective and from there, I can only hope that they are willing to send me replacement set for free. If for some reason this ends up not being the resolution to my issue, I will follow up with an update."
8531,8531_5,5,纸质媒介 (Paper & Pads),水彩纸/多媒体纸,watercolor paper,B00ZC9JK4Q,posca,5,"Best suited for watercolor paper, cardboard and other heavier substrates.","I have several of these markers and am getting ready to add to my collection by purchasing a full set. The key factor is to do your home work. Yes, on thin paper you will get ""pilling"" these are ""art markers"" with a water based paint. They can be used on many surfaces and substrates , however not cheap paper.. Best suited for watercolor paper, cardboard and other heavier substrates. Not realistic to give a poor review if your not using as intended."
8551,8551_1,1,表面保护 (Finishing & Protection),密封胶,mod podge,B00ZC9JK4Q,posca,5,"We used these for rock painting (after the rocks had been sprayed with a coat of Mod Podge to seal them), and they covered them beautifully!","We used these for rock painting (after the rocks had been sprayed with a coat of Mod Podge to seal them), and they covered them beautifully! It doesn't take long for the colors to dry, either."
8570,8570_3,3,表面保护 (Finishing & Protection),亮油/保护喷雾,fixative,B00ZC9JK4Q,posca,5,Held up layer after layer of paint and set after being sprayed with workable fixative.,I used these to paint my skates. The colors were easy to layer and easily dries under hairdryer. Held up layer after layer of paint and set after being sprayed with workable fixative.
8585,8585_1,1,纸质媒介 (Paper & Pads),重磅马克笔纸,thick paper,B00ZC9JK4Q,posca,4,Ok so I haven’t bought these one how ever I have all lot and these are the best paint marker out there the only this is you need good paper for it and not just some regular sketch book paper u need some what thick paper like water color paper so yeah just be aware of that,Ok so I haven’t bought these one how ever I have all lot and these are the best paint marker out there the only this is you need good paper for it and not just some regular sketch book paper u need some what thick paper like water color paper so yeah just be aware of that
8615,8615_2,2,纸质媒介 (Paper & Pads),黑卡纸/本,black paper,B00ZC9JK4Q,posca,5,"Most importantly, they are opaque and have good coverage even on black paper.","I've tried several brands of paint markers and posca are my favorite so far. Most importantly, they are opaque and have good coverage even on black paper. I love the finish they have when dry, more satin than pure matte. The pastel colors are gorgeous and coordinate with one another. That was an issue I found with other sets.The nibs are sturdy and dense. The paint flows smoothly. Even the box was nice. If you've been debating if posca is worth the higher price, I'd definitely recommend trying a set."
8633,8633_1,1,勾线与细节 (Detailing & Outlining),铅笔/橡皮,pencil,B00ZC9JK4Q,posca,5,Had to pencil in my 4skn worked great,Had to pencil in my 4skn worked great
8634,8634_2,2,纸质媒介 (Paper & Pads),重磅马克笔纸,marker paper,B00ZC9JK4Q,posca,5,"The paper peeling does happen-not as bad as they say- however, be mindful to get complimenting paint marker paper.","I love my Posca pens!The feel of this chunky pen in my hand alone and it’s clean smooth finish I could use these for everything. The paper peeling does happen-not as bad as they say- however, be mindful to get complimenting paint marker paper. The prep lasts for continued use without drying out or clogging. Again the color is vivid and lovely. I only want to collect all colors and nib mms."
8699,8699_3,3,纸质媒介 (Paper & Pads),黑卡纸/本,black paper,B00ZC9JK4Q,posca,5,"I tried drawing on white and black paper, rocks, wood, wall and it works fine.","Very satisfying to draw with. The colours are just beautiful. I tried drawing on white and black paper, rocks, wood, wall and it works fine."
8832,8832_2,2,辅助与创意 (Tools & Accessories),便携笔袋/盒,holder,B013NMZ92U,posca,5,"The holder is a bit flimsy which is kind of annoying, but if you put them in a drawer or different container then that is probably not an issue.","My daughter loves these. The holder is a bit flimsy which is kind of annoying, but if you put them in a drawer or different container then that is probably not an issue."
8844,8844_2,2,纸质媒介 (Paper & Pads),绘本/写生本,mixed media pad,B013NMZ92U,posca,5,"I thought they were expensive, but like to encourage my niece's creative interests, so got her this pack and a black mixed-media pad.She opened both and drew the rest of the evening - even letting me try them.","My niece wanted Posca markers after an artist she follows recommended them. I thought they were expensive, but like to encourage my niece's creative interests, so got her this pack and a black mixed-media pad.She opened both and drew the rest of the evening - even letting me try them. They're smooth and vibrant. I can see why people love them.I bought a highly-rated, less expensive product that I'd like to compare to these; however, if you have the cash and want these, they're probably worth the splurge."
8850,8850_1,1,纸质媒介 (Paper & Pads),绘本/写生本,sketch pad,B013NMZ92U,posca,5,These markers are the best and goes well with a sketch pads for kids,These markers are the best and goes well with a sketch pads for kids
9091,9091_1,1,辅助与创意 (Tools & Accessories),镂空模板,stencils,B01N5HUE1P,ARTISTRO,5,Using these paint pens with stencils to individualize some plain ceramics I purchased.,Using these paint pens with stencils to individualize some plain ceramics I purchased. They are perfect
9115,9115_3,3,表面保护 (Finishing & Protection),亮油/保护喷雾,clear coat,B01N5HUE1P,ARTISTRO,5,There wasn't any problems when the clear coat was added.,I bought these for rock painting. Easy to use and covers good. There wasn't any problems when the clear coat was added.
9650,9650_1,1,纸质媒介 (Paper & Pads),绘本/写生本,sketchbook,B01N5HUE1P,ARTISTRO,3,I use them mostly for mixed media sketchbook art.,"I use them mostly for mixed media sketchbook art. Some colors are perfect (blue, purple, orange, red) but the silver, gold and yellow are horrible. They make thoses little sloppy residus, or straight up dont work. The blue nib is like dry and not consistent in the flow. If they all work like the red, they would have been perfect. But sadly, not gonna purchase again.Édit : Great customer service! 5 stars for that"
9658,9658_2,2,表面保护 (Finishing & Protection),亮油/保护喷雾,sealer,B01N5HUE1P,ARTISTRO,5,They work great and do not run when sealed with either spray or paint on sealer.,"Really like these pens for painting on rocks & stones.  They work great and do not run when sealed with either spray or paint on sealer. I have no real complaints about the pens other than I wish a black was included and also as good a color selection as the Artistro fine paint pen set, which I also use."
9709,9709_1,1,辅助与创意 (Tools & Accessories),镂空模板,stencils,B01N5HUE1P,ARTISTRO,5,"I really like these, makes painting my stencils easier.","I really like these, makes painting my stencils easier. I just do not like they look streaky after on glass, so you may need to touch up with paint on a brush. Otherwise great buy."
9730,9730_1,1,辅助与创意 (Tools & Accessories),镂空模板,stencils,B01N5HUE1P,ARTISTRO,4,Good buy for good price I used paint pens to decorate some canvas bags with stencils that I had🤞 it works,Good  buy for good price  I used paint pens to decorate some canvas bags with stencils that I had🤞 it works
9943,9943_1,1,涂色与创作 (Coloring & Greeting),成人涂色书,coloring book | adult coloring,B01N5HUE1P,ARTISTRO,5,Love the colors and I use them on my adult coloring books.,Love the colors and I use them on my adult coloring books.
10174,10174_3,3,纸质媒介 (Paper & Pads),绘本/写生本,art journal,B01N5HUE1P,ARTISTRO,5,"I have used them in my art journals and large mixed medium artworks, and they look great!","These medium-sized bullet point markers create beautiful, bold colors and work great on top of other mediums. The large bullet nib creates even bold lines with an opaque color. I have used them in my art journals and large mixed medium artworks, and they look great! I have had the fine point markers for almost a year now and am so happy I decided to try these as well! I'll definitely be returning to this brand and checking out the other products they offer. Very pleased with this product!"
10225,10225_1,1,纸质媒介 (Paper & Pads),黑卡纸/本,black cardstock,B01N5HUE1P,ARTISTRO,5,"These paint markers arrived fast!I bought the 12 marker set with medium tips to use with watercolor paper and black cardstock paper.So far all the colors I've used work really well,the paint is so opaque and flows smoothly!I'm impressed by the quality of these markers for the price :)","These paint markers arrived fast!I bought the 12 marker set with medium tips to use with watercolor paper and black cardstock paper.So far all the colors I've used work really well,the paint is so opaque and flows smoothly!I'm impressed by the quality of these markers for the price :)"
10225,10225_1,1,纸质媒介 (Paper & Pads),水彩纸/多媒体纸,watercolor paper,B01N5HUE1P,ARTISTRO,5,"These paint markers arrived fast!I bought the 12 marker set with medium tips to use with watercolor paper and black cardstock paper.So far all the colors I've used work really well,the paint is so opaque and flows smoothly!I'm impressed by the quality of these markers for the price :)","These paint markers arrived fast!I bought the 12 marker set with medium tips to use with watercolor paper and black cardstock paper.So far all the colors I've used work really well,the paint is so opaque and flows smoothly!I'm impressed by the quality of these markers for the price :)"
10243,10243_3,3,辅助与创意 (Tools & Accessories),镂空模板,stencils,B01N5HUE1P,ARTISTRO,5,I also purchased stencils.,"these are great for crafting.  I bought wooden ornament cut outs and had my mom, sister and myself paint and design these for Christmas.  I also purchased stencils.  The colors were beautiful, pens are ease to use and overall they worked well with what we had.  definitely purchasing more!! Jesus with the cross was used with these acrylic paint pens.  They were perfect for what we were doing.  Love them!!!  Am very happy with the results!!  we just need more colors please!!  :)"
10366,10366_3,3,纸质媒介 (Paper & Pads),绘本/写生本,art journal,B01N5HUE1P,ARTISTRO,5,"My daughter Melissa & I use them for painting on stones, card making & art journaling.","These paint pens are lovely to use.. very smooth & beautiful colours. My daughter Melissa & I use them for painting on stones, card making & art journaling. We purchased a pack in 2018 & won a pack in 2019 in an Instagram giveaway!  I will definitely buy them again ☺️ Mel & Bel x"
10436,10436_2,2,表面保护 (Finishing & Protection),亮油/保护喷雾,varnish,B01N5HUE1P,ARTISTRO,5,"Two coats of varnish to weather protect them, and they should be good for another few years.","Very easy to use and enabled me to do some small touch ups on garden ornaments. Two coats of varnish to weather protect them, and they should be good for another few years."
10485,10485_2,2,表面保护 (Finishing & Protection),亮油/保护喷雾,sealer,B01N5HUE1P,ARTISTRO,5,I personally used it on slate and used a sealer overtop...,"Great quality, easy to use and quick to dry. I personally used it on slate and used a sealer overtop... it did not bleed through. So happy with my purchase and definitely recommend it."
10910,10910_2,2,表面保护 (Finishing & Protection),亮油/保护喷雾,sealer,B01N5HUE1P,ARTISTRO,5,Used with clear sealer to protect and enhance colors.,Paint rocks with kids for holidays. Used with clear sealer to protect and enhance colors.
11044,11044_2,2,辅助与创意 (Tools & Accessories),镂空模板,stencils,B01N5HUE1P,ARTISTRO,5,The kids used them with stencils on pieces of wood.,I bought these to use for a Christmas craft in my daughter's first grade classroom.  The kids used them with stencils on pieces of wood.  They were easy to use and the kids loved them!  They were perfect!  Great for all ages!
11075,11075_2,2,涂色与创作 (Coloring & Greeting),成人涂色书,coloring book,B01N5HUE1P,ARTISTRO,5,"for me it's for my coloring books and crastock print Design's, they are super Juicy but don't link or bleed thrue and they cover a black background in no time and i use these to do some Glaactic sky's and added some amazing acccents to my projects, with a bit of imagintions the possibility are endless and the colors are spectacular, i'm a huge fan of Artistro Paint pens, because they really worked well and the quality is perfect so hifghly recommand these to everyones who love to added some vivid effect to their projects!","I absolutely love these Acrylic Paint pens, i never use these on rocks or Glass NO! for me it's for my coloring books and crastock print Design's, they are super Juicy but don't link or bleed thrue and they cover a black background in no time and i use these to do some Glaactic sky's and added some amazing acccents to my projects, with a bit of imagintions the possibility are endless and the colors are spectacular, i'm a huge fan of Artistro Paint pens, because they really worked well and the quality is perfect so hifghly recommand these to everyones who love to added some vivid effect to their projects!"
11113,11113_4,4,表面保护 (Finishing & Protection),亮油/保护喷雾,sealer,B01N5HUE1P,ARTISTRO,5,They last a long time when covered with a sealer.,These are amazing! Everyone loves the rocks we make with them! An awesome way to spread a message. They last a long time when covered with a sealer. So fun and easy to use! Highly recommended
11148,11148_3,3,表面保护 (Finishing & Protection),密封胶,sealant,B01N5HUE1P,ARTISTRO,5,Paint stays put with a sealant for outside use.,This product was exactly what I was looking for. Easy for the kids to use and shows up vibrant on rocks. Paint stays put with a sealant for outside use.  I will be purchasing the finer tip pens for future use.  Hopefully they continue to work well and the tips don’t dry up before the paint is gone.
11238,11238_4,4,表面保护 (Finishing & Protection),亮油/保护喷雾,varnish,B01N5HUE1P,ARTISTRO,4,Allow plenty of time between coats and don’t push the mid down too hard.The colour of pen really is dependent on the colour and texture of the rock so choose rocks carefully and build the layers up or try paint pens which are stronger and don’t need varnish when finished,"Purchased for rock painting after reading reviews which all said how fantastic they are. The pens have an outer shell making them look bigger than they actually are, this can be unscrewed to reveal a smaller paint cartridge inside. They need a really good shake to get the pigment to mix but once prepared the pens have a good colour flow and work well.When painting on rocks, our reason for purchased, you need to build the payers up. Allow plenty of time between coats and don’t push the mid down too hard.The colour of pen really is dependent on the colour and texture of the rock so choose rocks carefully and build the layers up or try paint pens which are stronger and don’t need varnish when finished"
11359,11359_4,4,表面保护 (Finishing & Protection),亮油/保护喷雾,varnish,B01N5HUE1P,ARTISTRO,4,"To maintain their durability, I sprayed the finished rock with a light coat of clear varnish.","I got these paint pens for my eight-year-old granddaughter to use for rock painting, which we did together. These, along with some fine-point paint pens, really worked well. I'm glad I ordered them. To maintain their durability, I sprayed the finished rock with a light coat of clear varnish."
11454,11454_2,2,纸质媒介 (Paper & Pads),黑卡纸/本,black paper,B01N5HUE1P,ARTISTRO,5,They used them to draw on black paper and most colors worked well - one marker (orange) seems damaged.,"I bought these pens for my nieces to do some fun Halloween crafts with. They used them to draw on black paper and most colors worked well - one marker (orange) seems damaged. It’s very watery and won’t come out at full color, it’s very diluted and when I try to shake it up, it doesn’t improve. I think the pigment hardened and won’t mix with the clear fluid so it wouldn’t appear well on the black paper my nieces used for crafts. Anyway, I also ended up using them myself to recreate the tshirt from Stranger Things and they worked great! I’m too scared to wash the shirt lol so I can’t say if they would hold up in the wash, but all in all, fair price for this product and they are good paint pens."
11454,11454_4,4,纸质媒介 (Paper & Pads),黑卡纸/本,black paper,B01N5HUE1P,ARTISTRO,5,I think the pigment hardened and won’t mix with the clear fluid so it wouldn’t appear well on the black paper my nieces used for crafts.,"I bought these pens for my nieces to do some fun Halloween crafts with. They used them to draw on black paper and most colors worked well - one marker (orange) seems damaged. It’s very watery and won’t come out at full color, it’s very diluted and when I try to shake it up, it doesn’t improve. I think the pigment hardened and won’t mix with the clear fluid so it wouldn’t appear well on the black paper my nieces used for crafts. Anyway, I also ended up using them myself to recreate the tshirt from Stranger Things and they worked great! I’m too scared to wash the shirt lol so I can’t say if they would hold up in the wash, but all in all, fair price for this product and they are good paint pens."
11459,11459_2,2,表面保护 (Finishing & Protection),亮油/保护喷雾,sealer,B01N5HUE1P,ARTISTRO,3,The flow is not as nice and colors bled when applying the sealer.,I really loved the markers before they were “improved” but was disappointed in the new version. The flow is not as nice and colors bled when applying the sealer. Very disappointed.
11469,11469_1,1,纸质媒介 (Paper & Pads),绘本/写生本,art journal,B01N5HUE1P,ARTISTRO,5,J'utilise ces markers dans mes travaux d'art journal et ils sont parfaits!,J'utilise ces markers dans mes travaux d'art journal et ils sont parfaits! ils concurrencent aisément d'autres marques bien plus chères! Bonne couvrance  et peinture homogène à condition de bien agiter son marker avant de s'en servir.
11510,11510_7,7,勾线与细节 (Detailing & Outlining),铅笔/橡皮,pencil,B01N5HUE1P,ARTISTRO,5,My little niece spent 2 hours quietly drawing something on her pencil box :),"I am extremely satisfied with this purchase. Bought the pens to make some DIY gifts for upcoming Valentine's day. They work just as expected, I really like their fine tips. I tested them on a silicone (case for a phone), a t-shirt and a mug. All things look just right. I uploaded the mug photo, so you can see how they actualy work.Have to add, it might be a good gift for any DIYer or a child. My little niece spent 2 hours quietly drawing something on her pencil box :)"
11649,11649_2,2,表面保护 (Finishing & Protection),亮油/保护喷雾,varnish,B01N5HUE1P,ARTISTRO,5,Put varnish over the plates I used though,Work amazing! Put varnish over the plates I used though
11692,11692_7,7,表面保护 (Finishing & Protection),密封胶,sealant,B01N5HUE1P,ARTISTRO,1,Applied 2 coats of waterproof and UV-resistant sealant.,"SO disappointed.  Worked with the PTA to bring a rock art project to over 200 elementary school students.  I purchased 5 sets for school use and 2 for my personal use.  I used these markers after reading multiple reviews.  Product states that they are durable and colorfast and can be used on stone.  Reviews recommended these for rock art.  Applied 2 coats of waterproof and UV-resistant sealant.  Less than a month in to a mild Pacific NW summer, ALL of the reds, pinks and oranges on the rocks have faded to white.  Even the sealed ones placed under cover (out of rain and sun) at my house have faded.  I have used a lot of sealants, and the one I used for this project has sealed other acrylic, outdoor art, and has lasted for over 2 years.  Thus I know the sealant used was not the issue.  Now an entire school is going to be disappointed when they return from summer break to see that all their beautiful art has faded.  I DO NOT recommend this product.  If only I could get my money back but it's the students' disappointment that will be tougher to bear.  :("
11692,11692_11,11,表面保护 (Finishing & Protection),密封胶,sealant,B01N5HUE1P,ARTISTRO,1,Thus I know the sealant used was not the issue.,"SO disappointed.  Worked with the PTA to bring a rock art project to over 200 elementary school students.  I purchased 5 sets for school use and 2 for my personal use.  I used these markers after reading multiple reviews.  Product states that they are durable and colorfast and can be used on stone.  Reviews recommended these for rock art.  Applied 2 coats of waterproof and UV-resistant sealant.  Less than a month in to a mild Pacific NW summer, ALL of the reds, pinks and oranges on the rocks have faded to white.  Even the sealed ones placed under cover (out of rain and sun) at my house have faded.  I have used a lot of sealants, and the one I used for this project has sealed other acrylic, outdoor art, and has lasted for over 2 years.  Thus I know the sealant used was not the issue.  Now an entire school is going to be disappointed when they return from summer break to see that all their beautiful art has faded.  I DO NOT recommend this product.  If only I could get my money back but it's the students' disappointment that will be tougher to bear.  :("
11725,11725_1,1,表面保护 (Finishing & Protection),密封胶,sealant,B01N5HUE1P,ARTISTRO,4,"The sealant spray that came with the paint pens, a light coat does not like to dry good.","The sealant spray that came with the paint pens, a light coat does not like to dry good. After 6 daays it is sticky.....ruined my ornaments for my chemo visit!"
11818,11818_1,1,表面保护 (Finishing & Protection),密封胶,mod podge,B01N5HUE1P,ARTISTRO,5,"Had these for a year now and I used them on shot glasses to make custom designs on the glass<br>I recommend dealing with mod podge or nail polish if you’re on a budget, the colors are great.","Had these for a year now and I used them on shot glasses to make custom designs on the glass<br>I recommend dealing with mod podge or nail polish if you’re on a budget, the colors are great. Pens worked well. Dried up in expected time, doesn’t take forever just don’t over do it to prevent drip and don’t touch it! Ha<br>Even used it on canvas bags and was able to draw with detail.<br>Thank you!!"
11876,11876_3,3,辅助与创意 (Tools & Accessories),火漆/装饰,stamps,B01N5HUE1P,ARTISTRO,5,You can even color the markers on stamps then use the stamps for designs ...,"Worked great, dries fast. Fun for T-shirt’s, glass etc. You can even color the markers on stamps then use the stamps for designs ..."
12181,12181_4,4,辅助与创意 (Tools & Accessories),镂空模板,stencils,B01N5HUE1P,ARTISTRO,5,I use them for coloring in stencils over acrylic artwork.,Love love love these!  Love the fact they are acrylic paints and not alcohol based like markers.  Go on very smooth and are highly pigmented.  I use them for coloring in stencils over acrylic artwork.  Nice smooth flow.  Beautiful colors.  Going to order a set with finer points for the small detail work.
12251,12251_2,2,表面保护 (Finishing & Protection),亮油/保护喷雾,varnish,B01N5HUE1P,ARTISTRO,5,We did not use any varnish and tested these in the garden in all weathers and the colours were still lovely if a little faded.,Bought for painting on rocks with the children and leaving out for others to find. We did not use any varnish and tested these in the garden in all weathers and the colours were still lovely if a little faded. We have had lots of use out of one pack. Not great for little details but the kids love them and I have done some lovely spotty rocks etc myself too. These were recommended to me and I would recommend them!
12256,12256_4,4,涂色与创作 (Coloring & Greeting),贺卡/信封,envelopes,B01N5HUE1P,ARTISTRO,2,I also tried using them on plastic padded envelopes for shipping and the same thing happened.,"I used these paint markers on smooth, sanded wood. I have a small business making custom wood signs and thought I would give these acrylic paint markers a try. The tips of these markers started to shred apart and leave little pieces of fuzzies in my paint. I also tried using them on plastic padded envelopes for shipping and the same thing happened. The colors are great and vibrant but the tips are poorly made."
12287,12287_2,2,纸质媒介 (Paper & Pads),涂鸦板/卡片,tags,B01N5HUE1P,ARTISTRO,3,"I bought them because they were 'wood' paint pens, but on my smooth wood tags, the writing bled everywhere.","The paint is gorgeous colors and the felt tip is high quality, but they are NOT great on wood. I bought them because they were 'wood' paint pens, but on my smooth wood tags, the writing bled everywhere. I can't even use them for what I bought them for unfortunately."
12429,12429_6,6,表面保护 (Finishing & Protection),亮油/保护喷雾,varnish,B01N5HUE1P,ARTISTRO,5,"I varnished my finished rocks the same day with a brush-on clear-acrylic varnish, and had no trouble at all with bleeding colors.","Bright, pretty colors. The pink is a pale, soft pastel. The gold looks like gilding—wow! Paint flow is excellent. I use them for rock painting. I varnished my finished rocks the same day with a brush-on clear-acrylic varnish, and had no trouble at all with bleeding colors. The pen barrel is clear, so you can see how much paint is left. Great product. I will purchase again!"
12460,12460_1,1,纸质媒介 (Paper & Pads),绘本/写生本,sketchbook,B01N5HUE1P,ARTISTRO,5,I used the paint pens to paint the black cover of me sketchbook.,"I used the paint pens to paint the black cover of me sketchbook. Adhesion, coverage and colors were all very good.Very happy with my purchase."
12491,12491_1,1,辅助与创意 (Tools & Accessories),镂空模板,stencils,B01N5HUE1P,ARTISTRO,1,"I bought these to paint on ceramic tiles using stencils.Nope, smeared and seeped under the stencil.","I bought these to paint on ceramic tiles using stencils.Nope, smeared and seeped under the stencil.  Not useable for what I needed them for."
12540,12540_2,2,纸质媒介 (Paper & Pads),水彩纸/多媒体纸,watercolor paper,B06ZYKRQJQ,posca,5,"The colors are super vibrant, work well on watercolor paper and thicker, dried fast and worth the money 100%!!!The one thing I will warn about is when you're using the marker for the first time, do NOT point the nib towards the paper like it says.","Works so amazing! The colors are super vibrant, work well on watercolor paper and thicker, dried fast and worth the money 100%!!!The one thing I will warn about is when you're using the marker for the first time, do NOT point the nib towards the paper like it says. It will squit so much paint out! Instead what I do is put marker upside down, nib facing up, and press on the nib to release air pressure. THEN shake and press onto paper until nib is soaked in paint."
12574,12574_3,3,表面保护 (Finishing & Protection),亮油/保护喷雾,varnish,B06ZYKRQJQ,posca,5,Strongly suggest varnish or put a protective coating over your art so preserve.,Gorgeous colors. No streaks when applying to large areas. Strongly suggest varnish or put a protective coating over your art so preserve. Makes it look amazing.
12654,12654_9,9,纸质媒介 (Paper & Pads),绘本/写生本,sketchbook,B06ZYKRQJQ,posca,5,You may be able to get away with using them on thick paper like Bristol board or a sketchbook cover.,I like the posca pens. Are they worth it? Sure if you really really want them. They are well made. These will probably be the last time I buy them because they are not my go to art supplies. I would recommend getting them (if you must have them) when they are on sale or sale prices are cheaper for a time.I’m terms of performance they are really good. I wouldn’t recommend them used on paper by themselves because they are water based. Use them over gouache or acrylic for a base. You may be able to get away with using them on thick paper like Bristol board or a sketchbook cover. I have not tried them on other surfaces. But I have heard they are good rocks.
12654,12654_9,9,纸质媒介 (Paper & Pads),重磅马克笔纸,thick paper,B06ZYKRQJQ,posca,5,You may be able to get away with using them on thick paper like Bristol board or a sketchbook cover.,I like the posca pens. Are they worth it? Sure if you really really want them. They are well made. These will probably be the last time I buy them because they are not my go to art supplies. I would recommend getting them (if you must have them) when they are on sale or sale prices are cheaper for a time.I’m terms of performance they are really good. I wouldn’t recommend them used on paper by themselves because they are water based. Use them over gouache or acrylic for a base. You may be able to get away with using them on thick paper like Bristol board or a sketchbook cover. I have not tried them on other surfaces. But I have heard they are good rocks.
12732,12732_2,2,纸质媒介 (Paper & Pads),水彩纸/多媒体纸,watercolor paper,B06ZYKRQJQ,posca,5,You do get better color saturation on watercolor paper vs.,"They lay down the paint well. You do get better color saturation on watercolor paper vs. acrylic paper. They don't bleed like a lot of paint pens. But, with the felt tip you will see some wear.Hands down will keep buying these!"
12777,12777_4,4,表面保护 (Finishing & Protection),亮油/保护喷雾,sealer,B06ZYKRQJQ,posca,5,"If there’s some type of sealer one should use with these pens, the seller should list that in the description.","I used these pens to paint my sneakers as a hobby project. I am really happy with the outcome and how the shoes look! I don’t know if the paint will survive usage, but it looks great right now.  If there’s some type of sealer one should use with these pens, the seller should list that in the description. That would be helpful.In general, beautiful vibrant colors, dries fairly quickly (I’d say a few minutes). I thought 2 or 3 coats worked best on the surface of the sneakers.Happy with this purchase!"
12801,12801_2,2,勾线与细节 (Detailing & Outlining),铅笔/橡皮,rubber,B06ZYKRQJQ,posca,5,Some pens arrived wrapped in a rubber band which was weird but the others were in a Posca branded box.,11 year old daughter is very happy with these. Some pens arrived wrapped in a rubber band which was weird but the others were in a Posca branded box.
12830,12830_4,4,纸质媒介 (Paper & Pads),绘本/写生本,art journal,B06ZYKRQJQ,posca,5,"They are great for art journaling, rock painting, wood and most other surfaces.","I love Posca pens! This is my second order as I use them continuously in my art. I also have the fine tip as well as the large tips. They are great for art journaling, rock painting, wood and most other surfaces."
12889,12889_1,1,纸质媒介 (Paper & Pads),绘本/写生本,sketch pad,B06ZYKRQJQ,posca,5,Christmas giving is sometimes hard even when you know your grandchildren .My 11 year old budding artist requested this gift in particular.I added multimedia sketch pad and a folder to store completed works.It was a slam dunk!!,Christmas giving is sometimes hard even when you know your grandchildren .My 11 year old budding artist requested this gift in particular.I added multimedia sketch pad and a folder to store completed works.It was a slam dunk!!  She began sketching under the tree as breakfast was prepared!
12906,12906_8,8,表面保护 (Finishing & Protection),密封胶,mod podge,B06ZYKRQJQ,posca,5,"It’s easy to put Mod Podge or any other coat on them, because they don’t bleed or smear.","I use these to make shrink-plastic pins, earrings, and keychains. I LOVE. THEM. SO. MUCH. They’re the best investment I’ve ever made art-wise. They’re bright, bold, opaque, and the don’t peel or run. It’s easy to put Mod Podge or any other coat on them, because they don’t bleed or smear. I’m in love."
12943,12943_1,1,辅助与创意 (Tools & Accessories),便携笔袋/盒,carrying case,B06ZYKRQJQ,posca,5,"This is a great value for your money, the only thing that could have been better is getting some sort of carrying case.","This is a great value for your money, the only thing that could have been better is getting some sort of carrying case."
12952,12952_9,9,勾线与细节 (Detailing & Outlining),铅笔/橡皮,pencil,B06ZYKRQJQ,posca,3,They cover pencil or even ink fairly well with just one coat.,"Even though I don't mind not having a nice box or packaging for these paint markers, I was very disappointed to see all 29 of them thrown together in a bag that was ripped down the side inside of its amazon packaging. Were they not individually sealed, I would have thought I'd been sold a used item. So be sure your markers come in better packaging or are individually wrapped.<br><br>Secondly, I was worried as a first-time user because when I first used opened one of the markers the tip was white and dry. I shook and shook the marker and could not for the life of me get color to come out until I googled how to prep the marker correctly as the item did not come with instructions (I'm sure they say on the markers, but they're in Japanese which I cannot read- I understand this is partly on me for ordering an item from a foreign company, but with their rising popularity they really should have instructions in other languages as well if on nothing else but the listing). However, I was able to find directions on their official website as mentioned, so I digress.<br><br>To get your markers to work, you must shake them (you will hear a noise, this is normal) and then ""pump"" the marker a few times. That is, if you push the tip down on a piece of paper it will go into the marker and you will start to see the paint flow onto the tip. The website said to pump one or two times but I find I need to pump it for much more than that, but maybe each marker is different. This is easy enough to do and I don't mind the prepping at all, I just wish I knew this beforehand so I didn't almost lose my mind thinking I was sold defective markers.<br><br>The colors are very bright and pop well, even with pastels. They cover pencil or even ink fairly well with just one coat. Being as bright as they are they might not work for every project, but I bought them because of that uniqueness. I have not used them much but I have noticed the tip will flake a bit when covering large areas which is annoying, so I wish they'd used a different material but I'm not an expert on other options so maybe this was the best they could do.<br><br>Overall, they're expensive as art supplies tend to be, but they're a solid brand with a good reputation. I just probably wouldn't buy them from amazon again due to the poor packaging and instructions. Hopefully they last me a while and don't dry out."
12990,12990_2,2,表面保护 (Finishing & Protection),亮油/保护喷雾,varnish,B06ZYKRQJQ,posca,5,"They are durable, and with a Krylon Varnish, are durable indoors and out.","I use Uni Poscas on glass, metal, concrete, clay, rocks and wood. They are durable, and with a Krylon Varnish, are durable indoors and out."
13000,13000_3,3,纸质媒介 (Paper & Pads),绘本/写生本,sketchbook,B06ZYKRQJQ,posca,3,"Make sure you have thick paper too, they eat up my thin sketchbook paper quickly if I go over the same area too often.","I only received 22 markers when the product says 29. Fun markers though, be patient with them bc they can smudge very easily. Make sure you have thick paper too, they eat up my thin sketchbook paper quickly if I go over the same area too often."
13000,13000_3,3,纸质媒介 (Paper & Pads),重磅马克笔纸,thick paper,B06ZYKRQJQ,posca,3,"Make sure you have thick paper too, they eat up my thin sketchbook paper quickly if I go over the same area too often.","I only received 22 markers when the product says 29. Fun markers though, be patient with them bc they can smudge very easily. Make sure you have thick paper too, they eat up my thin sketchbook paper quickly if I go over the same area too often."
13043,13043_2,2,纸质媒介 (Paper & Pads),黑卡纸/本,black paper,B06ZYKRQJQ,posca,5,"The markers can be used on black paper, they are just amazing!","Perfect for art class. The markers can be used on black paper, they are just amazing!"
13059,13059_2,2,纸质媒介 (Paper & Pads),水彩纸/多媒体纸,watercolor paper,B06ZYKRQJQ,posca,5,"They work best on mixed media or hot press watercolor paper, thicker tooth paper tends to leave them chunky I found.","Love these! They work best on mixed media or hot press watercolor paper, thicker tooth paper tends to leave them chunky I found."
13083,13083_8,8,纸质媒介 (Paper & Pads),水彩纸/多媒体纸,watercolor paper,B06ZYKRQJQ,posca,3,"But, honestly, you're better off doing more research and investing in a different acrylic pen set or just reg acrylic paint.Also, I've heard a lot of people have issues using these on paper (even heavy-weight watercolor paper).","I'm a painter (primarily acrylic) and I kept seeing my fellow artists posting pics bragging about Posca pens. I decided to give em a go and well.... They're kinda lack-luster. I've worked with other acrylic paint pens that are a fraction of the cost and just as good. The lighter colors aren't very opaque but I am impressed by the opacity of the darker colors. The color selection is okay. The value for this set, compared to what individual pens retail is good. But, honestly, you're better off doing more research and investing in a different acrylic pen set or just reg acrylic paint.Also, I've heard a lot of people have issues using these on paper (even heavy-weight watercolor paper). Just prime the paper with a layer of white acrylic/house paint and then use the pens on top of that to prevent pilling."
13112,13112_6,6,勾线与细节 (Detailing & Outlining),铅笔/橡皮,rubber,B06ZYKRQJQ,posca,5,The dark colors came in with a rubber band tbh.,"I was so excited when I got them! Honestly I love the tip of the marker and it’s amazing. Honestly the only problem was basically starting to use them. First time use, the markers let out a bit more than expected of the ink/liquid. They’re still amazing and I gotten used to them pretty quick. The dark colors came in with a rubber band tbh. That had me confused but I got a lot of them."
13198,13198_2,2,表面保护 (Finishing & Protection),亮油/保护喷雾,sealer,B06ZYKRQJQ,posca,3,Even sprayed the rocks with a uv protection sealer and the colors faded in a week.,I bought these to use on garden rocks. Even sprayed the rocks with a uv protection sealer and the colors faded in a week. The cheap ones I bought a couple of years ago are way better as far as staying power they don’t flow as well as the posca pens but they were a better value for the money. Only buy if they are for indoors.
13224,13224_2,2,纸质媒介 (Paper & Pads),绘本/写生本,sketch pad,B06ZYKRQJQ,posca,5,They are used mostly on a heavy weight sketch pad.,My 13 y/o likes these. They are used mostly on a heavy weight sketch pad. Looks good and does not bleed thru. They have also been used to decorate “crocs”.
13237,13237_8,8,辅助与创意 (Tools & Accessories),便携笔袋/盒,pen stand,B06ZYKRQJQ,posca,2,"This package did not even meet up to walmart paint pen standards, unfortunately.","For the price, these should be 5 star paint pens. I spent 45 minutes reading paint pen reviews before I chose. It was an overwhelming consensus that these were the very best. In the package I got, some were opened from their individual plastic sheaths (although didn't seem to be used) and sone were not. Some gave good coverage. Some dumped all the liquid out at the beginning with no paint despite vigorous shaking and priming, then were spent. I read rave reviews and paid top dollar. This package did not even meet up to walmart paint pen standards, unfortunately. It wouldn't really matter that much to me if they were a normal price but for that money, they should be phenomenal."
13287,13287_1,1,纸质媒介 (Paper & Pads),重磅马克笔纸,thick paper,B06ZYKRQJQ,posca,5,"Art product for more advanced artists, remember to buy super thick paper and not just any printer paper because the paint will cause the paper to fall apart as you're coloring.","Art product for more advanced artists, remember to buy super thick paper and not just any printer paper because the paint will cause the paper to fall apart as you're coloring."
13363,13363_2,2,勾线与细节 (Detailing & Outlining),铅笔/橡皮,pencil,B06ZYKRQJQ,posca,5,They kept the new pencil!,because I needed a pointer during Covid and mandatory in-person assessments for students to use. They kept the new pencil!
13373,13373_2,2,涂色与创作 (Coloring & Greeting),成人涂色书,coloring book,B06ZYKRQJQ,posca,5,There great for coloring books .,"These are great markers. There great for coloring books . They write smooth without bleeding! Durable, easy to use and dry quickly!"
13375,13375_4,4,表面保护 (Finishing & Protection),亮油/保护喷雾,sealer,B06ZYKRQJQ,posca,5,"They must be sealed to be permanent, but they hold up well on porous surfaces, even without a sealer.","Of all my acrylic paint markers, Posca are my favorite! This set has a wonderful range of colors, for the price of $47 it can’t be beat! These pens will draw/write on practically ANY surface. They must be sealed to be permanent, but they hold up well on porous surfaces, even without a sealer. It is important to follow the instructions before using them the first time and it’s also a good idea to pull out the nibs and wash them after using and before you store them a long time. The nibs are easy to replace and if they do get clogged, most colors will wash out after soaking the nib overnight. I use these to paint, sketch and label. They are just acrylic paint and you can enjoy all the endless applications of using regular acrylic paints! I love them! Thank you :)"
13378,13378_3,3,纸质媒介 (Paper & Pads),黑卡纸/本,black paper,B06ZYKRQJQ,posca,5,"I’m posting pictures here to show the vibrant contrast against black paper, but they can be used on canvases (great with acrylic paints) and on top of other inks.","The love these markers. My daughter (who is an actual artist) told me about them and so I ordered a bunch. I’m posting pictures here to show the vibrant contrast against black paper, but they can be used on canvases (great with acrylic paints) and on top of other inks. I’m obsessed.I know I’m not an artist, but zentangles have saved my mental health through this year of lockdown. Highly recommend the black paper/Posca/zentangle experience 👏👏"
13378,13378_5,5,纸质媒介 (Paper & Pads),黑卡纸/本,black paper,B06ZYKRQJQ,posca,5,Highly recommend the black paper/Posca/zentangle experience 👏👏,"The love these markers. My daughter (who is an actual artist) told me about them and so I ordered a bunch. I’m posting pictures here to show the vibrant contrast against black paper, but they can be used on canvases (great with acrylic paints) and on top of other inks. I’m obsessed.I know I’m not an artist, but zentangles have saved my mental health through this year of lockdown. Highly recommend the black paper/Posca/zentangle experience 👏👏"
13460,13460_1,1,纸质媒介 (Paper & Pads),水彩纸/多媒体纸,mixed media paper,B06ZYKRQJQ,posca,5,These are so amazing I tested them out on some mixed media paper and I love them!,These are so amazing I tested them out on some mixed media paper and I love them! Great value.
13461,13461_4,4,勾线与细节 (Detailing & Outlining),铅笔/橡皮,pencil,B06ZYKRQJQ,posca,5,Depending on how hard your pencil lines are you may need to layer the marker over it.,"They dry quickly, and as long as you let it dry it won’t smear. The tip can do thinner and thicker lines depending on how you hold the marker. Overall good performance. Depending on how hard your pencil lines are you may need to layer the marker over it. (In the attached images I used a mixed media sketch book and it did not bleed onto other pages)"
13511,13511_3,3,纸质媒介 (Paper & Pads),水彩纸/多媒体纸,mixed media paper,B06ZYTZXG2,posca,5,"They tend to make the paper pill a bit (even mixed media paper), but it still looks nice.","These Posca pens are great.  They're basically like having gouache in a pen, so you get that nice solid flat colour look.  They tend to make the paper pill a bit (even mixed media paper), but it still looks nice.  There's a really good range of colour in this set."
13608,13608_2,2,表面保护 (Finishing & Protection),密封胶,sealant,B06ZYTZXG2,posca,5,They cover well and no running when I applied the acrylic sealant!,If you are a rock painter these are for you! They cover well and no running when I applied the acrylic sealant!
13722,13722_3,3,勾线与细节 (Detailing & Outlining),铅笔/橡皮,pencil,B06ZYTZXG2,posca,3,She was a little disappointed that the lighter colors do not disguise pencil lines.,My daughter was stoked to try these paint pens after watching videos of lots of people using them. She does like them a lot. She was a little disappointed that the lighter colors do not disguise pencil lines. They maybe aren’t so much for beginners who can freehand draw without creating an outline first. The other thing is that the colors run out quick. She was obsesses with yellow and ran it completely out with 3 paintings. I wish I could buy these markers easily individually. They are so expensive that I don’t want to spend money on an entire set again for just one color. A cheaper option that is more easily replaced might be better for us in the future.
13743,13743_2,2,纸质媒介 (Paper & Pads),绘本/写生本,sketchbook,B06ZYTZXG2,posca,5,"I used to paint but it’s so time consuming to do because of my schedule and don’t get me started on setting up/ cleaning up, but these are perfect for me I can take them any & everywhere and bring a canvas or sketchbook and just vibe.","Saw a video of someone using these on Pinterest and immediately had to get them and I fell in love. I used to paint but it’s so time consuming to do because of my schedule and don’t get me started on setting up/ cleaning up, but these are perfect for me I can take them any & everywhere and bring a canvas or sketchbook and just vibe. The colors are so vibrant and dense/solid. Some of the markers would get a little opaque during application but just give it a good shake or press the marker down a lil and it will come out like normal."
13763,13763_1,1,纸质媒介 (Paper & Pads),重磅马克笔纸,thick paper,B06ZYTZXG2,posca,5,Bold colors that work on thick paper or even leather.,"Bold colors that work on thick paper or even leather. The set even includes a few metallics, which was a pleasant surprise. My 11-yr-old loves them!"
13951,13951_7,7,纸质媒介 (Paper & Pads),绘本/写生本,sketchbook,B06ZYTZXG2,posca,5,"The sketchbook is an Artist's Touch hardcover sketchbook, so it's just regular sketching paper and they work perfectly on it.","These are amazing! After wanting these for years in finally bit the bullet and I'm so happy I did. The swatches are incredible. The line on the very left is the 15pc box with the standard colors. The white lines on each of the swatches are white posca pen, the dots are a white gel pen, and the black lines are a sakura pigma micron. Obviously they are absolutely incredible. The sketchbook is an Artist's Touch hardcover sketchbook, so it's just regular sketching paper and they work perfectly on it."
13962,13962_6,6,表面保护 (Finishing & Protection),密封胶,sealant,B06ZYTZXG2,posca,4,"the blues will run if sprayed with a sealant (this was not the case a few years ago) and the oranges and pinks require several coats to fully cover the surface, as they are somewhat translucent.","I have used Posca Paint Markers for years and I am still a fan, but I feel like the formula has changed and the quality is not as high as it used to be. That being said, these are still pretty good and they are a good value choice. Posca markers tend to leak more than other professional quality paint markers, such as MOLOTOW or Krink. They also dry out more quickly than more expensive brands. Several colors are specifically frustrating; the blues will run if sprayed with a sealant (this was not the case a few years ago) and the oranges and pinks require several coats to fully cover the surface, as they are somewhat translucent. The colors are bright in general but some colors are dull and can appear muddy compared to other brands. These will stick to most surfaces and are pretty permanent. The variety of shades for the price make these a good starter set. I recommend only shaking the markers downward 2-3 times before pumping the paint. If used on paper surfaces, the marker tips can easily get ruined and the tips will not be as crisp so that can lead to uneven line thickness. These used to be much more expensive, and the packaging reflects the affordability of the current product line."
13964,13964_3,3,勾线与细节 (Detailing & Outlining),铅笔/橡皮,rubber,B06ZYTZXG2,posca,4,I bought it for a gift and didn't expect it to come bundled in rubber bands and plastic bags.,"I should have read the description more clearly. In my mind, being a set, these pens would come in a case or at least in a box with Posca packaging. I bought it for a gift and didn't expect it to come bundled in rubber bands and plastic bags. Anyway, my fault I guess. I'm sure they will work just the same. Just need to work out how to package them."
14007,14007_1,1,勾线与细节 (Detailing & Outlining),铅笔/橡皮,rubber,B06ZYTZXG2,posca,5,"Uni posca paint pens are an incredible addition to my arsenal of art supplies.High quality, opaque and easy to use.Most of the tips are reversible.Try them on wood, rocks, canvases, even on fabric if you start with rubber cement, then a layer of acrylic!Enjoy these amazingly satisfying pens.","Uni posca paint pens are an incredible addition to my arsenal of art supplies.High quality, opaque and easy to use.Most of the tips are reversible.Try them on wood, rocks, canvases, even on fabric if you start with rubber cement, then a layer of acrylic!Enjoy these amazingly satisfying pens."
14117,14117_3,3,纸质媒介 (Paper & Pads),水彩纸/多媒体纸,watercolor paper,B06ZYTZXG2,posca,5,I use them on smooth watercolor paper so they don't warp the paper and so I don't ruin the tips!,These are my favorite pens in the world. They work a lot like acrylic paint but in a pen! I use them on smooth watercolor paper so they don't warp the paper and so I don't ruin the tips! You can layer the colors on top of the others as long as you let the bottom layer dry first! If the paint ever looks transparent you need to shake it and push the nib a tiny bit and dab a little on a random piece of paper to test it and it should work well again!
14143,14143_3,3,勾线与细节 (Detailing & Outlining),铅笔/橡皮,rubber,B06ZYTZXG2,posca,5,She has most recently been painting the rubber toe part of shoes.,"I got these for my eighth grade daughter. She LOVES them. She has most recently been painting the rubber toe part of shoes. She is able to fill in large areas and do small detail work. The pens work well, the colors are good - as pictured, and the paint dries quickly. They are pretty matte finish (maybe from painting on rubber) so she added a layer of modge podge as a top coat to give a more shiny appearance."
14143,14143_6,6,勾线与细节 (Detailing & Outlining),铅笔/橡皮,rubber,B06ZYTZXG2,posca,5,They are pretty matte finish (maybe from painting on rubber) so she added a layer of modge podge as a top coat to give a more shiny appearance.,"I got these for my eighth grade daughter. She LOVES them. She has most recently been painting the rubber toe part of shoes. She is able to fill in large areas and do small detail work. The pens work well, the colors are good - as pictured, and the paint dries quickly. They are pretty matte finish (maybe from painting on rubber) so she added a layer of modge podge as a top coat to give a more shiny appearance."
14143,14143_6,6,表面保护 (Finishing & Protection),亮油/保护喷雾,top coat,B06ZYTZXG2,posca,5,They are pretty matte finish (maybe from painting on rubber) so she added a layer of modge podge as a top coat to give a more shiny appearance.,"I got these for my eighth grade daughter. She LOVES them. She has most recently been painting the rubber toe part of shoes. She is able to fill in large areas and do small detail work. The pens work well, the colors are good - as pictured, and the paint dries quickly. They are pretty matte finish (maybe from painting on rubber) so she added a layer of modge podge as a top coat to give a more shiny appearance."
14145,14145_2,2,纸质媒介 (Paper & Pads),绘本/写生本,sketchbook,B06ZYTZXG2,posca,5,"I use these in my sketchbook to add color to the pages, and I really love them!","I got these in the Fine Point size because I thought Extra Fine might be too small--I figure that I'd rather have a slightly larger tip to make filling larger areas less tedious and then go in with a small micron where finer details are needed. I use these in my sketchbook to add color to the pages, and I really love them! They don't bleed through the page, which is nice. They are vibrant, and the color selection in this set is great. Very versatile.I still think it would be nice to have a larger tip--I may buy some chisel tip or medium tipped pens in two or three colors that I know I'll use a lot."
14224,14224_5,5,表面保护 (Finishing & Protection),亮油/保护喷雾,sealer,B071DHGPBP,posca,5,They don't run when I apply acrylic sealer to my rocks!!,I've not used these for anything other than drawing on Rocks! They are fantastic!! I do wish they came in some VERY VERY fine tips. Make sure to shake pens well if they've been siting for max color. They don't run when I apply acrylic sealer to my rocks!! PERFECT!!!!!!
14224,14224_5,5,表面保护 (Finishing & Protection),密封胶,acrylic sealer,B071DHGPBP,posca,5,They don't run when I apply acrylic sealer to my rocks!!,I've not used these for anything other than drawing on Rocks! They are fantastic!! I do wish they came in some VERY VERY fine tips. Make sure to shake pens well if they've been siting for max color. They don't run when I apply acrylic sealer to my rocks!! PERFECT!!!!!!
14226,14226_2,2,纸质媒介 (Paper & Pads),绘本/写生本,sketchbook,B071DHGPBP,posca,5,"Bold bright colors and no bleed, perfect for my sketchbook.","I can almost never touch an alcohol marker again after using these paint pens, they're addicting^^ I was hesitant due to the price but now I see it's worth. Bold bright colors and no bleed, perfect for my sketchbook. Limited colors but it's good for color theory and choosing a pallete. Stop reading and buy these now dude!!"
14325,14325_1,1,辅助与创意 (Tools & Accessories),贴纸/胶水,stickers,B071DHGPBP,posca,5,I swear you can get stickers with a dark background and write on them and the bright color from the markers would pop and stand out.,"I swear you can get stickers with a dark background and write on them and the bright color from the markers would pop and stand out. So awesome. Worth getting, these are my nephews though I use them from time to time. Worth every penny. Get it.The color markers would stand out anywhere even on darker paper or type of paper at that get em."
14361,14361_2,2,纸质媒介 (Paper & Pads),水彩纸/多媒体纸,mixed media paper,B071DHGPBP,posca,5,"Was hesitant to get them, even considering too that they were imports but i decided to give it a shot.<br>They didn’t come in a package, just a plastic bag as pictured but that wasn’t too much of a bother.<br>I tested out each one on mixed media paper to make sure ink was flowing through and each one worked without problem.<br>I gave a trial run and drew a mini flower and it was neat, vibrant and the colors are fun to use for layering.<br>Definitely recommend this brand, and these markers are just 👌🏼👌🏼👌🏼","Super satisfied with these markers. Was hesitant to get them, even considering too that they were imports but i decided to give it a shot.<br>They didn’t come in a package, just a plastic bag as pictured but that wasn’t too much of a bother.<br>I tested out each one on mixed media paper to make sure ink was flowing through and each one worked without problem.<br>I gave a trial run and drew a mini flower and it was neat, vibrant and the colors are fun to use for layering.<br>Definitely recommend this brand, and these markers are just 👌🏼👌🏼👌🏼"
14460,14460_4,4,表面保护 (Finishing & Protection),亮油/保护喷雾,varnish,B071DHGPBP,posca,5,"Only thing is the paint is low-sheen when it dries, so you may want to paint on a low sheen varnish to protect your design.","I love these. I have them out all the time next to a bowl of smooth stones. Kids can pick up a stone anytime and start creating a work of art with these paint markers. Only thing is the paint is low-sheen when it dries, so you may want to paint on a low sheen varnish to protect your design. A little sheen makes colors pop—and last longer. Keep designs out of direct sunlight, colors might fade after a year or so. But all the paintings we’ve gotten out of these and none of them have run dry yet. Impressive."
14462,14462_8,8,表面保护 (Finishing & Protection),密封胶,sealant,B071DHGPBP,posca,4,I spray sealant over the paint after it's dry so it won't run.,"These pens come recommend for using to paint rocks. I use them for that. I have to hold open to paper to get paint to flow, but that could ruin whatever you're trying to paint so I get paint flowing on a small pallet or paper and then dip my pen in and they work really well for my purpose. I also get paint blotch out and then fill in my outline or shape but accidents do happen and paint can gush out too fast and run all over.  If you're on a painting spree, they run out pretty quick. I cannot let my kids use them because if you push down too hard, the tip goes up inside and won't work at all. You also have to be patient for colors to dry so you don't stain your pen a different color. I spray sealant over the paint after it's dry so it won't run. I paint right on rock to prevent it from running as soon as I seal."
14475,14475_2,2,纸质媒介 (Paper & Pads),水彩纸/多媒体纸,watercolor paper | mixed media paper,B071DHGPBP,posca,5,"They dry very quickly and layer well.<br><br>I tested them on watercolor paper, blackboard paper, mixed media paper, brown paper, and pink construction paper.","All the colors work beautifully. They dry very quickly and layer well.<br><br>I tested them on watercolor paper, blackboard paper, mixed media paper, brown paper, and pink construction paper. They worked well on all but the blackboard paper, which was too soft and absorbed the ink too much/would flake off if more was applied. The Posca markers did not bleed on any of the other papers and the colors were very strong.<br><br>My only complaint is they came individually wrapped in plastic."
14494,14494_4,4,纸质媒介 (Paper & Pads),绘本/写生本,sketchbook,B071DHGPBP,posca,4,"They just cannot replace a Molotow or a Liquitex for canvas work.<br><br>Pros:<br>-Great flow.<br>-Easy to get the paint going to the nib.<br>-Nice packaging overall.<br>-Nice range of colors.<br>-Colors are decently saturated.<br><br>Cons:<br>-Not traditional acrylic paint colors like Prussian Blue or Titanium White, so you have to play around a bit if you are doing line work on your canvas.<br>-Splatters a wee bit on canvas and it's because the canvas can be 'toothy' but a poster board or paper is not.<br>-Can kind of 'eat' at paper a bit if you are working in a sketchbook and you over-saturate your page.","If you are working on canvas with Liquitex or Golden or any other traditional artist acrylics, these colors do not exactly match the traditional colors. Acrylic paint pens like Molotow, Montana or Liquitex will be more to your liking. However, I did like these pens a lot. They just cannot replace a Molotow or a Liquitex for canvas work.<br><br>Pros:<br>-Great flow.<br>-Easy to get the paint going to the nib.<br>-Nice packaging overall.<br>-Nice range of colors.<br>-Colors are decently saturated.<br><br>Cons:<br>-Not traditional acrylic paint colors like Prussian Blue or Titanium White, so you have to play around a bit if you are doing line work on your canvas.<br>-Splatters a wee bit on canvas and it's because the canvas can be 'toothy' but a poster board or paper is not.<br>-Can kind of 'eat' at paper a bit if you are working in a sketchbook and you over-saturate your page."
14519,14519_3,3,纸质媒介 (Paper & Pads),水彩纸/多媒体纸,mixed media paper,B071DHGPBP,posca,5,I haven't tried other surfaces but they layer pretty nicely on mixed media paper with little to no warping.,"Overall, I'm pretty impressed with these paint pens. There's a good range of colors and they're all pretty opaque. I haven't tried other surfaces but they layer pretty nicely on mixed media paper with little to no warping. As shown in the pictures, I compared the black paint pen to a Sharpie and a Bic marker in terms of ghosting, and then paint pen did the best (while the Bic marker did the worst).<br><br>My one gripe would be the excessively wasteful packaging. There were two boxes included (as well as the silver and gold pens, totaling to 21 pens) and in one of the boxes, each pen was individually wrapped. This seems completely unnecessary as the pen caps are hard to accidentally take off and for the color to leak, the pen would have to be pumped sans cap (within the box) multiple times forcefully, which seems unlikely to happen during transit. What's strange is that the pens weren't individually wrapped in the other box... In the future, I hope they'll switch to cardboard boxes and stop with the shrink wrapping."
14556,14556_13,13,纸质媒介 (Paper & Pads),绘本/写生本,sketchbook,B071DHGPBP,posca,4,"Since the colors aren't readable for me on the pens, I numbered each pen lid and made a chart in my sketchbook of the colors and numbers.<br><br>When I created this chart, I found that they pill up on textured watercolor paper.","I have heard so many good things about Posca Pens, I decided to get some.  I ordered a combined set that totaled 21 pens.<br><br>The first thing I didn't expect was that they were all individually shrink wrapped. Each pen.  Whew, that took some time to get them all out of the wrapping.<br><br>The second thing I wasn't expecting is that you need to prime them the first time you use each pen.  The first one just flooded out onto my paper.  Don't shake more than a few times and then press the tip on the paper gently!  You'll still have a small amount of paint come out, but not gushing.  Don't prime on your work surface, prime on an extra sheet of paper.  Otherwise you'll have a small puddle of paint on your work.<br><br>The next thing is that, although I did receive all 21 pens, I didn't get two of the colors that were listed, instead got two other colors in their place.  Peach and Yellow Green were not included, instead I received Pink and Aqua Blue.  That wasn't a big deal, there are enough colors that I won't miss the ones missing, and will use the substituted colors.<br><br>It took a while to figure out which colors I actually had because the writing on the packaging and on the pens is all in Japanese.  I've seen some that are in English, and if I did this again, I'd definitely make sure I got pens with English.  Since the colors aren't readable for me on the pens, I numbered each pen lid and made a chart in my sketchbook of the colors and numbers.<br><br>When I created this chart, I found that they pill up on textured watercolor paper.  This was noted in other reviews I read, so I wasn't surprised.<br><br>All in all, now that I've primed all the pens and made my chart of colors and figured out what paper to use, I'm ready to go and think I will enjoy these pens.  :)  They really are a good price!"
14556,14556_13,13,纸质媒介 (Paper & Pads),水彩纸/多媒体纸,watercolor paper,B071DHGPBP,posca,4,"Since the colors aren't readable for me on the pens, I numbered each pen lid and made a chart in my sketchbook of the colors and numbers.<br><br>When I created this chart, I found that they pill up on textured watercolor paper.","I have heard so many good things about Posca Pens, I decided to get some.  I ordered a combined set that totaled 21 pens.<br><br>The first thing I didn't expect was that they were all individually shrink wrapped. Each pen.  Whew, that took some time to get them all out of the wrapping.<br><br>The second thing I wasn't expecting is that you need to prime them the first time you use each pen.  The first one just flooded out onto my paper.  Don't shake more than a few times and then press the tip on the paper gently!  You'll still have a small amount of paint come out, but not gushing.  Don't prime on your work surface, prime on an extra sheet of paper.  Otherwise you'll have a small puddle of paint on your work.<br><br>The next thing is that, although I did receive all 21 pens, I didn't get two of the colors that were listed, instead got two other colors in their place.  Peach and Yellow Green were not included, instead I received Pink and Aqua Blue.  That wasn't a big deal, there are enough colors that I won't miss the ones missing, and will use the substituted colors.<br><br>It took a while to figure out which colors I actually had because the writing on the packaging and on the pens is all in Japanese.  I've seen some that are in English, and if I did this again, I'd definitely make sure I got pens with English.  Since the colors aren't readable for me on the pens, I numbered each pen lid and made a chart in my sketchbook of the colors and numbers.<br><br>When I created this chart, I found that they pill up on textured watercolor paper.  This was noted in other reviews I read, so I wasn't surprised.<br><br>All in all, now that I've primed all the pens and made my chart of colors and figured out what paper to use, I'm ready to go and think I will enjoy these pens.  :)  They really are a good price!"
14564,14564_1,1,表面保护 (Finishing & Protection),亮油/保护喷雾,top coat,B071DHGPBP,posca,4,The thing I like most of these pens is they dont scratch the top coat on my plaster.,The thing I like most of these pens is they dont scratch the top coat on my plaster. The thing I like least? Some markers leave blobs/puddles of paint. I'm 50/50 on recommending.
14668,14668_1,1,涂色与创作 (Coloring & Greeting),成人涂色书,coloring book,B07BBWPKW3,TOOLI-ART,5,Coloring books and some stones.,Coloring books and some stones.
14685,14685_2,2,纸质媒介 (Paper & Pads),水彩纸/多媒体纸,cold press,B07BBWPKW3,TOOLI-ART,5,Great for precision work on both small canvases and on cold pressed watercolor arches.,"Unlike some products that you constantly have to shake or press the tip, once these markers are correctly primed, you rarely have to do anything except just pick them up and paint. Great for precision work on both small canvases and on cold pressed watercolor arches. They arrived sooner than promised, were well-packaged to prevent them from drying out in transit, and were easy to prime and use. I would definitely love have a larger range of colors of these and I will definitely purchase again!"
14693,14693_7,7,纸质媒介 (Paper & Pads),绘本/写生本,art journal,B07BBWPKW3,TOOLI-ART,5,I do art journaling and you can draw very small shapes and faces with these.,These pens are great! I tried Dyan Reaveley pens and  they don’t really work. Then I got some Posca paint pens. They work well but the tips are too thick and they dry with a chalk finish. These pens have a smooth finish when dry and the colors are great. The tips are very fine but can fill in larger areas too. I do art journaling and you can draw very small shapes and faces with these. I highly recommend them!
14739,14739_3,3,涂色与创作 (Coloring & Greeting),成人涂色书,coloring book,B07BBWPKW3,TOOLI-ART,3,I also didn't get the coloring book with it,I thought these would be at least the size of a normal pen. These are small and I'm can't imagine them lasting that long. I also didn't get the coloring book with it
14746,14746_1,1,涂色与创作 (Coloring & Greeting),成人涂色书,coloring book,B07BBWPKW3,TOOLI-ART,5,I use these for my coloring books and they are some of the best I have used!!!,I use these for my coloring books and they are some of the best I have used!!! Very smooth and excellent color. No problem getting the pen primed.
14750,14750_5,5,表面保护 (Finishing & Protection),亮油/保护喷雾,clear coat,B07BBWPKW3,TOOLI-ART,5,Spray clear coat goes on them really nicely.,"I really like these pens. Very easy to use. The tips are perfect for what I do with my art. Water proof, drys fast, bright colors, flow is good and easy to control. Spray clear coat goes on them really nicely. I will buy again and recomend."
14804,14804_3,3,表面保护 (Finishing & Protection),亮油/保护喷雾,clear coat,B07BBWPKW3,TOOLI-ART,5,They did not run or bleed when I sprayed clear coat on the rocks to seal them.,Very nice set. I use them for painting rocks. They did not run or bleed when I sprayed clear coat on the rocks to seal them.
14839,14839_1,1,纸质媒介 (Paper & Pads),水彩纸/多媒体纸,watercolor paper,B07BBWPKW3,TOOLI-ART,5,"Drawing, paintings, coloring books, watercolor paper.","Drawing, paintings, coloring books, watercolor paper. Haven't used on ceramics or rocks since I'm not interested at this time. Thanks for your follow up. I think you'll go far with the kind customer service.  Smiles, Janet Long"
14839,14839_1,1,涂色与创作 (Coloring & Greeting),成人涂色书,coloring book,B07BBWPKW3,TOOLI-ART,5,"Drawing, paintings, coloring books, watercolor paper.","Drawing, paintings, coloring books, watercolor paper. Haven't used on ceramics or rocks since I'm not interested at this time. Thanks for your follow up. I think you'll go far with the kind customer service.  Smiles, Janet Long"
14864,14864_3,3,纸质媒介 (Paper & Pads),重磅马克笔纸,160gsm,B07BBWPKW3,TOOLI-ART,2,This was 160gsm paper which can withstand watercolor markers and ink with no bleed through.<br><br>Viscosity was not consistent.,"On the video I uploaded I had only used the markers to draw the snowflakes (I used watercolor markers to write “January”). You can see the bleed through on the other side of the paper. This was 160gsm paper which can withstand watercolor markers and ink with no bleed through.<br><br>Viscosity was not consistent. Meaning some markers were watery. Blending was hard, markers would dry to fast and then I would get the clumping. I used these markers on 4 different papers, I had the best results with bee creative marker paper, but still had clumpy blending.<br><br>The 1st day I used these markers I had better results than the very next day. On the 1st day I followed all the directions on the back of the box before using markers: shook, aired out, primed, washed nibs after use. The second day I shook again, some markers were still watery. I aired them out and they were still watery. I also now found that the markers were harder to blend, even on the better bee creative paper.<br><br>Maybe I will try playing with them some more, I do want them to work, but I don’t want them to frustrate me."
14864,14864_6,6,纸质媒介 (Paper & Pads),重磅马克笔纸,marker paper,B07BBWPKW3,TOOLI-ART,2,"I used these markers on 4 different papers, I had the best results with bee creative marker paper, but still had clumpy blending.<br><br>The 1st day I used these markers I had better results than the very next day.","On the video I uploaded I had only used the markers to draw the snowflakes (I used watercolor markers to write “January”). You can see the bleed through on the other side of the paper. This was 160gsm paper which can withstand watercolor markers and ink with no bleed through.<br><br>Viscosity was not consistent. Meaning some markers were watery. Blending was hard, markers would dry to fast and then I would get the clumping. I used these markers on 4 different papers, I had the best results with bee creative marker paper, but still had clumpy blending.<br><br>The 1st day I used these markers I had better results than the very next day. On the 1st day I followed all the directions on the back of the box before using markers: shook, aired out, primed, washed nibs after use. The second day I shook again, some markers were still watery. I aired them out and they were still watery. I also now found that the markers were harder to blend, even on the better bee creative paper.<br><br>Maybe I will try playing with them some more, I do want them to work, but I don’t want them to frustrate me."
14910,14910_12,12,表面保护 (Finishing & Protection),亮油/保护喷雾,clear coat,B07BBWPKW3,TOOLI-ART,5,Didn’t smear at all when I put on the clear coat to seal it.Really happy with this purchase.,"Smooth bright ink and a quality superfine tip. Completely odorless. Caps secure tightly with a nice “click” so you won’t end up with dried out pens.I bought these for painting metal garden markers. I’m not a great artist, but I’m very pleased with the outcome.28 colors PLUS two each of white and black. The white is very nice to use, and a good bright white. Dries really fast too. Each marker is individually wrapped in plastic, and comes in a sturdy box. Love the size of the pens too! Nice for detail work. I just tapped tip on a paper towel if I pressed too hard and got too much. Very easy to clean. Didn’t smear at all when I put on the clear coat to seal it.Really happy with this purchase."
14938,14938_8,8,涂色与创作 (Coloring & Greeting),成人涂色书,coloring book,B07BBWPKW3,TOOLI-ART,2,"I use it in the disney mystere coloring books.<br>The downside is that no matter how I store them, they leak.","It took a bit of trial and error to figure out how to use these better without getting a bunch of texture. The ink flows well and I like that you can see how much is left in the pen. I like that the colors are numbered but i wish it took in cosideration the other sets. I have to use my swatch numbers to remember which color belongs to which set so i can keep them organized. The colors are good. It has a good assortment. It takes about 3 coats to make a solid opaque color with thinner layers. I use it in the disney mystere coloring books.<br>The downside is that no matter how I store them, they leak. So far it's only a few colors. I keep them usually vertical now in a bag, so they don't leak, but they still leak. I don't mind having to shake them a little extra to mix before using.<br><br>In short, I  like these markers and I actually prefer them over posca pens for the color and ink coverage. The price is good and the color range is good.<br><br>Update 8/26: more pens starting leaking. No matter which way I store them they get drippy. :(<br>9/18: even if I don't pump them at all they drip all over and all over my coloring pages."
14940,14940_3,3,涂色与创作 (Coloring & Greeting),成人涂色书,coloring book | adult coloring,B07BBWPKW3,TOOLI-ART,5,"I've used only several markers, coloring 1 page outta my adult coloring book, but I'll be using more colors on diff page's, drawing on tshirts, shoes &amp;","I absolutely love these paint markers xtra fine tips!!🤩 Bright vivid colors &amp; are exactly wht I ordered. I've used only several markers, coloring 1 page outta my adult coloring book, but I'll be using more colors on diff page's, drawing on tshirts, shoes &amp; my mini nail salon tables. I recommend these awesome markers@a very reasonable price, you Wont be disappointed 🤗. I also recommend the seller bcuz there's NO drama with dishonesty &amp; a stress free transaction, getting exactly wht you ordered. Plus, I got them delivered n 2 or 3 days after I purchased the markers. You'll be dealing with a very reliable seller. 🤗"
14974,14974_1,1,涂色与创作 (Coloring & Greeting),成人涂色书,adult coloring,B07BBWPKW3,TOOLI-ART,5,I bought these to do a bit of adult coloring.,"I bought these to do a bit of adult coloring. These are great. They prime very easily. The paint flows freely, but doesn't come out in big globs. The colors are magnificent! I love the selection of colors most of all. Lots of naturals! I will definitely be ordering these again. They're better than all other brands that I have tried, for sure."
14996,14996_4,4,表面保护 (Finishing & Protection),亮油/保护喷雾,sealer,B07BBWPKW3,TOOLI-ART,5,The colors are vibrant and do not bleed when sprayed with a sealer and the price was right!,"I was at a friends house when she received hers.  She opened them up and we tried most of the colors.  When I saw the color samples, I picked up my phone and ordered mine.  The colors are vibrant and do not bleed when sprayed with a sealer and the price was right!"
15005,15005_2,2,表面保护 (Finishing & Protection),亮油/保护喷雾,varnish,B07BBWPKW3,TOOLI-ART,5,Smear proof too..and I can varnish right over top.,These are exactly what I needed when working with acrylics.  Smear proof too..and I  can varnish right over top.  They work great for signing my name to my acrylic paintings too.
15053,15053_2,2,表面保护 (Finishing & Protection),亮油/保护喷雾,sealer,B07BBWPKW3,TOOLI-ART,5,Quick test with this rock and heavy spray of sealer.,AWESOME pens for Rockers! Quick test with this rock and heavy spray of sealer. Vibrant colors and no running. Better quality and value than Posca. Fine line is great for script too. I have already bought a second set and shared with our Rock Group.
15064,15064_2,2,涂色与创作 (Coloring & Greeting),成人涂色书,coloring book,B07BBWPKW3,TOOLI-ART,5,"Okay, your mileage may vary, but these don't bleed through the paper in the coloring book I'm working on right now!","Well... Okay, your mileage may vary, but these don't bleed through the paper in the coloring book I'm working on right now! The extra fine tip helps get into those really small nooks and crannies."
15166,15166_3,3,表面保护 (Finishing & Protection),亮油/保护喷雾,sealer,B07BBWPKW3,TOOLI-ART,5,A quick coat of sealer and my herbs and veggies were marked in style!,I bought these to decorate rocks for my garden. They worked perfectly and were nice and opaque and quick drying. A quick coat of sealer and my herbs and veggies were marked in style!
15181,15181_1,1,纸质媒介 (Paper & Pads),黑卡纸/本,black paper,B07BBWPKW3,TOOLI-ART,5,"I haven't had the opportunity to use the pens long enough to determine longevity, but they certainly fit the bill for what I need of them: painting on black paper in a book.","I haven't had the opportunity to use the pens long enough to determine longevity, but they certainly fit the bill for what I need of them: painting on black paper in a book. Haven't sealed them at all either, but I doubt it'll be an issue. Priming the pens and keeping them from drying out in use (I think, it's hard to tell) can be a bit of an issue, but not enough to knock off a rating."
15198,15198_4,4,表面保护 (Finishing & Protection),密封胶,sealant,B07BBWPKW3,TOOLI-ART,5,They also have a bright sheen to them when they dry and look as if they already have a sealant on them.,"I LOVE these paint pens. I have had no issues with pooling of paint or splattering(so long as what I’m painting on isn’t really rough, but that’s true for all paint pens) The color is VERY bright and it’s smooth. These paint pens don’t  leave lines like others. They also have a bright sheen to them when they dry and look as if they already have a sealant on them. I will be ordering the bigger tipped markers and the Metallica, plus any other colors of paint pen sets they produce bc their product is just that wonderful💕"
15238,15238_1,1,涂色与创作 (Coloring & Greeting),成人涂色书,coloring book,B07BBWPKW3,TOOLI-ART,5,amazing markers for coloring books and doesn’t bleed through,amazing markers for coloring books and doesn’t bleed through
15268,15268_2,2,涂色与创作 (Coloring & Greeting),成人涂色书,coloring book,B07BBWPKW3,TOOLI-ART,5,Good tones.<br>Perfect for coloring books.,A great set of markers. Good tones.<br>Perfect for coloring books. Easy to use.<br>A quality product.
15297,15297_7,7,表面保护 (Finishing & Protection),亮油/保护喷雾,sealer,B07BBWPKW3,TOOLI-ART,5,"The paint also does not run when sprayed with sealer, which is a huge plus to me.","I realize I'm starting to sound like an ad for this company, but I really do like these pens. Amazon doesn't like it when I quote other name brands, but suffice to say, I've tried A LOT of them. This brand of pen writes smoothly on a variety of surfaces. I mostly use it on beach rocks, scrawling outlines or filling in entire surfaces with color. Do not press down hard the way you would with a pen! I've never had a problem with pooling or the tip breaking on these, and I sure have with other brands. The paint also does not run when sprayed with sealer, which is a huge plus to me."
15311,15311_1,1,表面保护 (Finishing & Protection),密封胶,sealant,B07BBWPKW3,TOOLI-ART,5,"Definitely follow the instructions on the package for best results.<br>You'll have to shake em up well and prime the markers a few times if you use them after a couple days break.<br>But lots of colors, great fine tip, great quality from what I can tell.<br><br>Use acrylic sealant if you want the paint to be durable on ceramics","Definitely follow the instructions on the package for best results.<br>You'll have to shake em up well and prime the markers a few times if you use them after a couple days break.<br>But lots of colors, great fine tip, great quality from what I can tell.<br><br>Use acrylic sealant if you want the paint to be durable on ceramics"
15368,15368_1,1,表面保护 (Finishing & Protection),遮蔽胶带,masking tape,B07BBWPKW3,TOOLI-ART,5,"I initially bought the 18 pack, but quickly decided I needed MORE COLORS so I can paint MORE DETAILED DINOSAURS.<br>My hands and arms are very weak because of my disability, so I have some trouble getting the pens started sometimes unless someone helps me.<br>Helpful hint: I bought masking tape and made little labels for the caps of each pen because it can be hard to tell the difference between similar colors (or between gray and metallic silver, if you have bad eyes like I do) until you’ve actually painted with them.","I initially bought the 18 pack, but quickly decided I needed MORE COLORS so I can paint MORE DETAILED DINOSAURS.<br>My hands and arms are very weak because of my disability, so I have some trouble getting the pens started sometimes unless someone helps me.<br>Helpful hint: I bought masking tape and made little labels for the caps of each pen because it can be hard to tell the difference between similar colors (or between gray and metallic silver, if you have bad eyes like I do) until you’ve actually painted with them."
15394,15394_4,4,勾线与细节 (Detailing & Outlining),铅笔/橡皮,pencil,B07BBWPKW3,TOOLI-ART,5,It's almost like drawing with a pencil.,I was worried about using these . The paint stays so well in the pen and is so easy to handle! The tip is very fine and so easy to use. It's almost like drawing with a pencil. The acrylic paint was all we could use to decorate my twins helmet. I didnt want to get it wrapped and these helped great so I could do the art myself. Would recommend to anyone needing to paint things but need to for outlines . I did color parts in just took some time with the fine tip.
15414,15414_3,3,表面保护 (Finishing & Protection),密封胶,sealant,B07BBWPKW3,TOOLI-ART,5,Have never had any issues with chipping after drying (I do not use sealant).,"I've been using these to create signs for beers on tap at my bar for about 8 months or so and they are probably the best quality acrylic pens I've had my hands on.<br><br>They seem to last quite a long time and they're extremely versatile. I use them primarily on smooth wood that is coated with black chalkboard paint but I have also used them on cardboard, paper, canvas, and plastic. Have never had any issues with chipping after drying (I do not use sealant). Signs stay pretty dry, so I can't speak to how the acrylic handles an accidental splash of liquid.<br><br>The fine detail nibs are incredible and aren't easily ruined or dulled. Distribution of paint is consistent, though when it gets low you may find yourself pressing the tip more often. Nibs are easily replaceable and washable if you hit a clog (proper storage is necessary).<br><br>The colors in the E+ pack are perfect for what I need as a sign artist and you really can't beat the price for what you get. 5/5 stars by far."
15436,15436_4,4,辅助与创意 (Tools & Accessories),便携笔袋/盒,holder,B07BBWPKW3,TOOLI-ART,1,I alway keep these pens on their sides in a holder.,"At first when I received these pens I was happy with how they flowed.  Until some of them started to leak big globs all over my art.  They just flowed right out the pen tip.  I alway keep these pens on their sides in a holder.  Not reliable for me to use anymore and a waste of time and money.  Not cheap.  So,,, although some pens were fine you never knew which one was going to leave a blob of paint."
15480,15480_4,4,表面保护 (Finishing & Protection),亮油/保护喷雾,sealer,B07BBWPKW3,TOOLI-ART,5,"Dries FAST, seals well with brush on or spray sealer.","Bought these for extra supplies when painting rocks. Usually reach for poscas but am loving these Artooli. Clean smooth lines, easy to prime the pen, no extra paint pooled or bleeding. Dries FAST, seals well with brush on or spray sealer. Love the variety of fun colors. These will be a wonderful addition to creating kindness rocks. Am so impressed I bought two more sets to gift to fellow rockers"
15491,15491_3,3,表面保护 (Finishing & Protection),亮油/保护喷雾,clear coat,B07BBWPKW3,TOOLI-ART,5,I will spray a clear coat over the markers and see how the writing lasts.,"I needed pens to mark my metal plant labels.  They are very easy to prime, and the writing is legible.  I will spray a clear coat over the markers and see how the writing lasts.  I am very happy with this product"
15588,15588_1,1,辅助与创意 (Tools & Accessories),火漆/装饰,wax seal | stamps,B07D2LVYQZ,ARTISTRO,5,This pen set was purchased for craft projects and embellishing wax seal stamps.,"This pen set was purchased for craft projects and embellishing wax seal stamps. At a little over $1/pen, it's a great value. The pens work as expected/described, and ink color and saturation are also as expected. Happy!"
15616,15616_1,1,纸质媒介 (Paper & Pads),黑卡纸/本,black paper,B07D2LVYQZ,ARTISTRO,4,So I've been using these pens for a few days now (on black paper) and they are quite gorgeous and easy to use.,"So I've been using these pens for a few days now (on black paper) and they are quite gorgeous and easy to use. I love the colour choice that comes with them too. The only issue I've been having is that they're a little messy. Sometimes when I write the pen nib 'vibrates' against the paper and causes tiny ink splatters. They're very, very small so it's not noticeable for the most part, but they are there sometimes. Also, if you shake them with the cap off they MAY leak everywhere."
15619,15619_6,6,纸质媒介 (Paper & Pads),黑卡纸/本,black cardstock,B07D2LVYQZ,ARTISTRO,4,"I tried these on my wax seals and they just spread and wouldn't dry, so they don't work on wax.Where they really shined was on black cardstock.","They are fairly easy to activate with just a little shaking and nib presses. The main issue with this is that it will initially put out a lot of ink, and can be quite messy, plus I'm a little worried the fine nibs will become damaged from pressing over time.I had a bit of an issue with inconsistency with the drawing size. Some were thick, some were thin. On standard sketch paper, they were just okay. The metallic appearance is there, but a bit faint. I tried these on my wax seals and they just spread and wouldn't dry, so they don't work on wax.Where they really shined was on black cardstock. I am very happy with their performance there. Especially the white is very vivid and writes much smoother than my rougher sketch paper.Lastly, I would not really recommend these for rock painting. I haven't personally done this but they can put out a lot of ink that doesn't dry very fast if it globs out at once. Either way, you absolutely must have scratch paper available to reduce the ink drops before using them on whatever you're drawing on."
15619,15619_6,6,辅助与创意 (Tools & Accessories),火漆/装饰,wax seal,B07D2LVYQZ,ARTISTRO,4,"I tried these on my wax seals and they just spread and wouldn't dry, so they don't work on wax.Where they really shined was on black cardstock.","They are fairly easy to activate with just a little shaking and nib presses. The main issue with this is that it will initially put out a lot of ink, and can be quite messy, plus I'm a little worried the fine nibs will become damaged from pressing over time.I had a bit of an issue with inconsistency with the drawing size. Some were thick, some were thin. On standard sketch paper, they were just okay. The metallic appearance is there, but a bit faint. I tried these on my wax seals and they just spread and wouldn't dry, so they don't work on wax.Where they really shined was on black cardstock. I am very happy with their performance there. Especially the white is very vivid and writes much smoother than my rougher sketch paper.Lastly, I would not really recommend these for rock painting. I haven't personally done this but they can put out a lot of ink that doesn't dry very fast if it globs out at once. Either way, you absolutely must have scratch paper available to reduce the ink drops before using them on whatever you're drawing on."
15637,15637_3,3,纸质媒介 (Paper & Pads),黑卡纸/本,black paper,B07D2LVYQZ,ARTISTRO,5,Looks great on black paper.,These are great! Highly recommended. Looks great on black paper.
15662,15662_3,3,涂色与创作 (Coloring & Greeting),成人涂色书,coloring book,B07D2LVYQZ,ARTISTRO,5,I'm using them with a coloring book for a midday break and creativity.,"Bright, light, dark brilliant metallic colors that shine and sparkle!  The ink releases evenly on the page and dries fairly quickly.  I'm using them with a coloring book for a midday break and creativity.  These markers are fun and doing the job.  Afterwards, a color image to hang on the wall!"
15668,15668_2,2,勾线与细节 (Detailing & Outlining),铅笔/橡皮,pencil,B07D2LVYQZ,ARTISTRO,4,The black looks more like the color of pencil lead and the orange sometimes comes out dark orange and other times comes out metallic orange.,These are great fine tip paint markers except the colors are not quite right. The black looks more like the color of pencil lead and the orange sometimes comes out dark orange and other times comes out  metallic orange. These worked better than the Posca pens I just returned. The Posca pens paint leaked out of the pen.
15669,15669_3,3,纸质媒介 (Paper & Pads),黑卡纸/本,black paper,B07D2LVYQZ,ARTISTRO,5,The ink is opaque so can be used on black paper (which is what I'm looking for).,These are pretty nice pens. The tips are fine and hard so terrific for detail drawing. The ink is opaque so can be used on black paper (which is what I'm looking for). The colors are nice but not super bright. The colors in my photo look a bit more intense than they are IRL.The white is slightly transparent - I'd prefer it to be more opaque so the one tiny downside of this set. But I didn't purchase for the white so I'm still giving 5 stars.I'd recommend. I'd purchase again.
15676,15676_1,1,纸质媒介 (Paper & Pads),黑卡纸/本,black paper,B07D2LVYQZ,ARTISTRO,5,Purchased a couple of black paper sketch pads and journals to try out as travel journals.,"Purchased a couple of black paper sketch pads and journals to try out as travel journals. Since I wanted to (mostly) write on the pages rather than draw, the hardest part was finding writing instruments that look the way I wanted on black paper. Attached is a photo of the results of only some of the pens / colored pencils / gel pens, etc. tried. Shown are the best of all of them and I think you'll agree the examples on the left are superior to the ones on the right. (Depending, of course, what you want to do with the sketch pad.)First the not-so-good ones on the right. Tried expensive white, gold, and silver pens from Blick / Hobby Lobby / Michaels and cheaper ones from Dollar Tree / Amazon. (I now have a fairly impressive collection of pens, pencils, and markers that won't work with black paper but will hopefully be good for other projects.) The colored pencil results are very subtle and almost get lost on the page,. Not that great for writing, but they might be great if that's the look you want. FYI - a couple of different brands of gel pens did not work at all for me on black paper. You could barely see them and once they dried completely they were even harder to see. It could have been the brands I tried, so you might want to see for yourself and your individual need.Now the good - I ordered these Artistro Metallic Paint Pens (Acrylic), and they are the clear winners (shown on the left in the photo) for writing on black paper. You get 12 pens for under $16 (sale price when I purchased them) and all of them look good and pop on the black paper with one possible exception - the black/slate pen. Maybe it would be great for semi-secret messages? There are a couple more colors (rust and turquoise) in the pack that there wasn't room for on the test page, but they're nice too. Also, these pens write very smoothly - no clumps or random gooey places like most of the other paint pens tested.I would definitely recommend these pens, especially if you want to write on a dark or black paper!"
15676,15676_1,1,纸质媒介 (Paper & Pads),绘本/写生本,sketch pad,B07D2LVYQZ,ARTISTRO,5,Purchased a couple of black paper sketch pads and journals to try out as travel journals.,"Purchased a couple of black paper sketch pads and journals to try out as travel journals. Since I wanted to (mostly) write on the pages rather than draw, the hardest part was finding writing instruments that look the way I wanted on black paper. Attached is a photo of the results of only some of the pens / colored pencils / gel pens, etc. tried. Shown are the best of all of them and I think you'll agree the examples on the left are superior to the ones on the right. (Depending, of course, what you want to do with the sketch pad.)First the not-so-good ones on the right. Tried expensive white, gold, and silver pens from Blick / Hobby Lobby / Michaels and cheaper ones from Dollar Tree / Amazon. (I now have a fairly impressive collection of pens, pencils, and markers that won't work with black paper but will hopefully be good for other projects.) The colored pencil results are very subtle and almost get lost on the page,. Not that great for writing, but they might be great if that's the look you want. FYI - a couple of different brands of gel pens did not work at all for me on black paper. You could barely see them and once they dried completely they were even harder to see. It could have been the brands I tried, so you might want to see for yourself and your individual need.Now the good - I ordered these Artistro Metallic Paint Pens (Acrylic), and they are the clear winners (shown on the left in the photo) for writing on black paper. You get 12 pens for under $16 (sale price when I purchased them) and all of them look good and pop on the black paper with one possible exception - the black/slate pen. Maybe it would be great for semi-secret messages? There are a couple more colors (rust and turquoise) in the pack that there wasn't room for on the test page, but they're nice too. Also, these pens write very smoothly - no clumps or random gooey places like most of the other paint pens tested.I would definitely recommend these pens, especially if you want to write on a dark or black paper!"
15676,15676_2,2,纸质媒介 (Paper & Pads),黑卡纸/本,black paper,B07D2LVYQZ,ARTISTRO,5,"Since I wanted to (mostly) write on the pages rather than draw, the hardest part was finding writing instruments that look the way I wanted on black paper.","Purchased a couple of black paper sketch pads and journals to try out as travel journals. Since I wanted to (mostly) write on the pages rather than draw, the hardest part was finding writing instruments that look the way I wanted on black paper. Attached is a photo of the results of only some of the pens / colored pencils / gel pens, etc. tried. Shown are the best of all of them and I think you'll agree the examples on the left are superior to the ones on the right. (Depending, of course, what you want to do with the sketch pad.)First the not-so-good ones on the right. Tried expensive white, gold, and silver pens from Blick / Hobby Lobby / Michaels and cheaper ones from Dollar Tree / Amazon. (I now have a fairly impressive collection of pens, pencils, and markers that won't work with black paper but will hopefully be good for other projects.) The colored pencil results are very subtle and almost get lost on the page,. Not that great for writing, but they might be great if that's the look you want. FYI - a couple of different brands of gel pens did not work at all for me on black paper. You could barely see them and once they dried completely they were even harder to see. It could have been the brands I tried, so you might want to see for yourself and your individual need.Now the good - I ordered these Artistro Metallic Paint Pens (Acrylic), and they are the clear winners (shown on the left in the photo) for writing on black paper. You get 12 pens for under $16 (sale price when I purchased them) and all of them look good and pop on the black paper with one possible exception - the black/slate pen. Maybe it would be great for semi-secret messages? There are a couple more colors (rust and turquoise) in the pack that there wasn't room for on the test page, but they're nice too. Also, these pens write very smoothly - no clumps or random gooey places like most of the other paint pens tested.I would definitely recommend these pens, especially if you want to write on a dark or black paper!"
15676,15676_6,6,纸质媒介 (Paper & Pads),绘本/写生本,sketch pad,B07D2LVYQZ,ARTISTRO,5,"(Depending, of course, what you want to do with the sketch pad.)First the not-so-good ones on the right.","Purchased a couple of black paper sketch pads and journals to try out as travel journals. Since I wanted to (mostly) write on the pages rather than draw, the hardest part was finding writing instruments that look the way I wanted on black paper. Attached is a photo of the results of only some of the pens / colored pencils / gel pens, etc. tried. Shown are the best of all of them and I think you'll agree the examples on the left are superior to the ones on the right. (Depending, of course, what you want to do with the sketch pad.)First the not-so-good ones on the right. Tried expensive white, gold, and silver pens from Blick / Hobby Lobby / Michaels and cheaper ones from Dollar Tree / Amazon. (I now have a fairly impressive collection of pens, pencils, and markers that won't work with black paper but will hopefully be good for other projects.) The colored pencil results are very subtle and almost get lost on the page,. Not that great for writing, but they might be great if that's the look you want. FYI - a couple of different brands of gel pens did not work at all for me on black paper. You could barely see them and once they dried completely they were even harder to see. It could have been the brands I tried, so you might want to see for yourself and your individual need.Now the good - I ordered these Artistro Metallic Paint Pens (Acrylic), and they are the clear winners (shown on the left in the photo) for writing on black paper. You get 12 pens for under $16 (sale price when I purchased them) and all of them look good and pop on the black paper with one possible exception - the black/slate pen. Maybe it would be great for semi-secret messages? There are a couple more colors (rust and turquoise) in the pack that there wasn't room for on the test page, but they're nice too. Also, these pens write very smoothly - no clumps or random gooey places like most of the other paint pens tested.I would definitely recommend these pens, especially if you want to write on a dark or black paper!"
15676,15676_8,8,纸质媒介 (Paper & Pads),黑卡纸/本,black paper,B07D2LVYQZ,ARTISTRO,5,"(I now have a fairly impressive collection of pens, pencils, and markers that won't work with black paper but will hopefully be good for other projects.) The colored pencil results are very subtle and almost get lost on the page,.","Purchased a couple of black paper sketch pads and journals to try out as travel journals. Since I wanted to (mostly) write on the pages rather than draw, the hardest part was finding writing instruments that look the way I wanted on black paper. Attached is a photo of the results of only some of the pens / colored pencils / gel pens, etc. tried. Shown are the best of all of them and I think you'll agree the examples on the left are superior to the ones on the right. (Depending, of course, what you want to do with the sketch pad.)First the not-so-good ones on the right. Tried expensive white, gold, and silver pens from Blick / Hobby Lobby / Michaels and cheaper ones from Dollar Tree / Amazon. (I now have a fairly impressive collection of pens, pencils, and markers that won't work with black paper but will hopefully be good for other projects.) The colored pencil results are very subtle and almost get lost on the page,. Not that great for writing, but they might be great if that's the look you want. FYI - a couple of different brands of gel pens did not work at all for me on black paper. You could barely see them and once they dried completely they were even harder to see. It could have been the brands I tried, so you might want to see for yourself and your individual need.Now the good - I ordered these Artistro Metallic Paint Pens (Acrylic), and they are the clear winners (shown on the left in the photo) for writing on black paper. You get 12 pens for under $16 (sale price when I purchased them) and all of them look good and pop on the black paper with one possible exception - the black/slate pen. Maybe it would be great for semi-secret messages? There are a couple more colors (rust and turquoise) in the pack that there wasn't room for on the test page, but they're nice too. Also, these pens write very smoothly - no clumps or random gooey places like most of the other paint pens tested.I would definitely recommend these pens, especially if you want to write on a dark or black paper!"
15676,15676_8,8,勾线与细节 (Detailing & Outlining),铅笔/橡皮,pencil,B07D2LVYQZ,ARTISTRO,5,"(I now have a fairly impressive collection of pens, pencils, and markers that won't work with black paper but will hopefully be good for other projects.) The colored pencil results are very subtle and almost get lost on the page,.","Purchased a couple of black paper sketch pads and journals to try out as travel journals. Since I wanted to (mostly) write on the pages rather than draw, the hardest part was finding writing instruments that look the way I wanted on black paper. Attached is a photo of the results of only some of the pens / colored pencils / gel pens, etc. tried. Shown are the best of all of them and I think you'll agree the examples on the left are superior to the ones on the right. (Depending, of course, what you want to do with the sketch pad.)First the not-so-good ones on the right. Tried expensive white, gold, and silver pens from Blick / Hobby Lobby / Michaels and cheaper ones from Dollar Tree / Amazon. (I now have a fairly impressive collection of pens, pencils, and markers that won't work with black paper but will hopefully be good for other projects.) The colored pencil results are very subtle and almost get lost on the page,. Not that great for writing, but they might be great if that's the look you want. FYI - a couple of different brands of gel pens did not work at all for me on black paper. You could barely see them and once they dried completely they were even harder to see. It could have been the brands I tried, so you might want to see for yourself and your individual need.Now the good - I ordered these Artistro Metallic Paint Pens (Acrylic), and they are the clear winners (shown on the left in the photo) for writing on black paper. You get 12 pens for under $16 (sale price when I purchased them) and all of them look good and pop on the black paper with one possible exception - the black/slate pen. Maybe it would be great for semi-secret messages? There are a couple more colors (rust and turquoise) in the pack that there wasn't room for on the test page, but they're nice too. Also, these pens write very smoothly - no clumps or random gooey places like most of the other paint pens tested.I would definitely recommend these pens, especially if you want to write on a dark or black paper!"
15676,15676_10,10,纸质媒介 (Paper & Pads),黑卡纸/本,black paper,B07D2LVYQZ,ARTISTRO,5,FYI - a couple of different brands of gel pens did not work at all for me on black paper.,"Purchased a couple of black paper sketch pads and journals to try out as travel journals. Since I wanted to (mostly) write on the pages rather than draw, the hardest part was finding writing instruments that look the way I wanted on black paper. Attached is a photo of the results of only some of the pens / colored pencils / gel pens, etc. tried. Shown are the best of all of them and I think you'll agree the examples on the left are superior to the ones on the right. (Depending, of course, what you want to do with the sketch pad.)First the not-so-good ones on the right. Tried expensive white, gold, and silver pens from Blick / Hobby Lobby / Michaels and cheaper ones from Dollar Tree / Amazon. (I now have a fairly impressive collection of pens, pencils, and markers that won't work with black paper but will hopefully be good for other projects.) The colored pencil results are very subtle and almost get lost on the page,. Not that great for writing, but they might be great if that's the look you want. FYI - a couple of different brands of gel pens did not work at all for me on black paper. You could barely see them and once they dried completely they were even harder to see. It could have been the brands I tried, so you might want to see for yourself and your individual need.Now the good - I ordered these Artistro Metallic Paint Pens (Acrylic), and they are the clear winners (shown on the left in the photo) for writing on black paper. You get 12 pens for under $16 (sale price when I purchased them) and all of them look good and pop on the black paper with one possible exception - the black/slate pen. Maybe it would be great for semi-secret messages? There are a couple more colors (rust and turquoise) in the pack that there wasn't room for on the test page, but they're nice too. Also, these pens write very smoothly - no clumps or random gooey places like most of the other paint pens tested.I would definitely recommend these pens, especially if you want to write on a dark or black paper!"
15676,15676_12,12,纸质媒介 (Paper & Pads),黑卡纸/本,black paper,B07D2LVYQZ,ARTISTRO,5,"It could have been the brands I tried, so you might want to see for yourself and your individual need.Now the good - I ordered these Artistro Metallic Paint Pens (Acrylic), and they are the clear winners (shown on the left in the photo) for writing on black paper.","Purchased a couple of black paper sketch pads and journals to try out as travel journals. Since I wanted to (mostly) write on the pages rather than draw, the hardest part was finding writing instruments that look the way I wanted on black paper. Attached is a photo of the results of only some of the pens / colored pencils / gel pens, etc. tried. Shown are the best of all of them and I think you'll agree the examples on the left are superior to the ones on the right. (Depending, of course, what you want to do with the sketch pad.)First the not-so-good ones on the right. Tried expensive white, gold, and silver pens from Blick / Hobby Lobby / Michaels and cheaper ones from Dollar Tree / Amazon. (I now have a fairly impressive collection of pens, pencils, and markers that won't work with black paper but will hopefully be good for other projects.) The colored pencil results are very subtle and almost get lost on the page,. Not that great for writing, but they might be great if that's the look you want. FYI - a couple of different brands of gel pens did not work at all for me on black paper. You could barely see them and once they dried completely they were even harder to see. It could have been the brands I tried, so you might want to see for yourself and your individual need.Now the good - I ordered these Artistro Metallic Paint Pens (Acrylic), and they are the clear winners (shown on the left in the photo) for writing on black paper. You get 12 pens for under $16 (sale price when I purchased them) and all of them look good and pop on the black paper with one possible exception - the black/slate pen. Maybe it would be great for semi-secret messages? There are a couple more colors (rust and turquoise) in the pack that there wasn't room for on the test page, but they're nice too. Also, these pens write very smoothly - no clumps or random gooey places like most of the other paint pens tested.I would definitely recommend these pens, especially if you want to write on a dark or black paper!"
15676,15676_13,13,纸质媒介 (Paper & Pads),黑卡纸/本,black paper,B07D2LVYQZ,ARTISTRO,5,You get 12 pens for under $16 (sale price when I purchased them) and all of them look good and pop on the black paper with one possible exception - the black/slate pen.,"Purchased a couple of black paper sketch pads and journals to try out as travel journals. Since I wanted to (mostly) write on the pages rather than draw, the hardest part was finding writing instruments that look the way I wanted on black paper. Attached is a photo of the results of only some of the pens / colored pencils / gel pens, etc. tried. Shown are the best of all of them and I think you'll agree the examples on the left are superior to the ones on the right. (Depending, of course, what you want to do with the sketch pad.)First the not-so-good ones on the right. Tried expensive white, gold, and silver pens from Blick / Hobby Lobby / Michaels and cheaper ones from Dollar Tree / Amazon. (I now have a fairly impressive collection of pens, pencils, and markers that won't work with black paper but will hopefully be good for other projects.) The colored pencil results are very subtle and almost get lost on the page,. Not that great for writing, but they might be great if that's the look you want. FYI - a couple of different brands of gel pens did not work at all for me on black paper. You could barely see them and once they dried completely they were even harder to see. It could have been the brands I tried, so you might want to see for yourself and your individual need.Now the good - I ordered these Artistro Metallic Paint Pens (Acrylic), and they are the clear winners (shown on the left in the photo) for writing on black paper. You get 12 pens for under $16 (sale price when I purchased them) and all of them look good and pop on the black paper with one possible exception - the black/slate pen. Maybe it would be great for semi-secret messages? There are a couple more colors (rust and turquoise) in the pack that there wasn't room for on the test page, but they're nice too. Also, these pens write very smoothly - no clumps or random gooey places like most of the other paint pens tested.I would definitely recommend these pens, especially if you want to write on a dark or black paper!"
15676,15676_16,16,纸质媒介 (Paper & Pads),黑卡纸/本,black paper,B07D2LVYQZ,ARTISTRO,5,"Also, these pens write very smoothly - no clumps or random gooey places like most of the other paint pens tested.I would definitely recommend these pens, especially if you want to write on a dark or black paper!","Purchased a couple of black paper sketch pads and journals to try out as travel journals. Since I wanted to (mostly) write on the pages rather than draw, the hardest part was finding writing instruments that look the way I wanted on black paper. Attached is a photo of the results of only some of the pens / colored pencils / gel pens, etc. tried. Shown are the best of all of them and I think you'll agree the examples on the left are superior to the ones on the right. (Depending, of course, what you want to do with the sketch pad.)First the not-so-good ones on the right. Tried expensive white, gold, and silver pens from Blick / Hobby Lobby / Michaels and cheaper ones from Dollar Tree / Amazon. (I now have a fairly impressive collection of pens, pencils, and markers that won't work with black paper but will hopefully be good for other projects.) The colored pencil results are very subtle and almost get lost on the page,. Not that great for writing, but they might be great if that's the look you want. FYI - a couple of different brands of gel pens did not work at all for me on black paper. You could barely see them and once they dried completely they were even harder to see. It could have been the brands I tried, so you might want to see for yourself and your individual need.Now the good - I ordered these Artistro Metallic Paint Pens (Acrylic), and they are the clear winners (shown on the left in the photo) for writing on black paper. You get 12 pens for under $16 (sale price when I purchased them) and all of them look good and pop on the black paper with one possible exception - the black/slate pen. Maybe it would be great for semi-secret messages? There are a couple more colors (rust and turquoise) in the pack that there wasn't room for on the test page, but they're nice too. Also, these pens write very smoothly - no clumps or random gooey places like most of the other paint pens tested.I would definitely recommend these pens, especially if you want to write on a dark or black paper!"
15711,15711_2,2,纸质媒介 (Paper & Pads),黑卡纸/本,black paper,B07D2LVYQZ,ARTISTRO,4,Works great on black paper (except for the white) which is what i wanted them for.,"Pretty easy to use one you get the paint flowing. Works great on black paper (except for the white) which is what i wanted them for. Most are a good consistency of paint and not too thin except the white. I'm giving it 4 stars because the white isn't ""metallic"" and doesn't cover well and a bit thin but still usable. The rest are great."
15715,15715_2,2,纸质媒介 (Paper & Pads),黑卡纸/本,black paper,B07D2LVYQZ,ARTISTRO,5,I used them to color in my new black paper coloring book and the picture came out beautiful as you can see.,These are wonderful paint pens! I used them to color in my new black paper coloring book and the picture came out beautiful as you can see. The metallic in these paint pens is perfect! Great buy! I highly recommend!
15715,15715_2,2,涂色与创作 (Coloring & Greeting),成人涂色书,coloring book,B07D2LVYQZ,ARTISTRO,5,I used them to color in my new black paper coloring book and the picture came out beautiful as you can see.,These are wonderful paint pens! I used them to color in my new black paper coloring book and the picture came out beautiful as you can see. The metallic in these paint pens is perfect! Great buy! I highly recommend!
15792,15792_2,2,表面保护 (Finishing & Protection),亮油/保护喷雾,varnish,B07D2LVYQZ,ARTISTRO,4,I used them ona wooden desk and then spray varnish over the piece.,They were not my first choice but I worked with them and I am very satisfied with theresults  The fuchsia is not true to color which was disappointing but I love the results.  I used them ona wooden desk and then spray varnish over the piece.  I'm happy!
15801,15801_2,2,辅助与创意 (Tools & Accessories),镂空模板,stencils,B07D2LVYQZ,ARTISTRO,5,I used stencils.,Just started to use these on glass. I used stencils.
15817,15817_2,2,表面保护 (Finishing & Protection),亮油/保护喷雾,varnish,B07D2LVYQZ,ARTISTRO,4,The only issue is that it does not stay long- need to add a clear varnish.,I use it to draw on my phone case. The only issue is that it does not stay long- need to add a clear varnish. Cannot complain as it’s just to keep myself busy.
15819,15819_2,2,涂色与创作 (Coloring & Greeting),贺卡/信封,greeting cards,B07D2LVYQZ,ARTISTRO,4,"I have been using the to apply lines on ""ice paintings"" for greeting cards.","These pens are easy to use, and of really good quality.  I have been using the to apply lines on ""ice paintings"" for greeting cards.  If i have any critique it is that the colours all seem to be quite similar due to the metallic nature of them.  I would be interested to know if the same company did non metallic colours as they would be incredible if they did."
15867,15867_1,1,纸质媒介 (Paper & Pads),黑卡纸/本,dark paper,B07D2LVYQZ,ARTISTRO,5,These are very nicely pigmented and show up nicely on dark paper!,These are very nicely pigmented and show up nicely on dark paper! Very fluid!
15877,15877_2,2,涂色与创作 (Coloring & Greeting),贺卡/信封,greeting cards,B07D2LVYQZ,ARTISTRO,5,"I use these pens to embellish greeting cards, the color selection is beautiful, the fine tip is precise and easily glides over writing, flowers, etc.","A+seller. I use these pens to embellish greeting cards, the color selection is beautiful, the fine tip is precise and easily glides over writing, flowers, etc. Very good price, fast shipping. Would buy again."
15895,15895_3,3,涂色与创作 (Coloring & Greeting),贺卡/信封,invitations,B07D2LVYQZ,ARTISTRO,5,I used them to write out wedding invitations.,Love these pens. The colors are beautiful. I used them to write out wedding invitations.
16031,16031_1,1,纸质媒介 (Paper & Pads),黑卡纸/本,black paper,B07D2LVYQZ,ARTISTRO,5,Really fantastic pens to use with black paper.,Really fantastic pens to use with black paper. I bought these for my husband who regularly draws and he was impressed.  My five year old daughter has also picked them up (we need to tell her to be careful with them as they are special pens).
16099,16099_4,4,涂色与创作 (Coloring & Greeting),成人涂色书,adult coloring,B07D2LVYQZ,ARTISTRO,5,planner and adult coloring and drawing.,I was pleasantly surprised by these pens! They write very smoothly and have a very fine tip. Perfect for my needs; planner and adult coloring and drawing. Very pretty
16103,16103_3,3,纸质媒介 (Paper & Pads),黑卡纸/本,black paper,B07D2LVYQZ,ARTISTRO,5,Work well on white or black paper.,Arrived quickly.  Vibrant colours.  Work well on white or black paper.  Such fun for Holiday cards.
16124,16124_2,2,纸质媒介 (Paper & Pads),黑卡纸/本,black paper,B07D2LVYQZ,ARTISTRO,5,Writes on black paper.,Nice colors. Writes on black paper.
16137,16137_2,2,辅助与创意 (Tools & Accessories),镂空模板,stencils,B07D2LVYQZ,ARTISTRO,4,This is the first time I've ever used stencils or paint markers or scrapbooked.,"Wanted to have a hobby and scrapbooking interested me. This is the first time I've ever used stencils or paint markers or scrapbooked. Only worked on the cover tonight and this is my first attempt so kind of crooked and sloppy. Purchased all the materials on Amazon. As a beginner I'm happy. I only tried the gold one out but against black had pretty good saturation. And not too difficult to use with stencils when starting out for the very first time. Tips are fine enough. Seemed to dry pretty quickly which I was happy about cause I'm impatient lol. Only downside is you have to shake them a lot in between pausing what you're doing or else it comes out dry and the tip kind of scratches your base cardboard or paper and  ruins it a little until you go over it once it's liquidy again. But for the price and a beginner set, not sure what the other colors will look like yet but I'm happy with the gold! And glides pretty smoothly when shaken up well and liquidy. Got the beginner job done. :)"
16137,16137_7,7,辅助与创意 (Tools & Accessories),镂空模板,stencils,B07D2LVYQZ,ARTISTRO,4,And not too difficult to use with stencils when starting out for the very first time.,"Wanted to have a hobby and scrapbooking interested me. This is the first time I've ever used stencils or paint markers or scrapbooked. Only worked on the cover tonight and this is my first attempt so kind of crooked and sloppy. Purchased all the materials on Amazon. As a beginner I'm happy. I only tried the gold one out but against black had pretty good saturation. And not too difficult to use with stencils when starting out for the very first time. Tips are fine enough. Seemed to dry pretty quickly which I was happy about cause I'm impatient lol. Only downside is you have to shake them a lot in between pausing what you're doing or else it comes out dry and the tip kind of scratches your base cardboard or paper and  ruins it a little until you go over it once it's liquidy again. But for the price and a beginner set, not sure what the other colors will look like yet but I'm happy with the gold! And glides pretty smoothly when shaken up well and liquidy. Got the beginner job done. :)"
16302,16302_1,1,辅助与创意 (Tools & Accessories),镂空模板,stencils,B07D2M6B23,ARTISTRO,2,They didn’t include 10 stencils,They didn’t include 10 stencils
16480,16480_1,1,勾线与细节 (Detailing & Outlining),铅笔/橡皮,pencil,B07D2M6B23,ARTISTRO,5,I was looking for a product that wouldn’t lose it color after layer of color pencil I couldn’t find what I want until I saw this Paint pen it never died out while I was outlined a Jujutsu Kaisen poster that I was working on it saved me at least 2 hours and it get ink is the same as a posca pen!,I was looking for a product that wouldn’t lose it color after layer of color pencil I couldn’t find what I want until I saw this Paint pen it never died out while I was outlined a Jujutsu Kaisen poster that I was working on it saved me at least 2 hours and it get ink is the same as a posca pen! I would buy again soon!
16499,16499_3,3,表面保护 (Finishing & Protection),亮油/保护喷雾,sealer,B07D2M6B23,ARTISTRO,2,Even after allowing to dry over 24hrs & a couple costs of sealer it rubbed off.,I’m so disappointed. I used these to add in details on artwork done on a leather bag. Even after allowing to dry over 24hrs & a couple costs of sealer it rubbed off. My customer was highly dissatisfied & I feel horrible for not testing them.
16585,16585_4,4,勾线与细节 (Detailing & Outlining),铅笔/橡皮,pencil,B07D2M6B23,ARTISTRO,5,I first drew in pencil the outline of a paw print 🐾 then used the paint pen to finely trace over and color in the paw print on a piece of walnut wood.,"&nbsp;If you’re looking for a precise paint pen, this is the one! It’s almost like writing with a sharpie. I used the paint pens as soon as they arrived today because I was excited to try them out. I first drew in pencil the outline of a paw print 🐾 then used the paint pen to finely trace over and color in the paw print on a piece of walnut wood. The “extra fine” tip helped be precise and detailed where thicker pens can’t achieve this accuracy. Just shake, push, and paint. It’s really that easy. I did a couple coats of paint, but I think one was all I needed. It covered very well with no wood showing through even the first coat. I only had to use one paint pen out of the 5 for my small craft project as shown, and I believe there’s even more left over in the one pen I used."
16653,16653_4,4,表面保护 (Finishing & Protection),亮油/保护喷雾,sealer,B07D2M6B23,ARTISTRO,5,For added security I spray them later with a clear sealer (polycrylic).,These fine line paint pens are great for decorating already base painted rocks (spray paint). A mistake can be removed with a damp sponge; yet the designs hold up well after they are dried. For added security I spray them later with a clear sealer (polycrylic).
16676,16676_1,1,勾线与细节 (Detailing & Outlining),铅笔/橡皮,pencil,B07D2M6B23,ARTISTRO,5,Great for adding highlights or embellishments to color pencil work.,Great for adding highlights or embellishments to color pencil work.
16773,16773_3,3,表面保护 (Finishing & Protection),亮油/保护喷雾,varnish,B07D2M6B23,ARTISTRO,2,I did have trouble with this paint smearing and running when I varnished them with the same varnish I have used before using the same black paint pens that come in multicolored paint pens pkg.,"These are wonderful paint pens, I used them for lettering on painted rocks. I let it dry for 48 hours or more. I did have trouble with this paint smearing and running when I varnished them with the same varnish I have used before using the same black paint pens that come in multicolored paint pens pkg. They appear to be the same. Since I  use the black ones the most I decided to buy a package of just the black ones. Wondering If they ARE somehow different, or if the formula has changed?"
16805,16805_6,6,表面保护 (Finishing & Protection),密封胶,sealant,B07D2M6B23,ARTISTRO,5,the marker also doesn’t smear when i applied a sealant over them (the sharpie ones did smear).,"LOVE LOVE LOVE these paint markers! i really dislike sharpie paint pens and have been looking for an alternative. these are perfect. the thickness is great — not too thin but not too thick either. i sized them to draw on acrylic ornaments that i sell in my etsy shop, and these were great. the marker also doesn’t smear when i applied a sealant over them (the sharpie ones did smear)."
16812,16812_4,4,表面保护 (Finishing & Protection),密封胶,mod podge,B07D2M6B23,ARTISTRO,2,"Then, I tried sealing the tiles with mod podge, but that just ended up breaking the writing apart and sliding/slipping the chunks of paint across the tile with the paintbrush.","I used this on decorating ceramic tiles for a school project.  The ink came out easily and wrote beautifully; however, when it dried, it flaked off easily.  Then, I tried sealing the tiles with mod podge, but that just ended up breaking the writing apart and sliding/slipping the chunks of paint across the tile with the paintbrush. It may work well on other surfaces, but it's a no go for tiles."
16825,16825_3,3,表面保护 (Finishing & Protection),亮油/保护喷雾,varnish,B07D2M6B23,ARTISTRO,5,I even varnish over them.,I use this product to add words to my acrylic paintings.  Wait about 3-5 minutes and they are permanent.  I even varnish over them.  I just needed more black markers.
16954,16954_1,1,勾线与细节 (Detailing & Outlining),铅笔/橡皮,rubber,B07D2M6B23,ARTISTRO,5,I used them on some black rubber car trim.,I used them on some black rubber car trim. Easy to use and blended perfectly when dried
16971,16971_3,3,纸质媒介 (Paper & Pads),涂鸦板/卡片,tags,B07D2M6B23,ARTISTRO,2,I purchased for personalizing wood tags.,"Not good for wood writing! Paper seems fine and probably ok for anything else. I purchased for personalizing wood tags. If I wrote slow, the ink bled. If I wrote fast, it skipped & splattered. I researched before I purchased and these came with very high reviews so I was quite disappointed and now must search again."
17170,17170_3,3,表面保护 (Finishing & Protection),亮油/保护喷雾,clear coat,B07D2M6B23,ARTISTRO,5,They don't run when I spray over them with Krylon clear coat and are a nice crisp line.,"I'm teaching a rock painting class and have a couple sets of Posca pens, which I love,  but I really needed more fine tip black pens and didn't want to spend a ton. I found these and saw the reviews and think they are great. They don't run when I spray over them with Krylon clear coat and are a nice crisp line."
17228,17228_2,2,表面保护 (Finishing & Protection),亮油/保护喷雾,top coat,B07HLQFQ5F,ARTISTRO,4,The paint easily scratches off when trying to reapply a top coat.,"Great for fine lines, but a huge pain to get paint pen started. The paint easily scratches off when trying to reapply a top coat."
17260,17260_2,2,勾线与细节 (Detailing & Outlining),铅笔/橡皮,rubber,B07HLQFQ5F,ARTISTRO,5,Very happy with the pen's overall performance.I drew/painted some little rubber rain boots.,"Bought the 42 piece ""extra fine tip"" set for a project and they worked beautifully! Very happy with the pen's overall performance.I drew/painted some little rubber rain boots. The boots, unfortunately, did not stay painted for long. After the first wear, the paint ended up cracking off. I did some research before hand and thought with all the steps I took that it would last longer but it did not.Regardless, that's not a fault of these pens but of the fact that rubber is too flexible to be painted with acrylic paint. Rubber bends and moves too much so that's why the paint cracked and chipped. I'm going to try these pens out with canvas slip-on shoes and see how that goes. I'll try and provide an update later on that.In the meantime, I leave a 5 star review on these. Working in layers, the colors build wonderfully, I was most impressed with the white pen as it has a very strong opacity so all I needed was 2-3 layers to get the coverage I was looking for.The paint dries to an almost matte-like finish. The tip on these pens is similar to a fine tip sharpie. It's almost like working with a sharpie but the dry time is not as quick (obviously). Maybe a minute or two for it to fully dry enough to add the next layer.Because I was working with rubber, if I made a mistake I could just use some rubbing alcohol to clean up the mistake easy-peasy without any problems. The paint did not stain the boot or anything like that.While I was drawing/painting, I did have to pump and shake the pen often for more paint to release from the chamber, but that is the case with most paint pens, and was what I expected when I bought these.I'm also happy that they give you 2 black pens and 2 white pens as those 2 colors are what I use the most for my projects.If there is one complaint that I do have, it's that there is only one red pen out of the whole set. No other shade of red is provided which meant I hade to dig out my tubes of red acrylic paints and brushes in order to get the darker shade of red you see on the rocket. It's not that big of a deal, but it's something I noticed that could be improved. There is a surplus of blues, however, so if you have a blue based project then this is the pen set for you lol."
17260,17260_5,5,勾线与细节 (Detailing & Outlining),铅笔/橡皮,rubber,B07HLQFQ5F,ARTISTRO,5,"I did some research before hand and thought with all the steps I took that it would last longer but it did not.Regardless, that's not a fault of these pens but of the fact that rubber is too flexible to be painted with acrylic paint.","Bought the 42 piece ""extra fine tip"" set for a project and they worked beautifully! Very happy with the pen's overall performance.I drew/painted some little rubber rain boots. The boots, unfortunately, did not stay painted for long. After the first wear, the paint ended up cracking off. I did some research before hand and thought with all the steps I took that it would last longer but it did not.Regardless, that's not a fault of these pens but of the fact that rubber is too flexible to be painted with acrylic paint. Rubber bends and moves too much so that's why the paint cracked and chipped. I'm going to try these pens out with canvas slip-on shoes and see how that goes. I'll try and provide an update later on that.In the meantime, I leave a 5 star review on these. Working in layers, the colors build wonderfully, I was most impressed with the white pen as it has a very strong opacity so all I needed was 2-3 layers to get the coverage I was looking for.The paint dries to an almost matte-like finish. The tip on these pens is similar to a fine tip sharpie. It's almost like working with a sharpie but the dry time is not as quick (obviously). Maybe a minute or two for it to fully dry enough to add the next layer.Because I was working with rubber, if I made a mistake I could just use some rubbing alcohol to clean up the mistake easy-peasy without any problems. The paint did not stain the boot or anything like that.While I was drawing/painting, I did have to pump and shake the pen often for more paint to release from the chamber, but that is the case with most paint pens, and was what I expected when I bought these.I'm also happy that they give you 2 black pens and 2 white pens as those 2 colors are what I use the most for my projects.If there is one complaint that I do have, it's that there is only one red pen out of the whole set. No other shade of red is provided which meant I hade to dig out my tubes of red acrylic paints and brushes in order to get the darker shade of red you see on the rocket. It's not that big of a deal, but it's something I noticed that could be improved. There is a surplus of blues, however, so if you have a blue based project then this is the pen set for you lol."
17260,17260_6,6,勾线与细节 (Detailing & Outlining),铅笔/橡皮,rubber,B07HLQFQ5F,ARTISTRO,5,Rubber bends and moves too much so that's why the paint cracked and chipped.,"Bought the 42 piece ""extra fine tip"" set for a project and they worked beautifully! Very happy with the pen's overall performance.I drew/painted some little rubber rain boots. The boots, unfortunately, did not stay painted for long. After the first wear, the paint ended up cracking off. I did some research before hand and thought with all the steps I took that it would last longer but it did not.Regardless, that's not a fault of these pens but of the fact that rubber is too flexible to be painted with acrylic paint. Rubber bends and moves too much so that's why the paint cracked and chipped. I'm going to try these pens out with canvas slip-on shoes and see how that goes. I'll try and provide an update later on that.In the meantime, I leave a 5 star review on these. Working in layers, the colors build wonderfully, I was most impressed with the white pen as it has a very strong opacity so all I needed was 2-3 layers to get the coverage I was looking for.The paint dries to an almost matte-like finish. The tip on these pens is similar to a fine tip sharpie. It's almost like working with a sharpie but the dry time is not as quick (obviously). Maybe a minute or two for it to fully dry enough to add the next layer.Because I was working with rubber, if I made a mistake I could just use some rubbing alcohol to clean up the mistake easy-peasy without any problems. The paint did not stain the boot or anything like that.While I was drawing/painting, I did have to pump and shake the pen often for more paint to release from the chamber, but that is the case with most paint pens, and was what I expected when I bought these.I'm also happy that they give you 2 black pens and 2 white pens as those 2 colors are what I use the most for my projects.If there is one complaint that I do have, it's that there is only one red pen out of the whole set. No other shade of red is provided which meant I hade to dig out my tubes of red acrylic paints and brushes in order to get the darker shade of red you see on the rocket. It's not that big of a deal, but it's something I noticed that could be improved. There is a surplus of blues, however, so if you have a blue based project then this is the pen set for you lol."
17260,17260_12,12,勾线与细节 (Detailing & Outlining),铅笔/橡皮,rubber,B07HLQFQ5F,ARTISTRO,5,"Maybe a minute or two for it to fully dry enough to add the next layer.Because I was working with rubber, if I made a mistake I could just use some rubbing alcohol to clean up the mistake easy-peasy without any problems.","Bought the 42 piece ""extra fine tip"" set for a project and they worked beautifully! Very happy with the pen's overall performance.I drew/painted some little rubber rain boots. The boots, unfortunately, did not stay painted for long. After the first wear, the paint ended up cracking off. I did some research before hand and thought with all the steps I took that it would last longer but it did not.Regardless, that's not a fault of these pens but of the fact that rubber is too flexible to be painted with acrylic paint. Rubber bends and moves too much so that's why the paint cracked and chipped. I'm going to try these pens out with canvas slip-on shoes and see how that goes. I'll try and provide an update later on that.In the meantime, I leave a 5 star review on these. Working in layers, the colors build wonderfully, I was most impressed with the white pen as it has a very strong opacity so all I needed was 2-3 layers to get the coverage I was looking for.The paint dries to an almost matte-like finish. The tip on these pens is similar to a fine tip sharpie. It's almost like working with a sharpie but the dry time is not as quick (obviously). Maybe a minute or two for it to fully dry enough to add the next layer.Because I was working with rubber, if I made a mistake I could just use some rubbing alcohol to clean up the mistake easy-peasy without any problems. The paint did not stain the boot or anything like that.While I was drawing/painting, I did have to pump and shake the pen often for more paint to release from the chamber, but that is the case with most paint pens, and was what I expected when I bought these.I'm also happy that they give you 2 black pens and 2 white pens as those 2 colors are what I use the most for my projects.If there is one complaint that I do have, it's that there is only one red pen out of the whole set. No other shade of red is provided which meant I hade to dig out my tubes of red acrylic paints and brushes in order to get the darker shade of red you see on the rocket. It's not that big of a deal, but it's something I noticed that could be improved. There is a surplus of blues, however, so if you have a blue based project then this is the pen set for you lol."
17278,17278_2,2,纸质媒介 (Paper & Pads),黑卡纸/本,black paper,B07HLQFQ5F,ARTISTRO,5,"Take forever to prime, and not very opaque on black paper.","Nice set of acrylic pens. Take forever to prime, and not very opaque on black paper. Perfect for white paper, or using on other surfaces."
17308,17308_1,1,纸质媒介 (Paper & Pads),绘本/写生本,art journal,B07HLQFQ5F,ARTISTRO,5,"New to the product, happy with the colors, how the pen works & how the paint looks in my art journal.","New to the product, happy with the colors, how the pen works & how the paint looks in my art journal."
17358,17358_2,2,表面保护 (Finishing & Protection),密封胶,sealant,B07HLQFQ5F,ARTISTRO,5,Have not had issues using sealant .,"Love these paint pens . Have not had issues using sealant . White pen tends to pool but the rest are fine (? dud ). Painting rocks has become a passion .I have painted a couple of dozen rocks , mostly 1-2 inches with my first set of 12 and the pens are still going strong , I expect a long life out of these ."
17459,17459_4,4,辅助与创意 (Tools & Accessories),镂空模板,stencils,B07HLQFQ5F,ARTISTRO,5,this Christmas I bought some plates and stencils and made cookies and then gave those out as presents.,"I love these pens! Best purchase I’ve ever made! I use them to safe money on gift giving; this Christmas I bought some plates and stencils and made cookies and then gave those out as presents. The pens write so smoothly, and the colors are great! This only complaint I might have is that sometimes too much paint comes out at once and so there is sometimes an uneven look, but I fix this by just going over the lighter areas."
17532,17532_3,3,涂色与创作 (Coloring & Greeting),成人涂色书,coloring book | adult coloring,B07HLQFQ5F,ARTISTRO,5,"I use them for art projects and adult coloring books, not rocks.","A bargain compared to Posca and work just as well. I love the transparent barrel because you can see how well you’ve shaken/mixed them and how full they are. I use them for art projects and adult coloring books, not rocks."
17711,17711_4,4,表面保护 (Finishing & Protection),亮油/保护喷雾,sealer,B07HLQFQ5F,ARTISTRO,5,I use decoupage sealer to seal the rocks.,I needed a product with thin points to paint rocks. Also needed it not to run when I sealed them! This is great! I use decoupage sealer to seal the rocks. This combination works great! Colors are vivid and show up well even on rocks I don’t basecoat first. So far I love them!
17746,17746_2,2,涂色与创作 (Coloring & Greeting),成人涂色书,coloring book,B07HLQFQ5F,ARTISTRO,5,I use them in my coloring books and they work well in combination with pencils.,A wonderful selection of colors from pastel to more brighter colors. I use them in my coloring books and they work well in combination with pencils. I would def buy them again.
17800,17800_2,2,表面保护 (Finishing & Protection),亮油/保护喷雾,sealer,B07HLQFQ5F,ARTISTRO,5,They don’t run or bleed when I spray them with sealer or resin them.,I love painting rocks with these paint pens. They don’t run or bleed when I spray them with sealer or resin them. Great pens and affordable.
17879,17879_4,4,纸质媒介 (Paper & Pads),涂鸦板/卡片,tags,B07HLQFQ5F,ARTISTRO,4,"They scrub off the metal tags with a magic eraser (needed for seasons changing!), but dry well and don’t smudge with steam/water (baristas!).","These are great pens. I use them to make nametags for me and my coworkers. After continued use I noticed a bit of leaking in some of them (the colors I used the most). They scrub off the metal tags with a magic eraser (needed for seasons changing!), but dry well and don’t smudge with steam/water (baristas!)."
17883,17883_6,6,纸质媒介 (Paper & Pads),黑卡纸/本,black notebook,B07HLQFQ5F,ARTISTRO,4,"I made a little doodle in my black notebook and the nibs balled up a little, so be careful.","I just received them today and the box came very beat up and unsealed on the top. Here’s the thing that really irritates me the most about them and made me remove a star : they’re not labeled by color AT ALL. Yeah, there’s a chart on the back of the box but some colors are so similar if someone held a gun to my head and tell me to name the color, well, I’d get blown away. Besides that, there’s a great array of colors and I’m going to really enjoy painting with these. They’ll be great for detail work on my rocks. I made a little doodle in my black notebook and the nibs balled up a little, so be careful. One point I want to make that I like about these is the opacity of them. I only had to make two coats while drawing my little doodle of my furbaby in heaven. They also layer well so you can get some depth to your drawings/paintings. We’ll see how they hold up! Crossing my fingers! This was one of the most suggested brands among friends/reviews!"
17884,17884_2,2,表面保护 (Finishing & Protection),亮油/保护喷雾,sealer,B07HLQFQ5F,ARTISTRO,5,I do on average about 5 to 10 painted rocks a week and the paint sticks well when sealed with spray sealer.,these are quality paint pens I found the ease of use awesome I plan to buy more in the future. I do on average about 5 to 10 painted rocks a week and the paint sticks well when sealed with spray sealer.
17916,17916_6,6,表面保护 (Finishing & Protection),密封胶,sealant,B07HLQFQ5F,ARTISTRO,5,"However I used them to write on wine glasses for friends, and even with paint sealant they will wash off glass.","You will think you ordered a box of dried out paint pens...but don't worry! They work! Just shake them, and press the tip of the pen down hard on the surface you wish to paint on to release the paint. Then you are off to the races! Great product! However I used them to write on wine glasses for friends, and even with paint sealant they will wash off glass."
17954,17954_1,1,辅助与创意 (Tools & Accessories),镂空模板,stencils,B07HLQFQ5F,ARTISTRO,5,I used them with stencils.,I used them with stencils.  Worked great.  I love them.
17956,17956_2,2,表面保护 (Finishing & Protection),亮油/保护喷雾,clear coat,B07HLQFQ5F,ARTISTRO,5,We are both rock painters and the other 2 brands have a tendency to bleed once you apply a clear coat to them.,My friend introduced me to this brand after we talked about our semi disappointment with the Posca and Sharpie brands. We are both rock painters and the other 2 brands have a tendency to bleed once you apply a clear coat to them. I haven't had that problem with this brand. I would recommend.
17968,17968_4,4,辅助与创意 (Tools & Accessories),便携笔袋/盒,storage bag,B07HLQFQ5F,ARTISTRO,3,"box, no other storage bag to put them in.","Just received these, so will update review once I see how long they last.<br><br>On the pens, pros first:<br><br>-Great assortment of colors<br>-Very fine tip for touchups &amp; detailed artwork<br>-Cap color is spot-on for the color paint that comes out<br><br>Cons:<br>-Very expensive!  More than double what other acrylic paint pens are sold on Amazon for...that alone will stop me from a 2nd purchase.<br>-You can only draw in one direction - meaning that if you draw a line from left to right, then try to go left to go over line again, a little spritz of paint shoots out, very frustrating!<br>-All you get is the pens &amp; box, no other storage bag to put them in.  Every paint pen set I've EVER purchased always included some kind of storage for the pens other than just the box it came in.  Pretty stingy for $45...jeez."
18087,18087_3,3,勾线与细节 (Detailing & Outlining),铅笔/橡皮,pencil,B07JFPKBWC,ZEYAR,3,So maybe the mugs can be used as pencil holders instead of drinking mugs.,"These paint pens are really easy to use and my kids used them to decorate mugs as gifts for family members. However, after doing the baking in the oven and sitting for a while, the paint still rubs off really easy if it gets wet. So maybe the mugs can be used as pencil holders instead of drinking mugs."
18094,18094_4,4,表面保护 (Finishing & Protection),密封胶,mod podge,B07JFPKBWC,ZEYAR,2,"To help with the scratching I'm putting the dishwasher safe mod podge over the entire face of the plate, but I would have loved if that wasn't necessary.","We made this father's day gift for my husband and I used these pens for everything but the hand and foot prints. Even after baking per directions once, and then per another reviewers instructions a second time (preheat with oven at 200 for a half hour, cool in oven, yada yada) it still scratches with even just your nail. The paints we used for the prints do not scratch at all, which is good to know now, but I'm not good enough of a painter to have painted this by hand. To help with the scratching I'm putting the dishwasher safe mod podge over the entire face of the plate, but I would have loved if that wasn't necessary. If anyone wants to use the same paints I did for the prints, it's the pebeo porcelain 150 paints. They worked perfectly!"
18126,18126_2,2,表面保护 (Finishing & Protection),密封胶,sealant,B07JFPKBWC,ZEYAR,2,I believe these markers might work if used under a sealant for sorts.How sad were my kids and I when our beautified art mugs ended up smudged and botched.,"These are not permanent!I followed the directions, backed the mugs with the beautiful art, I didn’t even use the mug a full cup of coffee and the colors were smudging.I don’t think you could bake these long enough to set them. I believe these markers might work if used under a sealant for sorts.How sad were my kids and I when our beautified art mugs ended up smudged and botched. So. Sad."
18145,18145_1,1,纸质媒介 (Paper & Pads),涂鸦板/卡片,tags,B07NS6WPNR,ARTISTRO,5,Worked great on tags to mark the sizes of the flip flops for our wedding dance floor.,Worked great on tags to mark the sizes of the flip flops for our wedding dance floor.
18210,18210_2,2,涂色与创作 (Coloring & Greeting),贺卡/信封,thank you cards,B07NS6WPNR,ARTISTRO,5,Had the worst time finding good matalic pens for use on my thank you cards for my small biz.,"These are amazing! Had the worst time finding good matalic pens for use on my thank you cards for my small biz. These are perfect! Stays shiny, sticks to my plasticy cards and ink flow is awesome! Will be sticking with these from now on!❤️ ❤️ ❤️"
18279,18279_1,1,纸质媒介 (Paper & Pads),水彩纸/多媒体纸,watercolor paper,B07NS6WPNR,ARTISTRO,4,I have used these over watercolor and pen on 140 lb watercolor paper.,I have used these over watercolor and pen on 140 lb watercolor paper. I have to shake them frequently and test on scratch paper frequently. It is taking me 3 times longer to complete the section I am using these on. I am wondering if the other media and/or the cold press watercolor paper stiffle this pen's ability to draw smoothly. They work really well on smooth non-watercolor paper.
18279,18279_4,4,纸质媒介 (Paper & Pads),水彩纸/多媒体纸,watercolor paper | cold press,B07NS6WPNR,ARTISTRO,4,I am wondering if the other media and/or the cold press watercolor paper stiffle this pen's ability to draw smoothly.,I have used these over watercolor and pen on 140 lb watercolor paper. I have to shake them frequently and test on scratch paper frequently. It is taking me 3 times longer to complete the section I am using these on. I am wondering if the other media and/or the cold press watercolor paper stiffle this pen's ability to draw smoothly. They work really well on smooth non-watercolor paper.
18279,18279_5,5,纸质媒介 (Paper & Pads),水彩纸/多媒体纸,watercolor paper,B07NS6WPNR,ARTISTRO,4,They work really well on smooth non-watercolor paper.,I have used these over watercolor and pen on 140 lb watercolor paper. I have to shake them frequently and test on scratch paper frequently. It is taking me 3 times longer to complete the section I am using these on. I am wondering if the other media and/or the cold press watercolor paper stiffle this pen's ability to draw smoothly. They work really well on smooth non-watercolor paper.
18306,18306_2,2,涂色与创作 (Coloring & Greeting),贺卡/信封,invitations,B07NS6WPNR,ARTISTRO,5,Used it to address wedding invitations.,Loved this product! Used it to address wedding invitations. Wow very smooth! Dried quickly. The gold looked very yellow in burgundy envelopes so I used silver instead. The gold showed up wonderfully on lighter color paper so it’s a great product! Will definitely buy again!
18306,18306_5,5,涂色与创作 (Coloring & Greeting),贺卡/信封,envelopes,B07NS6WPNR,ARTISTRO,5,The gold looked very yellow in burgundy envelopes so I used silver instead.,Loved this product! Used it to address wedding invitations. Wow very smooth! Dried quickly. The gold looked very yellow in burgundy envelopes so I used silver instead. The gold showed up wonderfully on lighter color paper so it’s a great product! Will definitely buy again!
18344,18344_2,2,涂色与创作 (Coloring & Greeting),贺卡/信封,envelopes,B07NS6WPNR,ARTISTRO,5,"The envelopes were darker with blue, green, burgundy and violet,.","I purchased beautiful thank you notes for our 40th Wedding Anniversary.  The envelopes were darker with blue, green, burgundy and violet,.  These lovely pens helped make my writing look even more elegant.  This came with 3 gold and 3 silver.  The envelopes had gold on the flaps.  I did use 2 gold pens to write about 30 cards, then the ink/paint was running out.  So, great for cards, but not supper long lasting pens."
18344,18344_5,5,涂色与创作 (Coloring & Greeting),贺卡/信封,envelopes,B07NS6WPNR,ARTISTRO,5,The envelopes had gold on the flaps.,"I purchased beautiful thank you notes for our 40th Wedding Anniversary.  The envelopes were darker with blue, green, burgundy and violet,.  These lovely pens helped make my writing look even more elegant.  This came with 3 gold and 3 silver.  The envelopes had gold on the flaps.  I did use 2 gold pens to write about 30 cards, then the ink/paint was running out.  So, great for cards, but not supper long lasting pens."
18350,18350_1,1,纸质媒介 (Paper & Pads),涂鸦板/卡片,tags,B07NS6WPNR,ARTISTRO,5,Used these to make personal ornaments/gift tags.,Used these to make personal ornaments/gift tags.  Easy to use...pretty!
18350,18350_1,1,涂色与创作 (Coloring & Greeting),空白标签,gift tags,B07NS6WPNR,ARTISTRO,5,Used these to make personal ornaments/gift tags.,Used these to make personal ornaments/gift tags.  Easy to use...pretty!
18353,18353_1,1,纸质媒介 (Paper & Pads),涂鸦板/卡片,tags,B07NS6WPNR,ARTISTRO,2,Ive been using these for over a year on my black retail sales tags.,"Ive been using these for over a year on my black retail sales tags. they have recently changed the packaging for the pen itself. The black lid no longer stays on the end of the pen for when you use it, they need to fix that. It also doesnt flow as well on my tags, it gets gummed up more frequently. The gold is a different color…i do like it better. wish they sold the gold only in a pack of 4 - i have tons of left over silver pens i dont need. Please go back to the old cartridge with the gold cap."
18353,18353_4,4,纸质媒介 (Paper & Pads),涂鸦板/卡片,tags,B07NS6WPNR,ARTISTRO,2,"It also doesnt flow as well on my tags, it gets gummed up more frequently.","Ive been using these for over a year on my black retail sales tags. they have recently changed the packaging for the pen itself. The black lid no longer stays on the end of the pen for when you use it, they need to fix that. It also doesnt flow as well on my tags, it gets gummed up more frequently. The gold is a different color…i do like it better. wish they sold the gold only in a pack of 4 - i have tons of left over silver pens i dont need. Please go back to the old cartridge with the gold cap."
18370,18370_2,2,辅助与创意 (Tools & Accessories),火漆/装饰,stamps,B07NS6WPNR,ARTISTRO,4,I tool leather and when I use my letter stamps to put initials on Bible covers and other projects I use the fine tip gold and silver pens for my letters to make them pop.,I can't say anything about the longevity because I only had a small spot I had to use them. I tool leather and when I use my letter stamps to put initials on Bible covers and other projects I use the fine tip gold and silver pens for my letters to make them pop. These pens worked well for that fine detailed work.
18380,18380_2,2,勾线与细节 (Detailing & Outlining),极细勾线笔,fineliner,B07NS6WPNR,ARTISTRO,4,"While it's finer than a standard marker, these aren't as fine as a Pilot Fineliner or Staedtler Triplus fineliner pen if that's the line width / precision you're looking for.","Easy to use and convenient paint pens for crafting. While it's finer than a standard marker, these aren't as fine as a Pilot Fineliner or Staedtler Triplus fineliner pen if that's the line width / precision you're looking for."
18445,18445_10,10,表面保护 (Finishing & Protection),亮油/保护喷雾,clear coat,B07P6HXKCJ,FLYMAX,5,"After I finished writing our personal message on the underside of the seat, I sprayed a clear coat over it to be sure that it wouldn't scratch off easily.","This was a good deal, but ... it took quite awhile to get the paint pen to work.  I think I was pounding on the pen tip for about 10 minutes - not wanting to give up.  I had purchased it to use on our granddaughter's new (dark wood) rocking chair - I had planned to write a personal inscription on the underside of the darkly stained wooden seat and this white paint pen worked wonderfully (ONCE I was able to get the ink to flow).  I am very happy that it wasn't dried out before I even got to use it.  So, if you purchase this and think it won't write, I'd recommend having a little more patience and tell you to continue pressing down on the tip because the ink will (eventually) start flowing out.  Overall, I am very satisfied that I was able to write ""nicely"" with this paint pen.  And, I'm even happier that it came in a set ... so, I'll have more for 'future' gifts.  After I finished writing our personal message on the underside of the seat, I sprayed a clear coat over it to be sure that it wouldn't scratch off easily."
18456,18456_1,1,纸质媒介 (Paper & Pads),黑卡纸/本,dark paper,B07P6HXKCJ,FLYMAX,2,The pens that worked were great and exactly as expected to write in dark paper.,The pens that worked were great and exactly as expected to write in dark paper. At least 2 didn’t work and one ran out very fast. Luckily the fourth one finished the project and I don’t know if the last worked yet or not.
18499,18499_1,1,纸质媒介 (Paper & Pads),黑卡纸/本,dark paper,B07P6HXKCJ,FLYMAX,2,The paint is too sheer to use on black or dark paper or to cover up small mistakes like you can with a POSCA pen.,The paint is too sheer to use on black or dark paper or to cover up small mistakes like you can with a POSCA pen. Also the paint is weirdly sticky?!
18541,18541_1,1,纸质媒介 (Paper & Pads),黑卡纸/本,dark paper,B07P6HXKCJ,FLYMAX,4,I am an art major and I needed something that could help write or “paint” on black/dark paper and maybe do some cover ups.,I am an art major and I needed something that could help write or “paint” on black/dark paper and maybe do some cover ups. The first pen I used dried yellow which was really weird. I opened 2 more up just to make sure it wasn’t all of them. The other one dried okay but it what are least white. The third one was the same but for both of them I needed to put on multiple layers so that the black paper would show through.I would recommend to others because it’s decently priced. I just wish the product was constant with itself and not drying yellow with one and drying white with another
18541,18541_5,5,纸质媒介 (Paper & Pads),黑卡纸/本,black paper,B07P6HXKCJ,FLYMAX,4,The third one was the same but for both of them I needed to put on multiple layers so that the black paper would show through.I would recommend to others because it’s decently priced.,I am an art major and I needed something that could help write or “paint” on black/dark paper and maybe do some cover ups. The first pen I used dried yellow which was really weird. I opened 2 more up just to make sure it wasn’t all of them. The other one dried okay but it what are least white. The third one was the same but for both of them I needed to put on multiple layers so that the black paper would show through.I would recommend to others because it’s decently priced. I just wish the product was constant with itself and not drying yellow with one and drying white with another
18570,18570_2,2,纸质媒介 (Paper & Pads),黑卡纸/本,black paper,B07P6HXKCJ,FLYMAX,5,"I used them to write on black paper, it has a fine tip and will not create runny letters.","These pens are awesome! I used them to write on black paper, it has a fine tip and will not create runny letters."
18611,18611_2,2,纸质媒介 (Paper & Pads),黑卡纸/本,black paper,B07P6HXKCJ,FLYMAX,5,Definitely need 2 layers on black paper but overall great pen,Good quality. Definitely need 2 layers on black paper but overall great pen
18631,18631_5,5,纸质媒介 (Paper & Pads),黑卡纸/本,black paper,B07P6HXKCJ,FLYMAX,4,"I tested these pens on black paper, and an acrylic piece that was mixed with Liquitex pouring medium so it dried with a glossy finish.","The tips of these pens are nice and fine, which makes for better precision and detailing. The ink flow is good too. I bought these pens for art purposes and I needed a paint pen with a nice fine tip. I sometimes use white paint pens to draw over painted pictures, or to add extra highlights to a subject. I tested these pens on black paper, and an acrylic piece that was mixed with Liquitex pouring medium so it dried with a glossy finish. It looked really good on both surfaces and it dried well on the glossy surface of my painting when I thought it wouldn't. One thing to note is if you're drawing over a bumpy surface, the ink has a tendency to splatter which might make it harder for craft or textured pieces. But all in all these pens do a great job."
18632,18632_1,1,纸质媒介 (Paper & Pads),黑卡纸/本,black paper,B07P6HXKCJ,FLYMAX,5,I have several albums I have produced that have black paper on inside covers.,"I have several albums I have produced that have black paper on inside covers. When sold, some want my signature added. These pens are perfect for that. Very happy. Good ink flow, fine point, can draw with these or write with them."
18635,18635_2,2,勾线与细节 (Detailing & Outlining),铅笔/橡皮,pencil,B07P6HXKCJ,FLYMAX,5,no bleeding.Not overly bright and look like chalk so perfect.The nib can catch and flick paint spots on the rough slate but if you let it glide and not treat it as a pencil it’s fine.And it came the same day I ordered it.,Bought them to write on garden slate labels.Fine enough point to keep it very clear; no bleeding.Not overly bright and look like chalk so perfect.The nib can catch and flick paint spots on the rough slate but if you let it glide and not treat it as a pencil it’s fine.And it came the same day I ordered it.
18666,18666_2,2,纸质媒介 (Paper & Pads),涂鸦板/卡片,tags,B07P6HXKCJ,FLYMAX,5,I love using these on dark construction paper and clear tags.,"These paint pens are very pigmented, do not leak, are not streaky and also glide easily onto whatever you are using these for while writing. I love using these on dark construction paper and clear tags."
18716,18716_1,1,纸质媒介 (Paper & Pads),黑卡纸/本,black paper,B07P6HXKCJ,FLYMAX,4,very opaque on black paper.,very opaque on black paper. when writing tho it does like spray ? dunno if i put that right but and curtain angles it like sprays because its plastic not a felt tip . good tho
18725,18725_6,6,表面保护 (Finishing & Protection),亮油/保护喷雾,sealer,B07P6HXKCJ,FLYMAX,3,I did not use a sealer.,You have to dob the tip to get the paint to flow. First one I used was fine. Second was drying up. Best used on porous surfaces. On slick surfaces it easily scratched off. I did not use a sealer.
18745,18745_2,2,涂色与创作 (Coloring & Greeting),贺卡/信封,envelopes,B07P6HXKCJ,FLYMAX,5,I used this on black envelopes for save the dates.,Very easy to write with. I used this on black envelopes for save the dates. Can't write very fast because it's a paint pen with a fine tip. For safety we let them dry overnight so no smudges. But worth it.
18769,18769_1,1,纸质媒介 (Paper & Pads),涂鸦板/卡片,tags,B07P6HXKCJ,FLYMAX,5,Great for black gift tags,Great for black gift tags
18769,18769_1,1,涂色与创作 (Coloring & Greeting),空白标签,gift tags,B07P6HXKCJ,FLYMAX,5,Great for black gift tags,Great for black gift tags
18783,18783_1,1,纸质媒介 (Paper & Pads),黑卡纸/本,black paper,B07P6HXKCJ,FLYMAX,5,These are nice paint markers that are good for writing on black paper.,"These are nice paint markers that are good for writing on black paper. I use them for papercrafting and my kid's for school projects on black paper. Write smoothly. Fine tip 0.7mm, not broad tip."
18783,18783_2,2,纸质媒介 (Paper & Pads),黑卡纸/本,black paper,B07P6HXKCJ,FLYMAX,5,I use them for papercrafting and my kid's for school projects on black paper.,"These are nice paint markers that are good for writing on black paper. I use them for papercrafting and my kid's for school projects on black paper. Write smoothly. Fine tip 0.7mm, not broad tip."
18888,18888_5,5,勾线与细节 (Detailing & Outlining),铅笔/橡皮,rubber,B07P6HXKCJ,FLYMAX,5,"Writes on just by anything, including black rubber Bluetooth speakers","This is definitely product are used frequently. The white acrylic ""ink"" flows smoothly and reliably, allowing fairly precise markings. The acrylic dries fairly quickly, and I have not had any problem with it running or fading after I have given it a couple hours to dry.  Remember to shake them before using them, so the little ball inside can stir up the paint. Writes on just by anything, including black rubber Bluetooth speakers"
18901,18901_2,2,勾线与细节 (Detailing & Outlining),铅笔/橡皮,rubber,B07P6HXKCJ,FLYMAX,2,They don't write well on rubber and they don't write well at 90 degree's or overhead.,I bought these to do some marks on my tires for alignement purposes and they didn't work well. They don't write well on rubber and they don't write well at 90 degree's or overhead. The tip also falls off easily. I regret buying them for the type of job I needed them to perform. I hope that thr rest will be usefull for other things.
18918,18918_1,1,勾线与细节 (Detailing & Outlining),铅笔/橡皮,rubber,B07P6HXKCJ,FLYMAX,5,Great pens will even write on rubber/silicone.,Great pens will even write on rubber/silicone.
18987,18987_5,5,勾线与细节 (Detailing & Outlining),铅笔/橡皮,pencil,B07P6HXKCJ,FLYMAX,2,I bought them specifically for correcting drawing mistakes but the only thing it seems to cover with any justice is light pencil.,"If you're an artist, don't buy this if you're looking for complete white coverage. It won't cover ink or anything dark without fading to that a much lighter shade of that color. If you're looking for something that's as good as white out, look elsewhere. I will say that Copic can color over it decently, but there will be an outline mark. I bought them specifically for correcting drawing mistakes but the only thing it seems to cover with any justice is light pencil."
18998,18998_2,2,纸质媒介 (Paper & Pads),黑卡纸/本,dark paper,B07P6HXKCJ,FLYMAX,1,Got these pens for writing on dark paper and they are not opaque at all.,"Very disappointed.  Got these pens for writing on dark paper and they are not opaque at all.  As soon as you write with it, the paint immediately fades."
19060,19060_1,1,涂色与创作 (Coloring & Greeting),贺卡/信封,envelopes,B07P6HXKCJ,FLYMAX,3,I bought these for a clients wedding envelopes.,"I bought these for a clients wedding envelopes. While these were the best option for a white brush pen off Amazon, they do splatter quite a bit."
19074,19074_3,3,纸质媒介 (Paper & Pads),黑卡纸/本,black paper,B07P6HXKCJ,FLYMAX,3,I've used them on black paper and over dark paints.,I'm not impressed with the quality of these.  Perhaps using them for my homemade cards doesn't suit their true use.  I've used them on black paper and over dark paints.  I'm still experimenting with what will work best for my water colored paintings but I don't think these are them.
19095,19095_2,2,勾线与细节 (Detailing & Outlining),铅笔/橡皮,pencil,B07P6HXKCJ,FLYMAX,4,I had some dark wood that needed marking and pencil or pen didn't show up clearly THIS DID.,This is a fantastic idea. I had some dark wood that needed marking and pencil or pen didn't show up clearly THIS DID. Worth every penny.
19096,19096_2,2,勾线与细节 (Detailing & Outlining),铅笔/橡皮,rubber,B07P6HXKCJ,FLYMAX,5,Write on metal rubber with ease and probaly anything else.,Bought these to mark engine components and didn't fail to perform. Write on metal rubber with ease and probaly anything else.
19114,19114_2,2,涂色与创作 (Coloring & Greeting),贺卡/信封,envelopes,B07P6HXKCJ,FLYMAX,1,Purchased to address Christmas cards on craft paper envelopes and was disappointed.,Ink flows with much difficulty and tip doesn't stay saturated enough to address one envelope. Purchased to address Christmas cards on craft paper envelopes and was disappointed.
19130,19130_1,1,纸质媒介 (Paper & Pads),黑卡纸/本,black paper,B07P6HXKCJ,FLYMAX,5,These water-based Flymax Paint Markers are very vibrant on coated black papers and on top of lines made by alcohol-based markers (and other writing utensils)!,"These water-based Flymax Paint Markers are very vibrant on coated black papers and on top of lines made by alcohol-based markers (and other writing utensils)! I am extremely grateful for these markers, which are easy to control when illustrating small artwork. They work exactly as described when the directions on the back of the box are followed! I have added extra details to the box directions to help with anyone having trouble, especially when the pen is being used for the first time:1. Leave the pen cap on and shake the pen several times prior to using.2. Uncap, and press down on the pen tip (onto some paper) with enough force to push the tip inside of the pen. Release pressure to let the tip back out. Please do this several times to encourage the white ink to come out until the white ink flows when you write with the tip.3. Recap the pen tightly after using.If you are using a thicker substrate to write with (like ballpoint pen ink, which is actually a paste made by dissolving dye in solvent), the white Paint Marker water-based ink might sink through the thick ink a bit and show some of the color underneath. If you are drawing on top of alcohol-based markers or watercolors, the white Paint Marker may show up better since markers and diluted paints usually sink deeply into textured paper and don't leave a thick substrate on top of the paper. Happy drawing/writing/decorating! :D"
19130,19130_10,10,纸质媒介 (Paper & Pads),水彩纸/多媒体纸,textured paper,B07P6HXKCJ,FLYMAX,5,"If you are drawing on top of alcohol-based markers or watercolors, the white Paint Marker may show up better since markers and diluted paints usually sink deeply into textured paper and don't leave a thick substrate on top of the paper.","These water-based Flymax Paint Markers are very vibrant on coated black papers and on top of lines made by alcohol-based markers (and other writing utensils)! I am extremely grateful for these markers, which are easy to control when illustrating small artwork. They work exactly as described when the directions on the back of the box are followed! I have added extra details to the box directions to help with anyone having trouble, especially when the pen is being used for the first time:1. Leave the pen cap on and shake the pen several times prior to using.2. Uncap, and press down on the pen tip (onto some paper) with enough force to push the tip inside of the pen. Release pressure to let the tip back out. Please do this several times to encourage the white ink to come out until the white ink flows when you write with the tip.3. Recap the pen tightly after using.If you are using a thicker substrate to write with (like ballpoint pen ink, which is actually a paste made by dissolving dye in solvent), the white Paint Marker water-based ink might sink through the thick ink a bit and show some of the color underneath. If you are drawing on top of alcohol-based markers or watercolors, the white Paint Marker may show up better since markers and diluted paints usually sink deeply into textured paper and don't leave a thick substrate on top of the paper. Happy drawing/writing/decorating! :D"
19164,19164_1,1,纸质媒介 (Paper & Pads),黑卡纸/本,black paper,B07P6HXKCJ,FLYMAX,5,"If you're looking for a pen that writes well on the black paper, they are the one!<br><br>Those pens' quality is great.","If you're looking for a pen that writes well on the black paper, they are the one!<br><br>Those pens' quality is great. The colour (on the black paper) is bright, vivid, and rich. I'm very happy with this purchase.<br><br>2 of the 1-star review said they, including the unopened ones, dry out unreasonably quickly in a month. I haven't experienced that yet since I just received and tried it today. I'll update my review in couple months, if it really happens. But so far, they're excellent!"
19164,19164_2,2,纸质媒介 (Paper & Pads),黑卡纸/本,black paper,B07P6HXKCJ,FLYMAX,5,"The colour (on the black paper) is bright, vivid, and rich.","If you're looking for a pen that writes well on the black paper, they are the one!<br><br>Those pens' quality is great. The colour (on the black paper) is bright, vivid, and rich. I'm very happy with this purchase.<br><br>2 of the 1-star review said they, including the unopened ones, dry out unreasonably quickly in a month. I haven't experienced that yet since I just received and tried it today. I'll update my review in couple months, if it really happens. But so far, they're excellent!"
19179,19179_2,2,纸质媒介 (Paper & Pads),黑卡纸/本,black cardstock,B07P6HXKCJ,FLYMAX,4,I'm a calligrapher so am always looking for things to write with especially on black cardstock.,I really like them. I'm a calligrapher so am always looking for things to write with especially on black cardstock. It does need a 2nd application to become as intense a white as I would like. But I'm happy with the pens.
19187,19187_2,2,纸质媒介 (Paper & Pads),黑卡纸/本,black paper,B07P6HXKCJ,FLYMAX,4,It could be the type of black paper I was using but the paint such,I love the fact that they came 6 to the set and at a very reasonable price!  It could be the type of black paper I was using but the paint such
19200,19200_1,1,纸质媒介 (Paper & Pads),绘本/写生本,art journal,B07P6HXKCJ,FLYMAX,4,"I liked them, seem to do what I need for art journals with a couple of layers😊","I liked them, seem to do what I need for art journals with a couple of layers😊"
19228,19228_1,1,纸质媒介 (Paper & Pads),黑卡纸/本,black paper,B07P6HXKCJ,FLYMAX,5,Works great on the black paper.,Works great on the black paper.  Some times need to go over area twice if it thins out. Shake well.
19240,19240_1,1,纸质媒介 (Paper & Pads),涂鸦板/卡片,tags,B07P6HXKCJ,FLYMAX,5,I use these for crafts and gift tags.,I use these for crafts and gift tags.
19240,19240_1,1,涂色与创作 (Coloring & Greeting),空白标签,gift tags,B07P6HXKCJ,FLYMAX,5,I use these for crafts and gift tags.,I use these for crafts and gift tags.
19259,19259_1,1,纸质媒介 (Paper & Pads),黑卡纸/本,black paper,B07P6HXKCJ,FLYMAX,1,I enjoy doing drawing projects on black paper.,I enjoy doing drawing projects on black paper. These markers boasted they could do that. But the white just soaks onto the paper and fades. Very disappointed.
19408,19408_1,1,辅助与创意 (Tools & Accessories),火漆/装饰,stamps,B07P6HXKCJ,FLYMAX,5,I use these to mark small dollar values above each of the stamps in my postage collection.,"I use these to mark small dollar values above each of the stamps in my postage collection. I do one clear plastic page of 30 stamps at a time and let the ink dry THOROUGHLY, usually overnight."
19408,19408_2,2,辅助与创意 (Tools & Accessories),火漆/装饰,stamps,B07P6HXKCJ,FLYMAX,5,"I do one clear plastic page of 30 stamps at a time and let the ink dry THOROUGHLY, usually overnight.","I use these to mark small dollar values above each of the stamps in my postage collection. I do one clear plastic page of 30 stamps at a time and let the ink dry THOROUGHLY, usually overnight."
19432,19432_3,3,勾线与细节 (Detailing & Outlining),铅笔/橡皮,pencil,B07P6HXKCJ,FLYMAX,5,"Paint was opaque on ""chalkboard"" stickers, and wrote with ease over #2 pencil.","Writes fine when needed, tolerates touch ups for a few minutes. Doesn't leave sheer spots when you go over areas for more definition. Paint was opaque on ""chalkboard"" stickers,  and wrote with ease over #2 pencil. No issues with erasing pencil guidelines,  or hand washing canisters. Can't wait to use for more projects."
19432,19432_3,3,辅助与创意 (Tools & Accessories),贴纸/胶水,stickers,B07P6HXKCJ,FLYMAX,5,"Paint was opaque on ""chalkboard"" stickers, and wrote with ease over #2 pencil.","Writes fine when needed, tolerates touch ups for a few minutes. Doesn't leave sheer spots when you go over areas for more definition. Paint was opaque on ""chalkboard"" stickers,  and wrote with ease over #2 pencil. No issues with erasing pencil guidelines,  or hand washing canisters. Can't wait to use for more projects."
19432,19432_4,4,勾线与细节 (Detailing & Outlining),铅笔/橡皮,pencil,B07P6HXKCJ,FLYMAX,5,"No issues with erasing pencil guidelines, or hand washing canisters.","Writes fine when needed, tolerates touch ups for a few minutes. Doesn't leave sheer spots when you go over areas for more definition. Paint was opaque on ""chalkboard"" stickers,  and wrote with ease over #2 pencil. No issues with erasing pencil guidelines,  or hand washing canisters. Can't wait to use for more projects."
19467,19467_3,3,勾线与细节 (Detailing & Outlining),铅笔/橡皮,pencil,B07P6HXKCJ,FLYMAX,5,"I knew chalk, pencil, red, black or blue ink wouldn’t show enough for me.","I purchased hardboard for a project. The project required cutting shapes out of the hardboard - a dark brown, thin, “pegboard without holes”. I knew chalk, pencil, red, black or blue ink wouldn’t show enough for me. Amazon, AS ALWAYS, saved the day! These fine tip white paint pens are so easy to use. The white paint dries quickly, shows very well on dark surfaces and won’t rub off. A 6-pack of these sealed (to prevent evaporation) white paint pens is perfect for any DIYer or Craftsman."
19496,19496_1,1,辅助与创意 (Tools & Accessories),贴纸/胶水,stickers,B07P6HXKCJ,FLYMAX,5,It writes on colored stickers used for games.,It writes on colored stickers used for games.  Sometimes it needs to be used 2 or 3 times to get the thick white density.
19510,19510_5,5,表面保护 (Finishing & Protection),亮油/保护喷雾,sealer,B07P6HXKCJ,FLYMAX,5,Just make sure you have some kind of Lacquer or wood sealer before painting.,Exactly what I needed. I didn't want to paint these boards for my daughters wedding with a paint brush. Using these are just like coloring. It's very easy. Just make sure you have some kind of Lacquer or wood sealer before painting. The paint won't show up as nicely. And will soak into wood.
19518,19518_2,2,纸质媒介 (Paper & Pads),涂鸦板/卡片,tags,B07P6HXKCJ,FLYMAX,5,Worked well and just what I needed to write on tags for my wedding favors.,This is a very nice white paint pen.  Worked well and just what I needed to write on tags for my wedding favors.
19519,19519_1,1,勾线与细节 (Detailing & Outlining),铅笔/橡皮,rubber,B07P6HXKCJ,FLYMAX,5,This pen write on rubber and is stable not easily removable and more durable .,This pen write on rubber and is stable not easily removable and more durable .
19545,19545_1,1,涂色与创作 (Coloring & Greeting),贺卡/信封,envelopes,B07P6HXKCJ,FLYMAX,5,Using these for my Christmas card envelopes.,Using these for my Christmas card envelopes. I’m in love. They are so easy to use and last really long. I will be purchasing in black also!My only issue with them is they do sometimes leave residual white splatters if you move just a little in the wrong way. But it doesn’t bother me a ton.
19578,19578_1,1,勾线与细节 (Detailing & Outlining),铅笔/橡皮,pencil,B07P6HXKCJ,FLYMAX,5,What a great paint pencil.,What a great paint pencil. The point is sharp and the paint flows very smooth. I highly recommend this item.
19601,19601_1,1,辅助与创意 (Tools & Accessories),贴纸/胶水,stickers,B07P6HXKCJ,FLYMAX,5,"I originally bought the Dollar Tree pens when I purchased these stickers, and they sucked!","I originally bought the Dollar Tree pens when I purchased these stickers, and they sucked! These pens are absolutely perfect. They have a fine tip, and are very easy to write with once you shake them up and apply a little pressure."
19626,19626_1,1,勾线与细节 (Detailing & Outlining),铅笔/橡皮,rubber,B07P6HXKCJ,FLYMAX,1,I got this for tyre's but it's not going well on rubber.,I got this for tyre's but it's not going well on rubber. So I don't recommend this for tyre's.
19629,19629_1,1,纸质媒介 (Paper & Pads),涂鸦板/卡片,tags,B07P6HXKCJ,FLYMAX,5,Absolutely perfect for using on Metal Plant name tags.,Absolutely perfect for using on Metal Plant name tags. Waterproof even in the garden pond in full sunshine. Delivered the next day as promised.  Recommend them to the keen gardeners
19646,19646_1,1,纸质媒介 (Paper & Pads),黑卡纸/本,black paper,B07P6HXKCJ,FLYMAX,5,"I really like these, They are perfect for highlighting on my paintings and great for sketching on black paper","I really like these, They are perfect for highlighting on my paintings and great for sketching on black paper"
19652,19652_3,3,辅助与创意 (Tools & Accessories),贴纸/胶水,stickers,B07P6HXKCJ,FLYMAX,5,I used this on chalkboard stickers to label my spice bottles.,Very easy to write with. Quick dry. I used this on chalkboard stickers to label my spice bottles.
19653,19653_1,1,纸质媒介 (Paper & Pads),黑卡纸/本,dark paper,B07P6HXKCJ,FLYMAX,5,"I have a marker that I use to write on dark paper and it fades the color to white where I write, but they are so expensive now compared to when I purchased it that I couldn't believe it and was unable to talk myself into repurchasing after I saw the outrageous price!","I have a marker that I use to write on dark paper and it fades the color to white where I write, but they are so expensive now compared to when I purchased it that I couldn't believe it and was unable to talk myself into repurchasing after I saw the outrageous price!  So I checked these out.  They are paint but that doesn't matter because it achieves what I use them for.  Just make sure you keep the lid on when shaking it or it will go EVERYWHERE!  (I know from experience, LOL!)"
19749,19749_1,1,涂色与创作 (Coloring & Greeting),贺卡/信封,envelopes,B07P6HXKCJ,FLYMAX,5,I bought these to write on black envelopes and they are perfect!,I bought these to write on black envelopes and they are perfect! They are easy to use and very clean
19775,19775_2,2,纸质媒介 (Paper & Pads),水彩纸/多媒体纸,mixed media paper,B07P6HXKCJ,FLYMAX,5,I used them for a contour drawing of a cat on Black mixed media paper and they drew smooth lines with no skipping.,These pens work great.  I used them for a contour drawing of a cat on Black mixed media paper and they drew smooth lines with no skipping.  The tips are like a fine marker and they dry really fast.
19777,19777_1,1,勾线与细节 (Detailing & Outlining),铅笔/橡皮,pencil,B07P6HXKCJ,FLYMAX,4,Pens say they are .7mm width but don’t write as fine as a .7 pencil.,Pens say they are .7mm width but don’t write as fine as a .7 pencil. A little disappointed.
19782,19782_3,3,纸质媒介 (Paper & Pads),涂鸦板/卡片,tags,B07P6HXKCJ,FLYMAX,5,I used it to write on small Wooden chalkboard tags for my outdoor garden.,"I’d highly recommend this product.  Works as described.  I used it to write on small Wooden chalkboard tags for my outdoor garden.  Many rain storms later, it still looks like it did over a month ago when I first wrote with them.  This is truly a permanent maker and would buy it again."
19794,19794_1,1,纸质媒介 (Paper & Pads),黑卡纸/本,dark paper,B07P6HXKCJ,FLYMAX,5,"Great hit crafts, mandalas and marking dark paper or crafts.","Great hit crafts, mandalas and marking dark paper or crafts."
19827,19827_3,3,涂色与创作 (Coloring & Greeting),贺卡/信封,envelopes,B07P6HXKCJ,FLYMAX,1,I used the entire pack to address less than 30 envelopes because the ink ran out that fast.,Splattered everywhere each letter I wrote. It did it to every type of paper I attempted to write on. I used the entire pack to address less than 30 envelopes because the ink ran out that fast. Do not recommend.
19895,19895_2,2,纸质媒介 (Paper & Pads),黑卡纸/本,black paper,B07X1QH66Q,ZSCM QUALITY DECIDES THE FUTURE,5,All colors showed up on black paper.,Great pens. All colors showed up on black paper. Helped create a memory book of my childhood best friend who has terminal cancer.
19913,19913_1,1,表面保护 (Finishing & Protection),亮油/保护喷雾,sealer,B07X1QH66Q,ZSCM QUALITY DECIDES THE FUTURE,5,"Easy to use, good coverage but I used these on rocks and they smeared when I put on the clear acrylic sealer.","Easy to use, good coverage but I used these on rocks and they smeared when I put on the clear acrylic sealer."
19913,19913_1,1,表面保护 (Finishing & Protection),密封胶,acrylic sealer,B07X1QH66Q,ZSCM QUALITY DECIDES THE FUTURE,5,"Easy to use, good coverage but I used these on rocks and they smeared when I put on the clear acrylic sealer.","Easy to use, good coverage but I used these on rocks and they smeared when I put on the clear acrylic sealer."
19959,19959_2,2,涂色与创作 (Coloring & Greeting),成人涂色书,coloring book,B07X1QH66Q,ZSCM QUALITY DECIDES THE FUTURE,5,You are going to want a thicker paper as normal computer paper or thin coloring book pages it will leak through,These work really well. You are going to want a thicker paper as normal computer paper or thin coloring book pages it will leak through
19960,19960_3,3,辅助与创意 (Tools & Accessories),贴纸/胶水,stickers,B07X1QH66Q,ZSCM QUALITY DECIDES THE FUTURE,1,The stickers were not in the package.,I did not receive all the items. There should have been 2 box of the pen.  The stickers were not in the package.
20037,20037_1,1,勾线与细节 (Detailing & Outlining),铅笔/橡皮,rubber,B086XCN9CR,AKARUED,5,I like how it stinks in the tire rubber.,I like how it stinks in the tire rubber. Would buy again
20084,20084_1,1,纸质媒介 (Paper & Pads),黑卡纸/本,black paper,B086XCN9CR,AKARUED,5,Works so well on black paper like chalk board effect,Works so well on black paper like chalk board effect
20098,20098_1,1,辅助与创意 (Tools & Accessories),镂空模板,stencils,B086XCN9CR,AKARUED,1,"I bought this product as I needed to use it to fill in the inside of stencils, the paint hardly came out and when I would go over it, it would take the paint off.","I bought this product as I needed to use it to fill in the inside of stencils,  the paint hardly came out and when I would go over it,  it would take the paint off.  Ended up not even being able to use it."
20120,20120_1,1,辅助与创意 (Tools & Accessories),镂空模板,stencils,B086XCN9CR,AKARUED,5,Used these along with stencils to paint my address on garbage cans.,Used these along with stencils to paint my address on garbage cans. They work better than I expected.
20121,20121_1,1,纸质媒介 (Paper & Pads),黑卡纸/本,black paper,B086XCN9CR,AKARUED,5,"These are very opaque markets that are perfect for capturing highlights, drawing on black paper or drawing over inks, acrylics, oils etc.","These are very opaque markets that are perfect for capturing highlights, drawing on black paper or drawing over inks, acrylics, oils etc. Very fluid paint, easy to use and great value. Each pen is individually wrapped and well packaged so impossible to leak during shipping. This is a thick nib(2mm), it’s not for fine artwork..."
20135,20135_2,2,勾线与细节 (Detailing & Outlining),铅笔/橡皮,rubber,B086XCN9CR,AKARUED,1,The paint will not bond on rubber.,They crackle way too much. The paint will not bond on rubber.
20268,20268_2,2,纸质媒介 (Paper & Pads),黑卡纸/本,black paper,B086XCN9CR,AKARUED,5,"The opacity is fantastic, especially on black paper, where it really makes my designs pop.","As someone who does art as a hobby, these AKARUED White Paint Pens have seriously stepped up my creative game. The opacity is fantastic, especially on black paper, where it really makes my designs pop. Whether I’m adding fine details or bold highlights, the precision of these markers makes my work look way more polished and professional than it actually is!The acrylic paint flows smoothly, with no blotching or uneven streaks, and they dry quickly without smudging, which is a huge plus. Honestly, these have become a go-to in my toolkit, and they've helped transform my sketches into pieces that I actually want to frame.If you’re into art, whether professionally or just for fun, these white paint pens are a game-changer. Highly recommend!"
20304,20304_2,2,纸质媒介 (Paper & Pads),黑卡纸/本,black cardstock,B086XCN9CR,AKARUED,3,The paint was nice and bright on the black cardstock.,Used these for an art lesson as white pastel was going to look too dull. The paint was nice and bright on the black cardstock. I had to warn my students (ages 8-9) not to press the pen too hard or the paint would come out quickly. I had them test it out on scrap paper before putting on artwork. It can get messy if paint comes out quick. Can get on clothes so best not to wear nice clothes. Paint did eventually come off desks (wiped right away). Use with care.
20316,20316_6,6,纸质媒介 (Paper & Pads),重磅马克笔纸,thick paper,B086XCN9CR,AKARUED,5,Thick paper will be fine.,I bought a pack of these to decorate houses made from cardboard for a Christmas class party. They were a hit! Color was vibrant white and showed very well. The flow of the paint once going was great. They did not bleed through the cardboard but can’t speak to how they will do on regular paper. Thick paper will be fine. Definitely recommend!!
20369,20369_1,1,勾线与细节 (Detailing & Outlining),铅笔/橡皮,pencil,B086XCN9CR,AKARUED,5,Works great on wood and no chipping when I brushed and scrubbed the pencil marks after the paint dried.,Works great on wood and no chipping when I brushed and scrubbed the pencil marks after the paint dried. Was easier to write with it straight on rather than at an angle like writing with a marker.
20408,20408_1,1,涂色与创作 (Coloring & Greeting),成人涂色书,coloring book | adult coloring,B086XCN9CR,AKARUED,5,used the white paint in my adult coloring books.,"used the white paint in my adult coloring books. the ink flowed smoothly  not like the yellow paint I previously purchased,"
20425,20425_2,2,涂色与创作 (Coloring & Greeting),成人涂色书,coloring book,B086XCN9CR,AKARUED,5,I use these to cover black lines in my coloring books,These are awesome! I use these to cover black lines in my coloring books
20429,20429_3,3,纸质媒介 (Paper & Pads),涂鸦板/卡片,tags,B086XCN9CR,AKARUED,5,I bought these to write on the hang tags.,"I needed new Christmas stockings and chose ones with a wooden hang tag to put names on.  I painted them deep red and green.  I bought these to write on the hang tags.  They worked beautifully.  The white went on totally opaque with 1 coat.  None of the red or green was showing through the white.  My only wish was that they would have come in a smaller quantity.  I don't have much call for writing with paint and have plenty of unopened ones to share.  Hopefully they will not dry out before I need to use them again.  But, I am very pleased with these pens."
20445,20445_2,2,纸质媒介 (Paper & Pads),黑卡纸/本,dark paper,B086XCN9CR,AKARUED,3,"Which stinks for me, because I teach preschool, and construction paper is what we use for the children's projects, and I wanted them to write names on dark paper.","The pen works well on coated paper, but on construction paper the ink just soaks right into the paper. Which stinks for me, because I teach preschool, and construction paper is what we use for the children's projects, and I wanted them to write names on dark paper. Sigh.Update: they DO work on oaktag, even using the white on yellow. So they're not completely useless."
20460,20460_4,4,勾线与细节 (Detailing & Outlining),铅笔/橡皮,rubber,B086XCN9CR,AKARUED,5,"Or, marks created by my ""4legged son"" (an American Eskimo) and me when we play ""fetch"" which means I'm throwing his rubber/plastic toys which sometimes leave red or green marks on the walls.","CARS & TRUCKS: Prior to purchasing these white paint pens, I was using a Sharpie oil-based pen to touch up the tiny dings on the front of my car. The ones we get when pebbles or other objects hit us at highway speeds. These pens do a BETTER job because it fills in the ding much more smoothly!HOME WALLS: Normally, I would go to the garage, open a can of paint, use a brush to slap some of the inside of the paint can lid then go around the house touching up the marks that have been been created when I carried ""things"" (such as large Amazon cartons) up and down the stairs. Or, marks created by my ""4legged son"" (an American Eskimo) and me when we play ""fetch"" which means I'm throwing his rubber/plastic toys which sometimes leave red or green marks on the walls. To my surprise, these pens cover up those marks with ease.BOTTOM LINE: The pens are a huge timesaver and do a better job than I expected and might do the same for you."
20483,20483_4,4,涂色与创作 (Coloring & Greeting),贺卡/信封,envelopes,B086XCN9CR,AKARUED,4,"I will buy these again (once I run out, which may be a bit).You will have to ""reload"" the tip with paint, but not enough for it to be annoying (I used them for names on envelopes, and I was able to do 5 or so before wanting to ""up"" the opacity again).","I AM IN LOVE!My family is so tired of hearing me talk about these pens. They are one of my favorite purchases! They work great, especially for the price. I will buy these again (once I run out, which may be a bit).You will have to ""reload"" the tip with paint, but not enough for it to be annoying (I used them for names on envelopes, and I was able to do 5 or so before wanting to ""up"" the opacity again)."
20533,20533_3,3,表面保护 (Finishing & Protection),亮油/保护喷雾,sealer,B086XCN9CR,AKARUED,3,"I found that you brush a little clear craft sealer paint over top it after you applied the paint, should last more than a few months...provided you do rub the tire on curbs..lol.","Pen works ok but the paint is a little watery.  I traced over my white lettering on my wrangler truck tires to make them pop out more, but found that it doesnt last more than a few weeks and fades out.  I found that you brush a little clear craft sealer paint over top it after you applied the paint, should last more than a few months...provided you do rub the tire on curbs..lol.  Recommend NOT to go through automated car wash as the water and the rubbing on the guard rail with fade the paint too."
20561,20561_1,1,辅助与创意 (Tools & Accessories),镂空模板,stencils,B086XCN9CR,AKARUED,1,These are NOT for use with stencils they bleed underneath.,These are NOT for use with stencils they bleed underneath.  Free hand only
20575,20575_1,1,勾线与细节 (Detailing & Outlining),铅笔/橡皮,pencil,B08NWK73ZN,Utillo Craft,5,I am a colored pencil artist and have had trouble finding a white source to highlight my drawings with.,"I am a colored pencil artist and have had trouble finding a white source to highlight my drawings with.  These pens work!  I can put whiskers on animals, highlight hair, etc.  These are a great find :)"
20600,20600_2,2,辅助与创意 (Tools & Accessories),贴纸/胶水,stickers,B08NWK73ZN,Utillo Craft,5,I just used them this weekend to write on black chalk stickers to label food and they worked great!,For the price you can not get any better pen! I just used them this weekend to write on black chalk stickers to label food and they worked great! Never rubbed off even with food and liquid accidentally getting on them. My daughter also used them on rocks and they worked great for those also!  5 ⭐️⭐️⭐️⭐️⭐️
20646,20646_1,1,勾线与细节 (Detailing & Outlining),铅笔/橡皮,rubber,B08NWK73ZN,Utillo Craft,1,"I purchased the white, acrylic paint markers, extra fine tip, 8 pack.I've used various paint markers, but this is the first time trying out the Utillo brand.On the side of the box, it says it can be used on wood,glass, rubber, leather, ceramics....","I purchased the white, acrylic paint markers, extra fine tip, 8 pack.I've used various paint markers, but this is the first time trying out the Utillo brand.On the side of the box, it says it can be used on wood,glass, rubber, leather, ceramics.... etc.Firstly , this is Not an extra fine tip.Even after following the instructionsThe paint does not flow evenly. It flows for maybe 1/2"" , then it blobs/ puddlesMaking a ruin of the handmade ceramic items I made. I am more than frustrated with such aPathetic product. Don't waste your money"
20706,20706_4,4,纸质媒介 (Paper & Pads),水彩纸/多媒体纸,watercolor paper | cold press,B08NWK73ZN,Utillo Craft,3,Watercolor paper is thick and cold press is textured.,"The paint does not go on smoothly. I guess for the price, someone may like them depending on their needs. My needs are for mark making on watercolor art. Watercolor paper is thick and cold press is textured. These are not for that!"
20735,20735_10,10,纸质媒介 (Paper & Pads),黑卡纸/本,black paper,B08NWK73ZN,Utillo Craft,3,"So much so, I ordered a back up set and the black set as well.<br><br>These are perfect on dark or black paper.","UPDATE:<br>Sadly, I must report that these turned out to not be all that great.  What happens is that the pens are super fantastic for about the first week after you activate one.  Then they just stop working.  No matter if you are cleaning off the tip after use, storing in the proper way, etc.  They just clog up - in fact, they clog up worse than some others I have tried.  This will teach me to not get too excited at first use lol.  Considering that you only have a week to use one of them up after activation, these are somewhat pricey.<br><br>Back to trying to find a white paint pen that actually lives up to my standards of needing it to work for more than a week.<br><br>ORIGINAL REVIEW:<br>If you are on the fence about ordering these, jump down now and order them!  I have used many different 'white pens' in an attempt to find the best, most opaque white pen for my various art needs.  These are heads and shoulders above anything I have ever used.  So much so, I ordered a back up set and the black set as well.<br><br>These are perfect on dark or black paper.  They are perfect to add highlights and POP to coloring pages.  They are perfect to add touch ups, highlights and POP to your watercolor and acrylic paintings.<br><br>TIP: To keep them super fresh, use one of those food saver vacuum sealer devices to seal up the pens you are not going to use right away.  It's better than just putting in a zip lock bag."
20735,20735_12,12,表面保护 (Finishing & Protection),亮油/保护喷雾,sealer,B08NWK73ZN,Utillo Craft,3,"They are perfect to add touch ups, highlights and POP to your watercolor and acrylic paintings.<br><br>TIP: To keep them super fresh, use one of those food saver vacuum sealer devices to seal up the pens you are not going to use right away.","UPDATE:<br>Sadly, I must report that these turned out to not be all that great.  What happens is that the pens are super fantastic for about the first week after you activate one.  Then they just stop working.  No matter if you are cleaning off the tip after use, storing in the proper way, etc.  They just clog up - in fact, they clog up worse than some others I have tried.  This will teach me to not get too excited at first use lol.  Considering that you only have a week to use one of them up after activation, these are somewhat pricey.<br><br>Back to trying to find a white paint pen that actually lives up to my standards of needing it to work for more than a week.<br><br>ORIGINAL REVIEW:<br>If you are on the fence about ordering these, jump down now and order them!  I have used many different 'white pens' in an attempt to find the best, most opaque white pen for my various art needs.  These are heads and shoulders above anything I have ever used.  So much so, I ordered a back up set and the black set as well.<br><br>These are perfect on dark or black paper.  They are perfect to add highlights and POP to coloring pages.  They are perfect to add touch ups, highlights and POP to your watercolor and acrylic paintings.<br><br>TIP: To keep them super fresh, use one of those food saver vacuum sealer devices to seal up the pens you are not going to use right away.  It's better than just putting in a zip lock bag."
20754,20754_1,1,勾线与细节 (Detailing & Outlining),铅笔/橡皮,rubber,B08NWK73ZN,Utillo Craft,5,I accidentally wore my 'good sneakers' during heavy yard work and destroyed the white rubber side-soles with dirt and stains.,"I accidentally wore my 'good sneakers' during heavy yard work and destroyed the white rubber side-soles with dirt and stains. I tried scrubbing them clean but stained is stained. I decided to try this product, or I would have needed new shoes.So far these pens are great. The tip is very fine for a paint pen, and it maneuvers around detail well. However on an angle, the pen covers enough surface area that the project moves along at fair speed. I just finished one coat on one shoe. It will definitely need a second coat to cover everything evenly, but with all the pens that come in the box, I think I will have plenty until the job is done.Now I have to see how durable the paint is. If I have any problems I'll update. So very I'm very glad I made the purchase."
20761,20761_9,9,表面保护 (Finishing & Protection),遮蔽胶带,washi tape,B08NWK73ZN,Utillo Craft,5,"The felt tip resembles a regular marker tip, but with some finesse you can make it ""Fine"".Using these on cardboard, paper, and opaque washi tape worked just fine.Overall, you get a very nice assortment for a great price and should last you a while depending on it's use.","If you're looking for a white paint marker, give these a try.These are easy to use as long as you take a look at the instructions before hand. The paint can get quite messy if you're not careful and may run. Simply shake the marker a few times, push down the tip and write.I highly suggest doing a test run to get a feel for how they work before each go as the paint will blob on the first go. Once you start writing the paint comes out easily and is bright. Once it starts to turn sheer or isn't as white, give it a shake or push the tip again--but carefully.The box says ""Extra Fine Tip"" but I wouldn't call these extra fine by any means. It's also listed as 0.7mm which isn't really extra fine anyway; depending on how hard you push the pen could vary. I would say the tip is closer to 1 or 2mm though. The felt tip resembles a regular marker tip, but with some finesse you can make it ""Fine"".Using these on cardboard, paper, and opaque washi tape worked just fine.Overall, you get a very nice assortment for a great price and should last you a while depending on it's use."
20765,20765_5,5,勾线与细节 (Detailing & Outlining),铅笔/橡皮,pencil,B08NWK73ZN,Utillo Craft,5,"I used pencil to write on the board first of course but if I messed up with the marker, I had a magic eraser handy to quickly rub it off.","Love these pens! They are a very bright vivid white. I used one on a piece of plywood I had painted black to put in a frame for a motto. They were awesome. I used pencil to write on the board first of course but if I messed up with the marker, I had a magic eraser handy to quickly rub it off. The cool thing is that once it’s completely dry it’s much harder to remove, so I actually used a magic eraser to remove my pencil lines. I also sprayed it with a light coat of matte clear coat. Most of the time the ink flow was consistent and smooth. But if I laid it down and picked it up later I first tried it on a scrap to make sure it was good, which I definitely recommend. Definitely best white paint pen I’ve ever used! My motto brought almost $500 at a family auction 👏🏻 so i was glad that I had used good quality pens!"
20765,20765_6,6,勾线与细节 (Detailing & Outlining),铅笔/橡皮,pencil,B08NWK73ZN,Utillo Craft,5,"The cool thing is that once it’s completely dry it’s much harder to remove, so I actually used a magic eraser to remove my pencil lines.","Love these pens! They are a very bright vivid white. I used one on a piece of plywood I had painted black to put in a frame for a motto. They were awesome. I used pencil to write on the board first of course but if I messed up with the marker, I had a magic eraser handy to quickly rub it off. The cool thing is that once it’s completely dry it’s much harder to remove, so I actually used a magic eraser to remove my pencil lines. I also sprayed it with a light coat of matte clear coat. Most of the time the ink flow was consistent and smooth. But if I laid it down and picked it up later I first tried it on a scrap to make sure it was good, which I definitely recommend. Definitely best white paint pen I’ve ever used! My motto brought almost $500 at a family auction 👏🏻 so i was glad that I had used good quality pens!"
20765,20765_7,7,表面保护 (Finishing & Protection),亮油/保护喷雾,clear coat,B08NWK73ZN,Utillo Craft,5,I also sprayed it with a light coat of matte clear coat.,"Love these pens! They are a very bright vivid white. I used one on a piece of plywood I had painted black to put in a frame for a motto. They were awesome. I used pencil to write on the board first of course but if I messed up with the marker, I had a magic eraser handy to quickly rub it off. The cool thing is that once it’s completely dry it’s much harder to remove, so I actually used a magic eraser to remove my pencil lines. I also sprayed it with a light coat of matte clear coat. Most of the time the ink flow was consistent and smooth. But if I laid it down and picked it up later I first tried it on a scrap to make sure it was good, which I definitely recommend. Definitely best white paint pen I’ve ever used! My motto brought almost $500 at a family auction 👏🏻 so i was glad that I had used good quality pens!"
20773,20773_2,2,涂色与创作 (Coloring & Greeting),明信片,postcard,B08NWK73ZN,Utillo Craft,5,My save the dates are on black matte postcard like paper so it was tough finding something to write with that would stand out and not smear.,I bought these pens for my save the dates and they work great! My save the dates are on black matte postcard like paper so it was tough finding something to write with that would stand out and not smear. Absolutely perfect!
20784,20784_1,1,勾线与细节 (Detailing & Outlining),铅笔/橡皮,pencil,B08NWK73ZN,Utillo Craft,5,The pencil white out is the best,The pencil white out is the best
20798,20798_1,1,纸质媒介 (Paper & Pads),水彩纸/多媒体纸,watercolor paper,B08NWK73ZN,Utillo Craft,5,Works great on watercolor paper.,Works great on watercolor paper.
20800,20800_1,1,勾线与细节 (Detailing & Outlining),铅笔/橡皮,rubber,B08NWK73ZN,Utillo Craft,5,Perfect for rubber surfaces,Perfect for rubber surfaces
20805,20805_1,1,辅助与创意 (Tools & Accessories),贴纸/胶水,decals,B08NWK73ZN,Utillo Craft,5,worked out well for the iron on decals i was repairing Thanks,worked out well for the iron on decals i was repairing Thanks
20823,20823_1,1,涂色与创作 (Coloring & Greeting),贺卡/信封,invitations,B08NWK73ZN,Utillo Craft,5,"My wife and I made invitations for my nephew's bar mitzvah, and they came out looking great.","My wife and I made invitations for my nephew's bar mitzvah, and they came out looking great. The ink doesn't drip out of the tip like other brands, and they have a controlled continuous flow. My wife, who studied art as undergraduate, was very impressed and is making me buy her more. Overall, we're very happy with them. Yes"
20830,20830_8,8,纸质媒介 (Paper & Pads),黑卡纸/本,black paper,B08NWK73ZN,Utillo Craft,4,Of course I can use the pen on black paper or fabric.,"I love white gel pens but they are not for non paper surface.  When I saw these white acrylic pens I had to have them.  These pens are essentially a tiny tube of acrylic in a fountain pen format.The pen is easy enough to use.  The pressing down the tip can produce excess paint (i found a drop on my floor).  The white I use in my place is Oxford White from Benjamin Moore.  This white is slightly brighter than Oxford White but not as blue white as BM’s Chantilly Lace.  It does go on gloss and semi gloss paint surface to do tiny touch up.  Of course I can use the pen on black paper or fabric.  It does bleed thru cotton muslin.  I am not sure if washing will dilute the white color (i typically mix acrylic with ceramcoat to paint on fabric).BTW, like any paint, it is wet.  Be careful and don’t smear the painted surface before the paint is completely dry."
20842,20842_2,2,辅助与创意 (Tools & Accessories),镂空模板,stencils,B08NWK73ZN,Utillo Craft,5,They are my favorite for stencils.,"These are great for drawing on mirrors, black paint, etc. They are my favorite for stencils."
20844,20844_3,3,纸质媒介 (Paper & Pads),黑卡纸/本,dark paper,B08NWK73ZN,Utillo Craft,5,"Fine tip allows for great details but paint also covers evenly, even on dark paper.","I wasn't sure what to expect with pens at the low price point, but I was incredibly surprised and pleased with the quality. Some pens have a 'scratchy' feel as you're using them - but not these. Fine tip allows for great details but paint also covers evenly, even on dark paper. These pens truly dry quickly - no smears or streaks. Really happy with this purchase!"
20889,20889_6,6,纸质媒介 (Paper & Pads),绘本/写生本,art journal,B08NWK73ZN,Utillo Craft,4,I primarily use them in my art journals and paintings.,"These paint pens aren't bad for the price, but not quite as good or long-lasting as a Posca. Those are still my favorite for my art.  I just began using them, so I can't speak for how long they will last, but the nibs aren't as strong or the color as opaque.  As I continue using them, so far only used 2, I may change my review to a 5 star. I would suggest giving them a try to anyone on the fence. I primarily use them in my art journals and paintings."
20903,20903_1,1,纸质媒介 (Paper & Pads),黑色便利贴,black sticky notes,B098QPHCVT,AKARUED,5,I use these at work on the black sticky notes.,I use these at work on the black sticky notes. They work great!
20906,20906_1,1,辅助与创意 (Tools & Accessories),镂空模板,stencils,B098QPHCVT,AKARUED,5,"I bought stencils that ended up bleeding when I tried any kind of painting technique, so I tried these and like the results.","I bought stencils that ended up bleeding when I tried any kind of painting technique, so I tried these and like the results."
20953,20953_1,1,勾线与细节 (Detailing & Outlining),铅笔/橡皮,pencil,B098QPHCVT,AKARUED,5,I have a lot LOT of what we've always called 'wall warts' device transformer power supplies.Almost all are BLACK with tiny often dark grey print on the specs.I use some sort of white maker/pencil to put the specs on them so they can be read at a glance and these paint markers are just the thing.,I have a lot LOT of what we've always called 'wall warts' device transformer power supplies.Almost all are BLACK with tiny often dark grey print on the specs.I use some sort of white maker/pencil to put the specs on them so they can be read at a glance and these paint markers are just the thing. That and about anything that is dark that needs some kind of note/info on it. Recommended.
20958,20958_1,1,涂色与创作 (Coloring & Greeting),成人涂色书,coloring book | adult coloring,B098QPHCVT,AKARUED,4,"I use this for my adult coloring books to cover, make hilight areas, and make snow.","I use this for my adult coloring books to cover, make hilight areas, and make snow. At first, it's a little too juicy, but we don't mind! The juciness soon goes away, and if we are making snow ❄️, some juciness is wanted at times. Supper easy to use and I have had no leakage problems so far."
20975,20975_3,3,纸质媒介 (Paper & Pads),黑卡纸/本,black paper,B098QPHCVT,AKARUED,5,They show up very well on my black paper.,"I make a number of homemade cards, and have tried just about every white pen out there. These are my absolute favorite. They show up very well on my black paper. I would highly recommend them."
20977,20977_2,2,涂色与创作 (Coloring & Greeting),贺卡/信封,envelopes,B098QPHCVT,AKARUED,5,I had black wedding invitation envelopes and a lot of them and my girlfriend and I had to write them all out and they were great not drippy didn't suck their awesome.,I read a lot of reviews before I bought these. I had black wedding invitation envelopes and a lot of them and my girlfriend and I had to write them all out and they were great not drippy didn't suck their awesome.
20979,20979_1,1,勾线与细节 (Detailing & Outlining),铅笔/橡皮,rubber,B098QPHCVT,AKARUED,5,"I've been using them to mark tools, cases - anything too dark for a black sharpieEven used them to mark R and L on the rubber wheels for my dog cart","I've been using them to mark tools, cases - anything too dark for a black sharpieEven used them to mark R and L on the rubber wheels  for my dog cart"
20983,20983_1,1,涂色与创作 (Coloring & Greeting),贺卡/信封,greeting cards,B098QPHCVT,AKARUED,5,Perfect for writing on dark greeting cards.,Perfect for writing on dark greeting cards.
20993,20993_1,1,涂色与创作 (Coloring & Greeting),成人涂色书,coloring book | adult coloring,B098QPHCVT,AKARUED,5,Using this as an accent pen in my adult coloring books and my planner!,Using this as an accent pen in my adult coloring books and my planner!
20997,20997_1,1,纸质媒介 (Paper & Pads),黑卡纸/本,black paper,B098QPHCVT,AKARUED,1,I bought this item to draw on black paper.,"I bought this item to draw on black paper. However, it is impossible to draw a line longer than a few mm, and even that line is not solid. It smears, dries right on the top of marker."
21005,21005_1,1,纸质媒介 (Paper & Pads),黑卡纸/本,black paper,B098QPHCVT,AKARUED,4,"The White Paint Pen Acrylic Marker set is a fantastic addition to any artist or crafter's toolkit, offering versatility and vibrant results on various surfaces, including black paper.What stands out most about these markers is their precision and brightness.","The White Paint Pen Acrylic Marker set is a fantastic addition to any artist or crafter's toolkit, offering versatility and vibrant results on various surfaces, including black paper.What stands out most about these markers is their precision and brightness. The 0.7mm fine tip allows for detailed work and intricate designs, making them ideal for creating precise lines and intricate patterns. The white acrylic paint flows smoothly from the marker, providing consistent coverage without streaks or smudges.I particularly enjoy using these markers on black paper, as the opaque white pigment stands out vividly against the dark background. It's perfect for adding highlights, lettering, or intricate details to artwork, scrapbooks, or DIY projects.The markers are also versatile enough to be used on other surfaces such as glass, wood, ceramics, and metal, providing endless creative possibilities. The quick-drying formula ensures minimal waiting time between layers, allowing for efficient workflow and preventing smearing.However, one minor drawback is that these markers can get messy if not handled carefully. Excess paint may accumulate around the nib or leak if stored improperly, which can lead to unintentional smudges or stains on hands or surfaces. It's advisable to cap them securely after each use and store them upright to prevent leakage.Overall, the White Paint Pen Acrylic Marker set offers exceptional value with its precise application, vibrant white pigment, and versatility across different surfaces. Despite the potential messiness, these markers are a must-have for anyone looking to add eye-catching details and accents to their artistic creations."
21005,21005_3,3,纸质媒介 (Paper & Pads),黑卡纸/本,black paper,B098QPHCVT,AKARUED,4,"The white acrylic paint flows smoothly from the marker, providing consistent coverage without streaks or smudges.I particularly enjoy using these markers on black paper, as the opaque white pigment stands out vividly against the dark background.","The White Paint Pen Acrylic Marker set is a fantastic addition to any artist or crafter's toolkit, offering versatility and vibrant results on various surfaces, including black paper.What stands out most about these markers is their precision and brightness. The 0.7mm fine tip allows for detailed work and intricate designs, making them ideal for creating precise lines and intricate patterns. The white acrylic paint flows smoothly from the marker, providing consistent coverage without streaks or smudges.I particularly enjoy using these markers on black paper, as the opaque white pigment stands out vividly against the dark background. It's perfect for adding highlights, lettering, or intricate details to artwork, scrapbooks, or DIY projects.The markers are also versatile enough to be used on other surfaces such as glass, wood, ceramics, and metal, providing endless creative possibilities. The quick-drying formula ensures minimal waiting time between layers, allowing for efficient workflow and preventing smearing.However, one minor drawback is that these markers can get messy if not handled carefully. Excess paint may accumulate around the nib or leak if stored improperly, which can lead to unintentional smudges or stains on hands or surfaces. It's advisable to cap them securely after each use and store them upright to prevent leakage.Overall, the White Paint Pen Acrylic Marker set offers exceptional value with its precise application, vibrant white pigment, and versatility across different surfaces. Despite the potential messiness, these markers are a must-have for anyone looking to add eye-catching details and accents to their artistic creations."
21025,21025_3,3,涂色与创作 (Coloring & Greeting),贺卡/信封,envelopes,B098QPHCVT,AKARUED,5,"For example, I used one pen to address 93 black envelopes and it showed up vibrantly and didn’t give out!","Easy to use and good quality. Dries fast and you can get a lot of use out of just one pen. For example, I used one pen to address 93 black envelopes and it showed up vibrantly and didn’t give out!"
21039,21039_1,1,表面保护 (Finishing & Protection),遮蔽胶带,masking tape,B098QPHCVT,AKARUED,5,We use these to write on colored masking tape to label things in the home.,"We use these to write on colored masking tape to label things in the home. Notably, I labeled my fiance's waterbottle months ago and it's gone through the dishwasher at least a dozen times since. The label and the white writing is still intact. Great product!"
21041,21041_1,1,勾线与细节 (Detailing & Outlining),铅笔/橡皮,pencil,B098QPHCVT,AKARUED,5,"These are very smooth to use, I'm using them over colored pencil and my other acrylic pen which is supposed to be the best kept drying out and I had to keep shaking it.","These are very smooth to use, I'm using them over colored pencil and my other acrylic pen which is supposed to be the best kept drying out and I had to keep shaking it. These stay smooth and glide on nicely over my drawing without drying out. Recommend"
21102,21102_1,1,纸质媒介 (Paper & Pads),黑卡纸/本,black paper | black notebook,B098QPHCVT,AKARUED,5,"Journalling in a black notebook, black paper for design / graphioc effect.","Journalling in a black notebook, black paper for design / graphioc effect. Great pens, small, but great value. VERY HAPPY."
21108,21108_2,2,涂色与创作 (Coloring & Greeting),成人涂色书,adult coloring,B098QPHCVT,AKARUED,5,Of course you occasionally have to re wet the tip but other than that they are awesome paint pens for rock painting or adult coloring.The Coloring Cat Mom,I think I paid 5.99 for the set of pens and they work really well. Of course you occasionally have to re wet the tip but other than that they are awesome paint pens for rock painting or adult coloring.The Coloring Cat Mom
21117,21117_2,2,勾线与细节 (Detailing & Outlining),铅笔/橡皮,pencil,B098QPHCVT,AKARUED,5,Each pencil lasts a while!,"I use it for my small business, it dries so fast, not messy at all, it doesn’t smell strong at all (my kids can be around me). Each pencil lasts a while! Highly recommend it."
21153,21153_1,1,纸质媒介 (Paper & Pads),黑卡纸/本,black paper,B09TR9SD6P,SAKEYR,1,"Do not recommend buying, they barely show up on black paper.","Do not recommend buying, they barely show up on black paper. Which is what i bought them for. I’d return them if I hadn’t already opened and tested them."
21167,21167_3,3,纸质媒介 (Paper & Pads),水彩纸/多媒体纸,watercolor paper,B09TR9SD6P,SAKEYR,5,Does very well on rocks as well as watercolor paper and cardstock.,Very vibrant In color. It does seem thru thin cards and paper. Does very well on rocks as well as watercolor paper and cardstock.
21181,21181_3,3,涂色与创作 (Coloring & Greeting),成人涂色书,coloring book | adult coloring,B09TR9SD6P,SAKEYR,1,I use them for adult coloring books.,the tips of the pens fell out of the pen. I had to throw them all out. I use them for adult coloring books.
21187,21187_2,2,纸质媒介 (Paper & Pads),涂鸦板/卡片,tags,B09TR9SD6P,SAKEYR,5,They wouldn't work on my Chalk board name tags but the worked well on wood picks that I used in flowers.,These markers are great. They wouldn't work on my Chalk board name tags but the worked well on wood picks that I used in flowers. Very Pretty!
21190,21190_1,1,纸质媒介 (Paper & Pads),黑卡纸/本,black paper,B09TR9SD6P,SAKEYR,5,"Used for black paper , card backgrounds","Used for black paper , card backgrounds"
21228,21228_2,2,表面保护 (Finishing & Protection),亮油/保护喷雾,sealer,B09TR9SD6P,SAKEYR,3,"It does have a dull coverage after the fact, so you will need an additional sealer to make it shine.","Not bad the coverage is good, and the sparkles are obviously there. It does have a dull coverage after the fact, so you will need an additional sealer to make it shine."
21247,21247_5,5,纸质媒介 (Paper & Pads),黑卡纸/本,black paper,B09TR9SD6P,SAKEYR,1,They work great on black paper.,Don’t buy these markers. Half of the knobs are missing and the other half the color won’t come down. We shook and shook and shook and still no color came down. Get the Crayola ones. They work great on black paper.
21268,21268_4,4,纸质媒介 (Paper & Pads),黑卡纸/本,dark paper,B09TR9SD6P,SAKEYR,4,These work on light or dark paper with full coverage.,"These water-based acrylic paint markers are a good alternative to oil-based markers. You’ll still have to shake them and press the tip to activate, just as you would with oil-based paint markers. The advantage over oil-based is that the paint goes on smoothly with no clumps, and the coverage is very good. These work on light or dark paper with full coverage. Colors can be layered once dry.I like to use oil-based paint markers to draw or write on plastic surfaces and was hoping these would work just as well. They’re a decent alternative but they do bead up on very slick or glossy surfaces. However, the paint will stay on once dry if it is something that won’t be handled often. But if the plastic has any tooth or texture, these work very well. The paint also beaded up a little on glass, though not as much as on the slick plastic surfaces. I tried them on metal, rocks, wood, craft foam, and fabric, all with success. They also are wonderfully and highly metallic colors, shimmering beautifully with the slightest amount of light. They are easy to manipulate to get a variety of marks and line variation. I’m happy that it’s a more kid-friendly alternative to oil-based markers (although still with supervision)."
21280,21280_2,2,纸质媒介 (Paper & Pads),黑卡纸/本,black paper,B09TR9SD6P,SAKEYR,5,These works REALLY GOOD on black paper.,I bought these for a scrapbooking project and the pages are black. These works REALLY GOOD on black paper. The only color I struggled with is the silver. I read other reviews and people said the tops are hard to get off but they are not at all. You do have to shake them and hold them down for a bit the first time you use them. I would recommend these!
21305,21305_3,3,纸质媒介 (Paper & Pads),黑卡纸/本,black paper,B09TR9SD6P,SAKEYR,5,"I had gotten a sketch book to review (ASIN B09WHC7DMC) that had white, tan and black papers in it, so it was easy to try out the pens on all three colors instead of having to rummage through my different paper pads to find ones in those colors.","I love glittery, metallic pens with lots of bling too. This set of acrylic  pens really comes through with the metallic look. I had gotten a sketch book to review (ASIN B09WHC7DMC) that had white, tan and black papers in it, so it was easy to try out the pens on all three colors instead of having to rummage through my different paper pads to find ones in those colors. Until trying the pens in all three colors, I didn't realize how the background to your ink can make such a difference in how the pens looked. I found with the white paper, I couldn't see the metallic look to the pens unless I tilted the pad a certain way. With the tan and black paper, I could see the metallic look right away. With tilting the pad, it became even more pronounced.I have a lot of different acrylic pens but this is one of the first sets that the colors all came out like they should. I tend to run into yellow markers that look like green. So I was very pleased with these markers. Their nibs are about 2-3 mm. They were very juicy and easy to makes symbols with ease.Thank you for these. I appreciate getting to try them out."
21305,21305_6,6,纸质媒介 (Paper & Pads),黑卡纸/本,black paper,B09TR9SD6P,SAKEYR,5,"With the tan and black paper, I could see the metallic look right away.","I love glittery, metallic pens with lots of bling too. This set of acrylic  pens really comes through with the metallic look. I had gotten a sketch book to review (ASIN B09WHC7DMC) that had white, tan and black papers in it, so it was easy to try out the pens on all three colors instead of having to rummage through my different paper pads to find ones in those colors. Until trying the pens in all three colors, I didn't realize how the background to your ink can make such a difference in how the pens looked. I found with the white paper, I couldn't see the metallic look to the pens unless I tilted the pad a certain way. With the tan and black paper, I could see the metallic look right away. With tilting the pad, it became even more pronounced.I have a lot of different acrylic pens but this is one of the first sets that the colors all came out like they should. I tend to run into yellow markers that look like green. So I was very pleased with these markers. Their nibs are about 2-3 mm. They were very juicy and easy to makes symbols with ease.Thank you for these. I appreciate getting to try them out."
21320,21320_3,3,辅助与创意 (Tools & Accessories),镂空模板,stencils,B09TR9SD6P,SAKEYR,5,"so I bought a plain black case, some stencils and these fantastic pens so I can dress it up myself.","It doesn’t show up in the photo much, but I LOVE the SPARKLE!! They’re easy to use, easy to layer the color so you can be as muted or as bold as you want to, and I love the colors themselves!I have a Baritone Uke and there aren’t many options for cases for that size; so I bought a plain black case, some stencils and these fantastic pens so I can dress it up myself. This is gonna be FUN!!"
21332,21332_3,3,纸质媒介 (Paper & Pads),黑卡纸/本,black paper,B09TR9SD6P,SAKEYR,5,"I bought some other pens/markers for writing on black paper that I was not impressed with, but these blew those out of the water!","Work well! Love the sheen on these paint markers. I bought some other pens/markers for writing on black paper that I was not impressed with, but these blew those out of the water!  Will see how it handles with outdoor works, but so far quite pleased for what I got for the price."
21360,21360_2,2,辅助与创意 (Tools & Accessories),贴纸/胶水,stickers,B09TR9SD6P,SAKEYR,5,The snowflakes and gem stickers were also Amazon purchases.,I bought these paint pens for the snowflake craft. The snowflakes and gem stickers were also Amazon purchases. 3 kindergarteners and a 3 year old and their dads stayed way longer than expected at our Cub Scouts meeting today because everyone was having so much fun decorating the snowflakes for the upcoming craft fair. The painted look or the dots look were both easy to do. The pens also feel nice in your hand for those of us who are sensory driven. Everything dried quickly except the one with the heavy dots. Another review talked about them drying out so I put them all tip down in the box and have the box stored upright. Hopefully that proves successful.
21367,21367_3,3,纸质媒介 (Paper & Pads),涂鸦板/卡片,tags,B09TR9SD6P,SAKEYR,5,co-workers give me grief over my pink glitter clothes tags.,"The girls like these markers soooo much!, that they mark everything with them. Even my work clothes,.. co-workers give me grief over my pink glitter clothes tags."
21445,21445_1,1,勾线与细节 (Detailing & Outlining),铅笔/橡皮,rubber,B0B7VZ9KTJ,Artugn,3,They don't work on plastic or rubber.,"They don't work on plastic or rubber. ""Paint"" comes off easily.  It does ok on paper, but not a multi pen. Color brightness and flow are ok. Colors are on point. These are the markers you need if you don't want a ruined home by kids, not serious artists."
21446,21446_1,1,涂色与创作 (Coloring & Greeting),成人涂色书,coloring book,B0B7VZ9KTJ,Artugn,5,First I wasn’t sold but I’ve used them on my coloring books and hard stock.,First I wasn’t sold but I’ve used them on my coloring books and hard stock. The ink come outside smooth. Fries quickly and can layer for more vibrant color. Love them
21457,21457_1,1,纸质媒介 (Paper & Pads),绘本/写生本,sketchbook,B0B7VZ9KTJ,Artugn,5,I tried these out with friends on mixed media sketchbook paper and they were a perfect alternative to using bottled acrylic paints.,"I tried these out with friends on mixed media sketchbook paper and they were a  perfect alternative to using bottled acrylic paints. No mess, easy to use, great quality and pigment. Will buy again."
21478,21478_2,2,表面保护 (Finishing & Protection),密封胶,sealant | mod podge,B0B7VZ9KTJ,Artugn,1,a great value and knowing they are water based - allows them to dry before applying MOD PODGE sealant and they SMEARED IMMEDIATELY… I used another brand for the black & red..,Just got these WATER BASED markers.. a great value and knowing they are water based - allows them to dry before applying MOD PODGE sealant and they SMEARED IMMEDIATELY… I used another brand for the black & red.. notice how they DIDNT SMEAR.. would not recommend these markers for serious applications… especially if using a coating..
21538,21538_1,1,纸质媒介 (Paper & Pads),涂鸦板/卡片,tags,B0B7VZ9KTJ,Artugn,5,I bought these paint pens to use outdoors to make plant tags.,"I bought these paint pens to use outdoors to make plant tags.  Everything I have tried so far fades in the sun.  So far this paint has worked and hasn't faded at all.  Iblike the color choices, the fine and thick tips, and best of all it writes easily."
21545,21545_3,3,纸质媒介 (Paper & Pads),黑卡纸/本,black paper,B0B7VZ9KTJ,Artugn,5,I’m using them on black paper in a scrapbook.,I’d add a picture but my handwriting is so bad I don’t wanna embarrass myself.No but seriously get these! They’re so good. I’m using them on black paper in a scrapbook. Vibrant colors and dries fast. Be careful to not accidentally swipe it or turn the page too quick though! The two different tips is a great addition.  Just make sure you store them properly so they don’t try out.
21566,21566_4,4,表面保护 (Finishing & Protection),亮油/保护喷雾,varnish | sealer,B0B7VZ9KTJ,Artugn,2,"They bleed horribly if you try to finish with a water based sealer/gloss varnish, brush on or spray on, or any sealer at all!","Colors were great, not the quality. They dried out quickly. Narrow tips bent and curled with no pressure applied. They bleed horribly if you try to finish with a water based sealer/gloss varnish, brush on or spray on, or any sealer at all! Ruined a few projects! But they also run if you don’t seal!  Disappointing."
21574,21574_3,3,表面保护 (Finishing & Protection),亮油/保护喷雾,varnish,B0B7VZ9KTJ,Artugn,5,Hope I can varnish over without washing away paint (?),"Love these acrylic paint markers - fine point brush and round head, and opaque as you layer. One marker didn’t work - white brush. Hope I can varnish over without washing away paint (?)"
21589,21589_2,2,辅助与创意 (Tools & Accessories),镂空模板,stencils,B0B7VZ9KTJ,Artugn,5,"It was like getting twice the product.The colors are gorgeous.The brush end is very easy to use, fits nicely in stencils or free hand lettering.The paint does not run or drip.I am not sure if their longevity yet, but they are releasing paint today just as they were when I first opened them.","I totally love the dual ends. It was like getting twice the product.The colors are gorgeous.The brush end is very easy to use, fits nicely in stencils or free hand lettering.The paint does  not run or drip.I am not sure if their longevity yet, but they are releasing paint today just as they were when I first opened them.  I love them!"
21594,21594_4,4,纸质媒介 (Paper & Pads),黑卡纸/本,black paper,B0B7VZ9KTJ,Artugn,5,I would not recommend for drawing paper(which is the black paper in my picture) as they seemed to not be as smooth.,"No smell, none were dried or seemed to be used. No splatter or leakage. Very easy to use and are smooth on regular. I would not recommend for drawing paper(which is the black paper in my picture) as they seemed to not be as smooth. The caps are not on super tight and they dried very quickly took less than a minute. Pens are very slender so I don't think they will last long."
21626,21626_3,3,勾线与细节 (Detailing & Outlining),铅笔/橡皮,pencil,B0B7VZ9KTJ,Artugn,5,Do be sure to recap promptly after use and to store flat rather than standing up in a pencil cup and you should be good to go.,"I got these acrylic paint markers to paint some 3d printed miniatures. So far, they seem to have plenty of paint and the brush tips allow me to to get good details. Do be sure to recap promptly after use and to store flat rather than standing up in a pencil cup and you should be good to go. Lastly, the hands clean up pretty well with soap and water so these would be good for kids too."
21677,21677_5,5,涂色与创作 (Coloring & Greeting),成人涂色书,coloring book,B0B7VZ9KTJ,Artugn,5,"It's so satisfying, after a spate of coloring books, to finally be making my own art, going from a blank page to a finished painting.","I've always loved to draw and paint, but life got in the way for many years. Since retirement, I've been longing for something creative, and this little set of pens has allowed me to reawaken that love. I bought this small set and a pad of canvas paper, and I've been drawing and painting only for about a week, but it's been a revelation. These pens are easy to use, have great control and saturated color. It's so satisfying, after a spate of coloring books, to finally be making my own art, going from a blank page to a finished painting. I've even framed a few and hung them in my house! If you're looking for a perfect starting point for your own creativity, you won't go wrong with these pens. I'll be buying a bigger set soon!"
21706,21706_1,1,辅助与创意 (Tools & Accessories),便携笔袋/盒,holder,B0B7VZ9KTJ,Artugn,5,Used these to do a prototype for a phone holder for my wife of her cat.,Used these to do a prototype for a phone holder for my wife of her cat. They worked out great for the most part. My guess is they won't last long but they're cheap enough to buy 2x as much as you think you'd need.
21717,21717_3,3,勾线与细节 (Detailing & Outlining),铅笔/橡皮,pencil,B0B7VZ9KTJ,Artugn,5,"I store them horizontally to make sure one and doesn't dry more than the other, in a pencil pouch.","I wanted these for occasional scribbles and artsy little projects. They're not fancy and they don't act anything like watercolors or anything, but they are handy. I store them horizontally to make sure one and doesn't dry more than the other, in a pencil pouch. Honestly we've now used them more for random household things than any doodling - they will mark well on just about any surface, and the brush tip means you can get just a little fine mark when you need it. As an example, my husband has marked a few kitchen gadgets where a lid has to be oriented a certain way to lock it in place (instapot, etc.). These are just great to have around when something like that comes up, and the price is right."
21728,21728_1,1,纸质媒介 (Paper & Pads),黑卡纸/本,black paper,B0B7VZ9KTJ,Artugn,5,This is the first set of pen markers that I’ve found that fully cover black paper.,This is the first set of pen markers that I’ve found that fully cover black paper. It’s so creamy and opaque and dries beautifully!
21747,21747_1,1,辅助与创意 (Tools & Accessories),火漆/装饰,wax seal,B0B7VZ9KTJ,Artugn,4,I bought these specifically for coloring wax seals but with the dual purpose of card making calligraphy if that didn't work out.,"I bought these specifically for coloring wax seals but with the dual purpose of card making calligraphy if that didn't work out. It comes with a decent selection of colors and the pens are double ended with a nub and a brush head.I tried them on some junk mail when they arrived and was happy with the smooth flow of the brush head. The white in particular stood out quite well, which is usually the most disappointing color in my experience. It takes a few seconds to dry so you have to keep that in mind.As far as using on the wax seals, it kind of worked, but not well. The paint spread and slipped across the wax and neither head was particularly effective. The brush head was a bit too thick and bled. The result is not something I would be happy gifting, so that's out the window.My second test was on card stock. This was better. I prefer the brush head and they glide well but were varying thickness. The nubs seem more consistent and offer a bolder line. My biggest complaint here is that almost every single color is flat matte. Out of the few I tested, only the gold had a metallic hue. This really depends on your needs, but for me, it's not the prettiest effect for card making. Will probably work best on rocks and maybe glass if it doesn't spread too much before drying.The other drawback is the flimsy box. Couldn't get the markers back in and you have to store these flat (horizontally) to prevent leakage. So provided I decide to keep these, I have to figure out how to store them properly. Hope this helps someone make their decision!"
21747,21747_4,4,辅助与创意 (Tools & Accessories),火漆/装饰,wax seal,B0B7VZ9KTJ,Artugn,4,"It takes a few seconds to dry so you have to keep that in mind.As far as using on the wax seals, it kind of worked, but not well.","I bought these specifically for coloring wax seals but with the dual purpose of card making calligraphy if that didn't work out. It comes with a decent selection of colors and the pens are double ended with a nub and a brush head.I tried them on some junk mail when they arrived and was happy with the smooth flow of the brush head. The white in particular stood out quite well, which is usually the most disappointing color in my experience. It takes a few seconds to dry so you have to keep that in mind.As far as using on the wax seals, it kind of worked, but not well. The paint spread and slipped across the wax and neither head was particularly effective. The brush head was a bit too thick and bled. The result is not something I would be happy gifting, so that's out the window.My second test was on card stock. This was better. I prefer the brush head and they glide well but were varying thickness. The nubs seem more consistent and offer a bolder line. My biggest complaint here is that almost every single color is flat matte. Out of the few I tested, only the gold had a metallic hue. This really depends on your needs, but for me, it's not the prettiest effect for card making. Will probably work best on rocks and maybe glass if it doesn't spread too much before drying.The other drawback is the flimsy box. Couldn't get the markers back in and you have to store these flat (horizontally) to prevent leakage. So provided I decide to keep these, I have to figure out how to store them properly. Hope this helps someone make their decision!"
21800,21800_6,6,涂色与创作 (Coloring & Greeting),成人涂色书,coloring book,B0B7VZ9KTJ,Artugn,5,"I've included a page from my coloring book, a Christmas picture on a small canvas (used my glitter glue pens too), and a little ceramic Santa figurine to show the versatility of the pens!","I love these pens! I asked myself what took me so long to purchase something like this? I love coloring and painting for a hobby (plus good mental health care), but paint can get a little messy at times. These acrylic paint pens were ideal for times that I wanted to work on crafts as I was recovering from a flare up of my chronic illness. I couldn't sit at a desk or table with a protective tablecloth and paint palette, so using these pens from bed or the couch was perfect! I've included a page from my coloring book, a Christmas picture on a small canvas (used my glitter glue pens too), and a little ceramic Santa figurine to show the versatility of the pens!"
21800,21800_6,6,辅助与创意 (Tools & Accessories),贴纸/胶水,glue pen,B0B7VZ9KTJ,Artugn,5,"I've included a page from my coloring book, a Christmas picture on a small canvas (used my glitter glue pens too), and a little ceramic Santa figurine to show the versatility of the pens!","I love these pens! I asked myself what took me so long to purchase something like this? I love coloring and painting for a hobby (plus good mental health care), but paint can get a little messy at times. These acrylic paint pens were ideal for times that I wanted to work on crafts as I was recovering from a flare up of my chronic illness. I couldn't sit at a desk or table with a protective tablecloth and paint palette, so using these pens from bed or the couch was perfect! I've included a page from my coloring book, a Christmas picture on a small canvas (used my glitter glue pens too), and a little ceramic Santa figurine to show the versatility of the pens!"
21848,21848_2,2,辅助与创意 (Tools & Accessories),镂空模板,stencils,B0B7VZ9KTJ,Artugn,4,"I bought it to use with my stencils, but it wanted to bleed beyond the stencil opening.","Real nice product, but didn't work for what I bought it for.  I bought it to use with my stencils, but it wanted to bleed beyond the stencil opening.  I sent them back."
21860,21860_4,4,勾线与细节 (Detailing & Outlining),铅笔/橡皮,pencil,B0B7VZ9KTJ,Artugn,5,"It covers my pencil lines, does t bleed and look amazing.","Honestly I didn't have high expectations but these markers are amazing. I do acrylic painting and I love a good outline. I wanted to try paint markers and these were the first I found that have an amazing coverage. It covers my pencil lines, does t bleed and look amazing. You do need to have them dry before trying to build the color up. My only complaint the color of the top and tip are not the same. Do a practice sheet before using because the color match is not the same at all."
21915,21915_4,4,纸质媒介 (Paper & Pads),水彩纸/多媒体纸,watercolor paper,B0B7VZ9KTJ,Artugn,5,"These were purchased for a group project where the students painted a heavy duty piece of watercolor paper, let it dry, and then used the pens to write words describing their attributes (their identity in Christ) over the color.","I can't rate for sheerness (it is opaque).  I can't rate it for longevity as it is a recent purchase.  I am very pleased with how the product goes on and the color stands out.  These were purchased for a group project where the students painted a heavy duty piece of watercolor paper, let it dry, and then used the pens to write words describing their attributes (their identity in Christ) over the color.  Very pleased with the product!"
21950,21950_1,1,表面保护 (Finishing & Protection),亮油/保护喷雾,sealer,B0B7VZ9KTJ,Artugn,5,great coverage and they don't bleed when you put a sealer on them.,great coverage and they don't bleed when you put a sealer on them. love them.
21983,21983_2,2,涂色与创作 (Coloring & Greeting),成人涂色书,coloring book,B0B7VZ9KTJ,Artugn,5,I’m only planning to use them on marker specific coloring books.,They color smoothly. I’m only planning to use them on marker specific coloring books. There was no bleed thru.
21991,21991_7,7,纸质媒介 (Paper & Pads),黑卡纸/本,black paper,B0B7VZ9KTJ,Artugn,5,"Hey not a blotch in sight, even did good on black paper.","I do get a little goofy with the reviews but listen, tgese actually made me pretty happy. I feel pretty good. I like em a lot. Sometimes acrylic markers either just won't do a thing or they puke out a bunch of ink at once all the sudden, as if that's a minor inconvenience that ain't gonna completely ruin your whole project. I swear I hate nothing more than a giant unplanned blotch on something I've meticulously sketched for hours. But these? Hey not a blotch in sight, even did good on black paper. Good job guys."
22030,22030_2,2,涂色与创作 (Coloring & Greeting),贺卡/信封,thank you cards,B0B7VZ9KTJ,Artugn,1,I was hoing to use these for customer thank you cards.,Both ends are very thick fir writing purposes. I was hoing to use these for customer thank you cards. Not a good idea.
22080,22080_3,3,纸质媒介 (Paper & Pads),水彩纸/多媒体纸,watercolor paper,B0B7VZ9KTJ,Artugn,5,"The dual tips are a nice option and they perform well on paper, watercolor paper, fabrics, and river rocks.","Nice bright vivid colors with full coverage. The makers were easy to use. The dual tips are a nice option and they perform well on paper, watercolor paper, fabrics, and river rocks. I am happy with this purchase and would purchase again. I used the blue and pink for my Chip cup and dish fanny pack project."
22170,22170_7,7,表面保护 (Finishing & Protection),亮油/保护喷雾,clear coat,B0B9KTWRKJ,Droaful,4,"After you are done, I do recommend not skipping the clear coat though.","My backyard has a bunch of rocks.  Every time I do my yard, I end up with at least a bucket of rocks varying in different shapes and sizes.I decided to start my own rock garden and had the opportunity to give these a try.  These come with a large variety of colors and what's great is that the tips were not getting worn on the rocks, which was great as well.  I decided to go against putting a base coat on these to save on time and was surprised that even without a base coat the color was able to still pop through.  Depending on how perfect you want your rocks, I do recommend putting a coat of base coat though.  As for the lighter colors, you do have to go through another pass after drying as the dark color of the rocks do appear to show through.  After you are done, I do recommend not skipping the clear coat though.  That will help seal in the color and even add some shine.The use is just like any other paint marker.  You shake it up a few times and then compress the tip on a piece of paper or surface to prime the tip with paint.As mentioned, no issues with the color and could see you using these to even customize stickers; however, it took forever to get here.  I think it was about a month before I got the markers.  Not sure what the hold up was, but when it was out for delivery, it didn't make it until 2 days later.  Also, because of the variety of colors, I would have wished for each color to be marked what the color was as a lot look very similar."
22170,22170_9,9,辅助与创意 (Tools & Accessories),贴纸/胶水,stickers,B0B9KTWRKJ,Droaful,4,"You shake it up a few times and then compress the tip on a piece of paper or surface to prime the tip with paint.As mentioned, no issues with the color and could see you using these to even customize stickers;","My backyard has a bunch of rocks.  Every time I do my yard, I end up with at least a bucket of rocks varying in different shapes and sizes.I decided to start my own rock garden and had the opportunity to give these a try.  These come with a large variety of colors and what's great is that the tips were not getting worn on the rocks, which was great as well.  I decided to go against putting a base coat on these to save on time and was surprised that even without a base coat the color was able to still pop through.  Depending on how perfect you want your rocks, I do recommend putting a coat of base coat though.  As for the lighter colors, you do have to go through another pass after drying as the dark color of the rocks do appear to show through.  After you are done, I do recommend not skipping the clear coat though.  That will help seal in the color and even add some shine.The use is just like any other paint marker.  You shake it up a few times and then compress the tip on a piece of paper or surface to prime the tip with paint.As mentioned, no issues with the color and could see you using these to even customize stickers; however, it took forever to get here.  I think it was about a month before I got the markers.  Not sure what the hold up was, but when it was out for delivery, it didn't make it until 2 days later.  Also, because of the variety of colors, I would have wished for each color to be marked what the color was as a lot look very similar."
22210,22210_4,4,表面保护 (Finishing & Protection),密封胶,sealant,B0B9KTWRKJ,Droaful,5,I used galvanized metal for a canvas and sprayed a modpodge high gloss sealant over the top for outside use.,"I was skeptical but i trusted the reviews and was VERY PLEASANTLY surprised at how nice these markers are!! They are bold and vibrant even on dark backgrounds! I had NO PROBLEMS with too much or too little paint,  you can get surprisingly detailed with them, and theres no odor. I used galvanized metal for a canvas and sprayed a modpodge high gloss sealant over the top for outside use. Very happy with my purchase and wont hesitate to order when i need more!"
22254,22254_2,2,辅助与创意 (Tools & Accessories),火漆/装饰,gold leaf,B0BKP1M6QK,Funcils,5,"I mean all gold pens in general, unless you buy some really fancy ones.If you want that metallic sheen you need to go gold leaf route.But for general hobby stuff it's perfect, I did have an accident and spilt this ink stuff on a top of mine as I was trying to get it to work for the first time and it won't wash out.","Not very metallic but all these gold pens aren't very metallic. I mean all gold pens in general, unless you buy some really fancy ones.If you want that metallic sheen you need to go gold leaf route.But for general hobby stuff it's perfect, I did have an accident and spilt this ink stuff on a top of mine as I was trying to get it to work for the first time and it won't wash out."
22325,22325_3,3,表面保护 (Finishing & Protection),密封胶,sealant,B0BKP1M6QK,Funcils,4,"It’s a shame, but you could always use a spray sealant if you want to use them outside.","I love these markers, from the size range (It’s difficult to get fine-tip acrylic paint markers), to the quality and look of the lines and even the cute and fun packaging materials. It’s a great set to allow more detail and range in your drawing since most paint pens come in one size and detailing can be hard.The only issue here is that they really do not stand up to water at all, even when dried. It’s a shame, but you could always use a spray sealant if you want to use them outside."
22339,22339_1,1,纸质媒介 (Paper & Pads),绘本/写生本,sketchbook,B0BKP1M6QK,Funcils,4,"I will be buying another set of these, I managed to fill up an entire sketchbook playing with these paint pens.","I will be buying another set of these, I managed to fill up an entire sketchbook playing with these paint pens. They gave me dark bold lines and I had a whole slew of sizes to use. I think they are priced fantastic, and the quality is sharp and dark. I only used the black, but the black was exactly what I was hoping it would be. Love it."
22354,22354_2,2,辅助与创意 (Tools & Accessories),便携笔袋/盒,holder,B0BKP1M6QK,Funcils,5,You can even keep the tube and use it as a pen holder if you don't have anywhere to put these.,"Perfect for any artist or artist in training, this handy little tube comes with everything you need to start drawing on just about anything. You can even keep the tube and use it as a pen holder if you don't have anywhere to put these. They work great and I really appreciate the variety of sizes."
22362,22362_2,2,表面保护 (Finishing & Protection),亮油/保护喷雾,sealer,B0BKP1M6QK,Funcils,5,"Exterior use with hopes of long term solution, so once paint applied, used clear sealer.","Bought both black and white paint pens.  Exterior use with hopes of long term solution, so once paint applied, used clear sealer.  Make sure the paint had dried at least an hour, had some issue with it running when sealer applied, but not when waiting one hour. My exterior use is only reason for sealer.  If interior or one and done use, that would not be necessary.  Shake pens vigorously, took a minute to get the paint into the tips but once there, very easy to use.  No trouble at all getting coverage, like like using a good desk pen. worked well with stencils too."
22362,22362_3,3,表面保护 (Finishing & Protection),亮油/保护喷雾,sealer,B0BKP1M6QK,Funcils,5,"Make sure the paint had dried at least an hour, had some issue with it running when sealer applied, but not when waiting one hour.","Bought both black and white paint pens.  Exterior use with hopes of long term solution, so once paint applied, used clear sealer.  Make sure the paint had dried at least an hour, had some issue with it running when sealer applied, but not when waiting one hour. My exterior use is only reason for sealer.  If interior or one and done use, that would not be necessary.  Shake pens vigorously, took a minute to get the paint into the tips but once there, very easy to use.  No trouble at all getting coverage, like like using a good desk pen. worked well with stencils too."
22362,22362_4,4,表面保护 (Finishing & Protection),亮油/保护喷雾,sealer,B0BKP1M6QK,Funcils,5,My exterior use is only reason for sealer.,"Bought both black and white paint pens.  Exterior use with hopes of long term solution, so once paint applied, used clear sealer.  Make sure the paint had dried at least an hour, had some issue with it running when sealer applied, but not when waiting one hour. My exterior use is only reason for sealer.  If interior or one and done use, that would not be necessary.  Shake pens vigorously, took a minute to get the paint into the tips but once there, very easy to use.  No trouble at all getting coverage, like like using a good desk pen. worked well with stencils too."
22362,22362_8,8,辅助与创意 (Tools & Accessories),镂空模板,stencils,B0BKP1M6QK,Funcils,5,worked well with stencils too.,"Bought both black and white paint pens.  Exterior use with hopes of long term solution, so once paint applied, used clear sealer.  Make sure the paint had dried at least an hour, had some issue with it running when sealer applied, but not when waiting one hour. My exterior use is only reason for sealer.  If interior or one and done use, that would not be necessary.  Shake pens vigorously, took a minute to get the paint into the tips but once there, very easy to use.  No trouble at all getting coverage, like like using a good desk pen. worked well with stencils too."
22371,22371_2,2,辅助与创意 (Tools & Accessories),便携笔袋/盒,holder,B0BKP1M6QK,Funcils,5,It’s definitely come in handy for me plus they have a cute cylinder holder to keep them together and organized.The black is very pigmented and writes very smooth.,Definitely a must have for all of my artist.The size difference in tips is a great selling point in itself but fr the thickness of about a quarter give or take to the thinness of a pen is definitely great for the creatives! It’s definitely come in handy for me plus they have a cute cylinder holder to keep them together and organized.The black is very pigmented and writes very smooth. I’ve had them over a year I think and all of them are very much still flowing with ink.
22430,22430_3,3,表面保护 (Finishing & Protection),亮油/保护喷雾,varnish,B0BKP1M6QK,Funcils,1,I don’t think you’d be able to varnish over them without them smudging either.,"Fine to use, but even a damp brush or finger immediately smudges the pen lines (even once they’re fully dry). Ruined my piece of art. I don’t think you’d be able to varnish over them without them smudging either."
22434,22434_12,12,表面保护 (Finishing & Protection),亮油/保护喷雾,varnish,B0BKP1M6QK,Funcils,4,"It could be easily scratched off glass, plastic and metal, so if you did use the ink on those surfaces, you'd need to varnish afterwards to protect it.Given their relatively low cost, I think these are decent paint markers.","As with a lot of paint markers, these have strengths and weaknesses.The five pens come in a funky cardboard tube. The two largest ones are wrapped in plastic, which must be removed. All of the pens have a ball bearing mixer inside, so they have to be shaken before use. The instructions say to pump the nib 2-3 times to get the ink flowing. That's true of the smaller pens, but I found the two largest markers needed their nibs pumped quite a few times to get the ink flowing well. Once primed, all of the pens flow really well. Ink laydown is consistent and smooth.I tested the pens on paper first and found them to be really nice to use. They produce a very rich, opaque black with virtually no bleed. With the larger markers, you will notice come cockling of the paper, just as if you were using acrylic paint, so I would advise using at least 300gsm paper or card if you plan to use the chunkier markers for drawing and illustration.Using the pens on other surfaces had mixed results. On anything porous, the ink adheres well. However, on shiny or hard surfaces, I did notice some beading, and the ink adhesion wasn't great on anything glossy. It could be easily scratched off glass, plastic and metal, so if you did use the ink on those surfaces, you'd need to varnish afterwards to protect it.Given their relatively low cost, I think these are decent paint markers. If you're looking to draw on hard surfaces specifically, then you might want to look elsewhere, but if used on paper, card and porous surfaces, they perform really well and are a good buy."
22449,22449_4,4,表面保护 (Finishing & Protection),亮油/保护喷雾,varnish,B0BKP1M6QK,Funcils,5,I would advise if you are using on rocks or anything for outside to use a clear varnish on them as you would want them to last in all weather's.,This set of gold metallic markers are very good quality and work really well. You need to shake each pen so the paint flows down to the nib and a couple of push downs on the nib and the paint is ready to use. They dry nicely and haven't rubbed off. I would advise if you are using on rocks or anything for outside to use a clear varnish on them as you would want them to last in all weather's. Very good quality and would recommend.
22494,22494_2,2,纸质媒介 (Paper & Pads),涂鸦板/卡片,tags,B0BN8CW9ZY,TANMIT,2,I was excited to use them for name tags for holiday gifts.,These pens are super easy to use however the colors are not what are listed.  I was excited to use them for name tags for holiday gifts. When I used them  the red looked like hot pink and the green was a blue green color.  Some of the colors matched but others were no where near what was listed.
22674,22674_1,1,纸质媒介 (Paper & Pads),涂鸦板/卡片,tags,B0BN8CW9ZY,TANMIT,5,I got these so i could draw on some brown paper & make name tags for christmas gifts & these markers write/draw great.,I got these so i could draw on some brown paper & make name tags for christmas gifts & these markers write/draw great. both sides are pretty thick so don’t expect to go into great detail with these but they’re so cute.
22677,22677_3,3,辅助与创意 (Tools & Accessories),便携笔袋/盒,carrying case,B0BN8CW9ZY,TANMIT,3,These are just two of the markers that I noticed the difference in shading.3-One of the reviews said that they have a nice carrying case.,"Three problems:1-the round tip, and the fine tip produce nearly the same size lines2-The two sides of each marker are supposed to be the same color. I’ve loaded a picture showing that this isn’t always the case. These are just two of the markers that I noticed the difference in shading.3-One of the reviews said that they have a nice carrying case. They must have been reviewing a completely different item.  The packaging is terrible - flimsy card stock material that will not hold up to more than a couple refills.I returned this for a refund."
22728,22728_5,5,表面保护 (Finishing & Protection),亮油/保护喷雾,clear coat,B0BN8CW9ZY,TANMIT,3,The paint dries very fast and looks like it will work well for rock painting with a clear coat applied over it.,"Large set of markers with tips on each end. There’s not a lot of difference between the thick and fine point ends. The fine point could really be a lot finer to be more useful. The colors are very pretty, but there isn’t really a true red or true green. The paint dries very fast and looks like it will work well for rock painting with a clear coat applied over it. I wish it had included some sort of case to hold the markers. The box they come in is flimsy cardboard and probably won’t stand the test of time. I’ll probably go with a gallon ziplock for storage."
22980,22980_2,2,纸质媒介 (Paper & Pads),黑卡纸/本,black paper,B0BWRCVHPD,NICETY,5,"Will edit later with pictures but rn they work so smoothly and all show up well on black paper, even the black marker for my subtle lines.","I personally love these. Will edit later with pictures but rn they work so smoothly and all show up well on black paper, even the black marker for my subtle lines. Color is vibrant and beautiful, absolutely will be using this for all my book covers"
23104,23104_1,1,勾线与细节 (Detailing & Outlining),铅笔/橡皮,pencil,B0BWRCVHPD,NICETY,5,At was the first time I worked with this kind of pencil.,"At was the first time I worked with this kind of pencil. I love it so much, they work very well"
23114,23114_2,2,辅助与创意 (Tools & Accessories),镂空模板,stencils,B0BWRCVHPD,NICETY,2,I bought to use with stencils and it didn’t work like I wanted it to.,"Love the colors, but the colors are not labeled. I bought to use with stencils and it didn’t work like I wanted it to. Paint is very thin. They bleed and splattered. Used on plastic cups let it dry for 3 days and the paint washed all off."
23134,23134_1,1,涂色与创作 (Coloring & Greeting),成人涂色书,coloring book | adult coloring,B0BWRCVHPD,NICETY,4,I ordered these for an adult coloring book.,I ordered these for an adult coloring book. The colors don't bleed but the only reason I didn't give it 5 stars was either user error or they are cheaply made because when they are being used they sometimes leek on the side of the pen and the ink goes everywhere. Make sure they are tightly secured when coloring.
23145,23145_6,6,纸质媒介 (Paper & Pads),绘本/写生本,sketchbook,B0BWRCVHPD,NICETY,5,"Also look at the tip while pumping it so you can see the ink fill the tip to avoid having a large spot of ink when first using each color.<br><br>The bleed through isn't too bad on just regular printer paper but I will mostly be using these in my sketchbook which has 185 gsm paper so it'll be perfect for what I want to do with it.<br><br>Second note is that on the printer paper, the markers do peel the paper a little bit.","I absolutely love these colors! This my second set of acrylic paint markers after accidentally ordering a 24 ct and just loving the coverage! Naturally I wanted MORE! The metallic and the glitter are very different as far as the finish and I was happy to discover that! Just get them.<br><br>Only tip is DO NOT pump THEN shake the pen bc it might go flying. Also look at the tip while pumping it so you can see the ink fill the tip to avoid having a large spot of ink when first using each color.<br><br>The bleed through isn't too bad on just regular printer paper but I will mostly be using these in my sketchbook which has 185 gsm paper so it'll be perfect for what I want to do with it.<br><br>Second note is that on the printer paper, the markers do peel the paper a little bit. I'll have to update once it is swatched on thicker paper. I'm hoping it's just bc they were fresh out the box.<br><br>Kind of upset they aren't named or numbered but the have a swatch chart on the back of the box to identify the color groupings so I will probably keep them like that....however I do love a good rainbow so maybe not lol"
23198,23198_3,3,纸质媒介 (Paper & Pads),黑卡纸/本,black cardstock,B0BY85SLSK,Shuttle Art,5,The paint also marked very well on a piece of black cardstock.The tip is medium and not super fine or too thick.,"Sweetness is having a whole cup full of white paint pens to make delicious marks with.These paint pens cover quite well. The white went over my air brush paint…absorbing a little of the water based paint, but if I put another coat on it would be very white. The paint also marked very well on a piece of black cardstock.The tip is medium and not super fine or too thick. These markers will be a wonderful tool to use when I do my artwork. I love them.For 20 pens I would say they are extremely affordable."
23237,23237_4,4,纸质媒介 (Paper & Pads),黑卡纸/本,black paper,B0BYDHRZWF,Coogert,5,Nice and solid on white and black paper!,"Now lets preface this by saying I am not artist, nor am I remotely able to give a professional opinion on art supplies, but these, these are amazing! Right out of the box they worked perfect! The color payoff is astounding which was a nice surprise! Nice and solid on white and black paper! The tip is fine enough to get good details without looking clunky and chunky! A couple of them I had to press a couple times to get the ink flowing, but they all worked and they all worked extremely well! Highly recommend!"
23256,23256_1,1,纸质媒介 (Paper & Pads),黑卡纸/本,black paper,B0BYDHRZWF,Coogert,5,Perfect on black paper,Perfect on black paper
23267,23267_3,3,表面保护 (Finishing & Protection),密封胶,mod podge,B0BYDHRZWF,Coogert,5,We drew some tiny florals on my daughter’s water bottle and we will cover it with dishwasher safe mod podge.,These are amazing paint markers. They have a small point so they help with details. We drew some tiny florals on my daughter’s water bottle and we will cover it with dishwasher safe mod podge.  Seems to have a lot of paint in the tube so hopefully they last awhile. Would definitely purchase again!
23273,23273_3,3,表面保护 (Finishing & Protection),亮油/保护喷雾,clear coat,B0BYDHRZWF,Coogert,3,Note of caution: the darker pinks bled when a water-based clear coat was applied.,I liked the variety of colors. Would be nice to get two black pens with the 36. Note of caution: the darker pinks bled when a water-based clear coat was applied.
23277,23277_2,2,涂色与创作 (Coloring & Greeting),成人涂色书,coloring book,B0BYDHRZWF,Coogert,4,"I bought some coloring books as a gag gift, and well.","Long story short. I bought some coloring books as a gag gift, and well. I started to test them out, and found myself passing a few hours at time like this instead of tv, internet, etc etc. in this form of expression I really try to capture what I might of done as a young boy. Believe me I tried to achieve this look as a youth but didn’t have the skills or the right tools. You can see there are different styles of inks and pencils, on this piece. the paint markers are a great addition to any work. They have a pretty fine tip that gives you the ability to stay out side or inside the lines, it’s all perspective. Mojo."
23286,23286_9,9,勾线与细节 (Detailing & Outlining),铅笔/橡皮,pencil,B0BYDHRZWF,Coogert,5,These are skinny and sleek enough to fit into my pencil case.,"This was such a good find. I was worried it would be just average but they are very nice quality and opaque. The fine tip makes it perfect for details and precise application. The paint flows smoothly and the color selection is beautiful. I am an artist that has tried a few other brands including the popular (and expensive) ones and these are JUST as good quality, they have great usability. I’ve already decorated a number of things around my desk . They mix well while still wet for custom color blends, but with these many colors you’ll have everything you need. I will be trying out other sized markers from this brand when I can, for larger projects. These are skinny and sleek enough to fit into my pencil case. They work well on every surface and they dry with a slightly raised texture off the surface of whatever you’re going to draw on so I recommend grabbing some sort of acrylic finishing seal coat. I use mod podge’s iridescent shimmer acrylic sealer and regular glossy sealer to protect my finished (dried) work.Tips have not frayed whatsoever so far even with moderate use. I do use my art supplies gently with care though, so I am not doing any kind of heavy handed application to deliberately test their strength but from my use of them to customize 8 water bottles so far they are very strong and retain their pointy-ness for continuous fine detailing. Hope this helps I would get these they’re nice and worth the money with the discount especially!I don’t know what the sheerness rating means but I gave it five stars because they are NOT sheer they are OPAQUE and have no issues with sheerness. I only ever needed a single coat for applications and the coverage is beautiful. Have not tried them without a sealer coat on top, except on my stapler and stationary cup and they are still completely fine but It doesn’t get much traffic. I don’t know why anyone would NOT choose to protect their hard work."
23286,23286_11,11,表面保护 (Finishing & Protection),亮油/保护喷雾,sealer,B0BYDHRZWF,Coogert,5,I use mod podge’s iridescent shimmer acrylic sealer and regular glossy sealer to protect my finished (dried) work.Tips have not frayed whatsoever so far even with moderate use.,"This was such a good find. I was worried it would be just average but they are very nice quality and opaque. The fine tip makes it perfect for details and precise application. The paint flows smoothly and the color selection is beautiful. I am an artist that has tried a few other brands including the popular (and expensive) ones and these are JUST as good quality, they have great usability. I’ve already decorated a number of things around my desk . They mix well while still wet for custom color blends, but with these many colors you’ll have everything you need. I will be trying out other sized markers from this brand when I can, for larger projects. These are skinny and sleek enough to fit into my pencil case. They work well on every surface and they dry with a slightly raised texture off the surface of whatever you’re going to draw on so I recommend grabbing some sort of acrylic finishing seal coat. I use mod podge’s iridescent shimmer acrylic sealer and regular glossy sealer to protect my finished (dried) work.Tips have not frayed whatsoever so far even with moderate use. I do use my art supplies gently with care though, so I am not doing any kind of heavy handed application to deliberately test their strength but from my use of them to customize 8 water bottles so far they are very strong and retain their pointy-ness for continuous fine detailing. Hope this helps I would get these they’re nice and worth the money with the discount especially!I don’t know what the sheerness rating means but I gave it five stars because they are NOT sheer they are OPAQUE and have no issues with sheerness. I only ever needed a single coat for applications and the coverage is beautiful. Have not tried them without a sealer coat on top, except on my stapler and stationary cup and they are still completely fine but It doesn’t get much traffic. I don’t know why anyone would NOT choose to protect their hard work."
23286,23286_11,11,表面保护 (Finishing & Protection),密封胶,mod podge | acrylic sealer,B0BYDHRZWF,Coogert,5,I use mod podge’s iridescent shimmer acrylic sealer and regular glossy sealer to protect my finished (dried) work.Tips have not frayed whatsoever so far even with moderate use.,"This was such a good find. I was worried it would be just average but they are very nice quality and opaque. The fine tip makes it perfect for details and precise application. The paint flows smoothly and the color selection is beautiful. I am an artist that has tried a few other brands including the popular (and expensive) ones and these are JUST as good quality, they have great usability. I’ve already decorated a number of things around my desk . They mix well while still wet for custom color blends, but with these many colors you’ll have everything you need. I will be trying out other sized markers from this brand when I can, for larger projects. These are skinny and sleek enough to fit into my pencil case. They work well on every surface and they dry with a slightly raised texture off the surface of whatever you’re going to draw on so I recommend grabbing some sort of acrylic finishing seal coat. I use mod podge’s iridescent shimmer acrylic sealer and regular glossy sealer to protect my finished (dried) work.Tips have not frayed whatsoever so far even with moderate use. I do use my art supplies gently with care though, so I am not doing any kind of heavy handed application to deliberately test their strength but from my use of them to customize 8 water bottles so far they are very strong and retain their pointy-ness for continuous fine detailing. Hope this helps I would get these they’re nice and worth the money with the discount especially!I don’t know what the sheerness rating means but I gave it five stars because they are NOT sheer they are OPAQUE and have no issues with sheerness. I only ever needed a single coat for applications and the coverage is beautiful. Have not tried them without a sealer coat on top, except on my stapler and stationary cup and they are still completely fine but It doesn’t get much traffic. I don’t know why anyone would NOT choose to protect their hard work."
23286,23286_15,15,表面保护 (Finishing & Protection),亮油/保护喷雾,sealer,B0BYDHRZWF,Coogert,5,"Have not tried them without a sealer coat on top, except on my stapler and stationary cup and they are still completely fine but It doesn’t get much traffic.","This was such a good find. I was worried it would be just average but they are very nice quality and opaque. The fine tip makes it perfect for details and precise application. The paint flows smoothly and the color selection is beautiful. I am an artist that has tried a few other brands including the popular (and expensive) ones and these are JUST as good quality, they have great usability. I’ve already decorated a number of things around my desk . They mix well while still wet for custom color blends, but with these many colors you’ll have everything you need. I will be trying out other sized markers from this brand when I can, for larger projects. These are skinny and sleek enough to fit into my pencil case. They work well on every surface and they dry with a slightly raised texture off the surface of whatever you’re going to draw on so I recommend grabbing some sort of acrylic finishing seal coat. I use mod podge’s iridescent shimmer acrylic sealer and regular glossy sealer to protect my finished (dried) work.Tips have not frayed whatsoever so far even with moderate use. I do use my art supplies gently with care though, so I am not doing any kind of heavy handed application to deliberately test their strength but from my use of them to customize 8 water bottles so far they are very strong and retain their pointy-ness for continuous fine detailing. Hope this helps I would get these they’re nice and worth the money with the discount especially!I don’t know what the sheerness rating means but I gave it five stars because they are NOT sheer they are OPAQUE and have no issues with sheerness. I only ever needed a single coat for applications and the coverage is beautiful. Have not tried them without a sealer coat on top, except on my stapler and stationary cup and they are still completely fine but It doesn’t get much traffic. I don’t know why anyone would NOT choose to protect their hard work."
23302,23302_2,2,涂色与创作 (Coloring & Greeting),成人涂色书,coloring book,B0BYDHRZWF,Coogert,4,Great for using in a coloring book,My only complaint is that I wish there were more colors! Great for using in a coloring book
23391,23391_1,1,纸质媒介 (Paper & Pads),绘本/写生本,sketchbook,B0BYDHRZWF,Coogert,5,Honestly I bought these on accident thinking they were the grabbie ones from TikTok and now that I've tried both products I definitely prefer these ones 💪💪 makes my drawing in my sketchbook look almost like my digital ones (just remember to let dry yk but that's a no brainer),Honestly I bought these on accident thinking they were the grabbie ones from TikTok and now that I've tried both products I definitely prefer these ones 💪💪 makes my drawing in my sketchbook look almost like my digital ones (just remember to let dry yk but that's a no brainer)
23409,23409_9,9,纸质媒介 (Paper & Pads),绘本/写生本,art journal,B0BYDHRZWF,Coogert,4,It doesn't bother me too much because I use these for art journaling but could see how that could ruin something more detailed and delicate.Overall I think they are well priced with a variety of pretty colors and if you have a project in mine that doesn't require perfect detail then these could be great for you.,"I like these acrylic paint pens/markers. I got the set of 36 which has a wide range of colors. The paint starts flowing quicker than any paint pen I've ever used. The nib is 7mm. The opaqueness of the colors is good and what should be expected of acrylic.The downsides - you really have to shake the markers to mix the pigment up otherwise you could get a more sheer effect or different shade. They also do not have color names or numbers on the pens which for someone who likes to sometimes look for a certain color I found this annoying. I had to swatch and then label everyone so if I wanted too come back to a certain color I would know which one it was right away. Like many paint pens this can sometimes cast splatters around the nib, even on smooth paper. It doesn't bother me too much because I use these for art journaling but could see how that could ruin something more detailed and delicate.Overall I think they are well priced with a variety of pretty colors and if you have a project in mine that doesn't require perfect detail then these could be great for you."
23420,23420_3,3,表面保护 (Finishing & Protection),密封胶,sealant,B0BYDHRZWF,Coogert,5,I would recommend using a sealant over your art work created by these to ensure long lasting art.,The colors are so vibrant and true to shade. They are simple to use & feature small tips for fine detail. I would recommend using a sealant over your art work created by these to ensure long lasting art. I like these pens for myself as well as my kids.
23426,23426_1,1,涂色与创作 (Coloring & Greeting),成人涂色书,coloring book,B0BYDHRZWF,Coogert,4,"I tested these in an Amazon-printed coloring book, and they were surprisingly opaque and easy to use.","I tested these in an Amazon-printed coloring book, and they were surprisingly opaque and easy to use. One small quibble is that some tend to release paint too quickly, which can puddle in small spaces. Definitely shake them up more than you think you need to before using and don’t be afraid to push down hard to start the ink flowing. Overall, for less than $1 per pen, I recommend them."
23455,23455_1,1,纸质媒介 (Paper & Pads),水彩纸/多媒体纸,mixed media paper,B0BYDHRZWF,Coogert,5,No damaged markers and haven’t try it on anything else than mixed media paper.,No damaged markers and haven’t try it on anything else than mixed media paper. I’m pleased at the moment.
23497,23497_2,2,纸质媒介 (Paper & Pads),水彩纸/多媒体纸,mixed media paper,B0BYDHRZWF,Coogert,2,They are not smooth at all and actually tear it my paper which is mixed media paper.,I'm genuinely confused why these got such a good review. They are not smooth at all and actually tear it my paper which is mixed media paper. I would not recommend them at all. I can't speak for how they would work on wood or glass or some other medium but not good with paper.
23539,23539_4,4,辅助与创意 (Tools & Accessories),镂空模板,stencils,B0BZS9J77R,JanFeel,5,"The tip is ultra fine tip.I think would also work with stencils,though you might need to keep pumping tip to fill.The paint did not run on the rocks but dried very quickly.","I am VERY pleased with these acrylic paint markers.I tried them on two smooth rocks as pictured trying the major colors on a light& dark rock& a dime for size comparison to show size of printing,very smallThe set comes in a good selection of basic 24 colors.They are water based, but not too runny.  I accidentally got a few drops of blue on a white pillow case & it washed right out when rinsed immediately.  But once dried,paint doesn’t wipe off.The process is to thoroughly shake the marker,then press tip to a surface briefly to bring paint down into the writing tip.I freehanded the writing& the markers move smoothly without running. The tip is ultra fine tip.I think would also work with stencils,though you might need to keep pumping tip to fill.The paint did not run on the rocks but dried very quickly. I plan to seal with a varnish as these are meant for an outside area.Thsnk you for the opportunity to enjoy these markers."
23539,23539_5,5,表面保护 (Finishing & Protection),亮油/保护喷雾,varnish,B0BZS9J77R,JanFeel,5,I plan to seal with a varnish as these are meant for an outside area.Thsnk you for the opportunity to enjoy these markers.,"I am VERY pleased with these acrylic paint markers.I tried them on two smooth rocks as pictured trying the major colors on a light& dark rock& a dime for size comparison to show size of printing,very smallThe set comes in a good selection of basic 24 colors.They are water based, but not too runny.  I accidentally got a few drops of blue on a white pillow case & it washed right out when rinsed immediately.  But once dried,paint doesn’t wipe off.The process is to thoroughly shake the marker,then press tip to a surface briefly to bring paint down into the writing tip.I freehanded the writing& the markers move smoothly without running. The tip is ultra fine tip.I think would also work with stencils,though you might need to keep pumping tip to fill.The paint did not run on the rocks but dried very quickly. I plan to seal with a varnish as these are meant for an outside area.Thsnk you for the opportunity to enjoy these markers."
23550,23550_8,8,纸质媒介 (Paper & Pads),黑卡纸/本,black paper,B0BZS9J77R,JanFeel,3,The colors do show up pretty well on black paper which is a plus to me (see the doodle I uploaded).,"I call these ""generic Chinese pens"" because the box and pens don't have a company/brand name on them, and I've seen the same set for sale on Amazon under at least 2 different company names. If you're going to buy them search Amazon and buy the least expensive - you'll know they're the same because of the box design and the lettering on the pens.  The quality is pretty average for this type of pen.The instructions on the included 'instruction manual' say to shake them at least 30 times before using and I found out why - if you don't mix them thoroughly before each use you can end up with watery thin paint, or tiny clumps of paint. The description calls them 'extra-fine' - I'd  call it medium fine but they do make good lines.  In my opinion the color selection is just OK - I'd like to have a brighter green and blue than these. I did a swatch chart so you can judge for yourself, but note the colors are not numbered or named on the pens or caps, and the cap color is only a general indication of the paint color.  I couldn't get the colors to blend well either when they were both wet, or by overlaying one color on another dry color.  The colors do show up pretty well on black paper which is a plus to me (see the doodle I uploaded). On the down side these seem to be very wet paints even when thoroughly mixed and they do bleed through thin paper.  I haven't used them on rocks, plastic or ceramics but I suspect they would be better suited for those materials.  If you do use paper you'll probably want to use a heavier weight (like for watercolors or mixed media).  Because of the wetness they take a bit longer to dry than other acrylic pens I've used.Important: You'll need to prime these after mixing before the first use - quickly press the tip straight down on some scrap material and release - you'll see the nib (tip) fill with paint.  I'd recommend using cardboard as there's a good chance of ending up with a puddle or drips.  Also I'd recommend doing a line on scrap paper before actually using to remove any excess paint from the nib.  The instructions say if one gets clogged you can remove the nib and wash it out with warm water, but I'm not going to try that as it would undoubtedly make a mess.  I have yet to use these where I didn't end up with a little paint on my hand.  As far as storage, the box isn't going to last long - if you do buy these I'd recommend keeping them in a cheap pencil case (there are plenty on Amazon).  All in all these are OK pens for casual use at the current price, but if you want professional quality definitely look elsewhere."
23550,23550_17,17,勾线与细节 (Detailing & Outlining),铅笔/橡皮,pencil,B0BZS9J77R,JanFeel,3,"As far as storage, the box isn't going to last long - if you do buy these I'd recommend keeping them in a cheap pencil case (there are plenty on Amazon).","I call these ""generic Chinese pens"" because the box and pens don't have a company/brand name on them, and I've seen the same set for sale on Amazon under at least 2 different company names. If you're going to buy them search Amazon and buy the least expensive - you'll know they're the same because of the box design and the lettering on the pens.  The quality is pretty average for this type of pen.The instructions on the included 'instruction manual' say to shake them at least 30 times before using and I found out why - if you don't mix them thoroughly before each use you can end up with watery thin paint, or tiny clumps of paint. The description calls them 'extra-fine' - I'd  call it medium fine but they do make good lines.  In my opinion the color selection is just OK - I'd like to have a brighter green and blue than these. I did a swatch chart so you can judge for yourself, but note the colors are not numbered or named on the pens or caps, and the cap color is only a general indication of the paint color.  I couldn't get the colors to blend well either when they were both wet, or by overlaying one color on another dry color.  The colors do show up pretty well on black paper which is a plus to me (see the doodle I uploaded). On the down side these seem to be very wet paints even when thoroughly mixed and they do bleed through thin paper.  I haven't used them on rocks, plastic or ceramics but I suspect they would be better suited for those materials.  If you do use paper you'll probably want to use a heavier weight (like for watercolors or mixed media).  Because of the wetness they take a bit longer to dry than other acrylic pens I've used.Important: You'll need to prime these after mixing before the first use - quickly press the tip straight down on some scrap material and release - you'll see the nib (tip) fill with paint.  I'd recommend using cardboard as there's a good chance of ending up with a puddle or drips.  Also I'd recommend doing a line on scrap paper before actually using to remove any excess paint from the nib.  The instructions say if one gets clogged you can remove the nib and wash it out with warm water, but I'm not going to try that as it would undoubtedly make a mess.  I have yet to use these where I didn't end up with a little paint on my hand.  As far as storage, the box isn't going to last long - if you do buy these I'd recommend keeping them in a cheap pencil case (there are plenty on Amazon).  All in all these are OK pens for casual use at the current price, but if you want professional quality definitely look elsewhere."
23630,23630_4,4,纸质媒介 (Paper & Pads),水彩纸/多媒体纸,mixed media paper,B0C61HTPV9,SFAIH,5,T I haven't had issues with bleed through on mixed media paper.,I've been using these markers for several weeks. They work in all the ways you would want acrylic markers to work. They are fast dying and opaque. T I haven't had issues with bleed through on mixed media paper. They provide good coverage. I enjoy them as an addition to my set of of Poscas. Medium tip is comparable. I haven't had any issues with drying out. Colors are vibrant.
23634,23634_27,27,表面保护 (Finishing & Protection),亮油/保护喷雾,varnish,B0C61HTPV9,SFAIH,5,"One other marker dealer, Tooli-Art claims to be lightfast, but the proof is in the pudding, and when companies don't rate the lightfastness or the testing standards, it doesn't lend a lot of credibility to the claims, but let's hope this, that SFAIH is telling the truth and their reds, pinks, and purples are really lightfast, which makes them truly artist grade...<br><br>After using these, I was able, after letting them dry for a couple weeks, to use a brush-on, Liquitex matte varnish full strength, no fussing.","Very much like Poscas. Some of the colors look identical, in fact, including one of the yellows, the light green, the red, and the black and white. The blues and purples are different. They seem to pump/fill a bit faster than Poscas, although they are extremely similar at a much more reasonable price point. The yellows seemed a bit more opaque. Same factory maybe?? Required little shaking to get them started compared to other markers I've used. Love them. Wish they had more colors and other sizes/nibs.<br><br>UPDATE: I bought the new 36 set and the paint seemed a bit thinner. There is a nice range of blues and purples, although they could've varied the tones (or even the hues) of the purples. Same for the yellows. When overlapping to fill a larger area, the sheen is a bit different ranging from matte to satin.<br><br>I need to compare these to the first set I got. Several colors are like Poscas, but they have unique colors not available in the Posca line, including the yellows and the cool greens. One criticism of this set is that except for the really light green, they are all blue-leaning greens. This set needs one or two warm greens. An emerald or middle-of-the road green.<br><br>It seems like the selection of colors was intentional in the way they filled in the missing Posca colors, but also careless as they should have spent more time tweaking the colors. The oranges have a lot of white in them. Similar to Posca, but too much white. This is just one example of where they needed to put forth more time before releasing a product.<br><br>Definitely the sheen, film of these markers is different from Posca. Posca's are all matte (you can feel the roughness). It took a lot of chemistry to develop this as every pigment has its own sheen (yes, some pigments are glossy and need added agents to make them more matte).<br><br>One of the markers released liquid orange paint that flew through the air when I used it (and landed on my table). These definitely seem more liquid than the other sets I bought. So, nitpicking aside, I like these.<br><br>They work well with Poscas and are very similar except not quite as matte or consistently matte. As a standalone set, the greens are lacking in hues. But for the money you pay, they're a nice addition to a marker collection.<br><br>The listing now says they are lightfast. I am going to test them, as Posca reds, pinks, browns (and probably purples) fade a lot, and the lightfast ones available from other companies don't perform as well as these or Poscas as Liquitex and Amsterdam have not perfected their paint formulas (they have been selling markers long enough to make them better quality also).<br><br>Being lightfast is huge, if, in fact they are, and it would be nice to see this company share how they were tested--or include lightfast ratings. One other marker dealer, Tooli-Art claims to be lightfast, but the proof is in the pudding, and when companies don't rate the lightfastness or the testing standards, it doesn't lend a lot of credibility to the claims, but let's hope this, that SFAIH is telling the truth and their reds, pinks, and purples are really lightfast, which makes them truly artist grade...<br><br>After using these, I was able, after letting them dry for a couple weeks, to use a brush-on, Liquitex matte varnish full strength, no fussing. Note, I was able to do this with Poscas too. The key is to let the paint sit for a length of time, not try to do it the same day or even the next day because they will bleed if the paint has not cured. One you use a matte or other varnish, the discrepancies in finish disappear.<br><br>One more feature to mention, these have numbers available on the ends for your charts. Will they be sold open stock? Would be lovely to see these in small nib sizes with nib replacements (I am wondering if they will take Posca nibs)... Great Buy."
23634,23634_30,30,表面保护 (Finishing & Protection),亮油/保护喷雾,varnish,B0C61HTPV9,SFAIH,5,"One you use a matte or other varnish, the discrepancies in finish disappear.<br><br>One more feature to mention, these have numbers available on the ends for your charts.","Very much like Poscas. Some of the colors look identical, in fact, including one of the yellows, the light green, the red, and the black and white. The blues and purples are different. They seem to pump/fill a bit faster than Poscas, although they are extremely similar at a much more reasonable price point. The yellows seemed a bit more opaque. Same factory maybe?? Required little shaking to get them started compared to other markers I've used. Love them. Wish they had more colors and other sizes/nibs.<br><br>UPDATE: I bought the new 36 set and the paint seemed a bit thinner. There is a nice range of blues and purples, although they could've varied the tones (or even the hues) of the purples. Same for the yellows. When overlapping to fill a larger area, the sheen is a bit different ranging from matte to satin.<br><br>I need to compare these to the first set I got. Several colors are like Poscas, but they have unique colors not available in the Posca line, including the yellows and the cool greens. One criticism of this set is that except for the really light green, they are all blue-leaning greens. This set needs one or two warm greens. An emerald or middle-of-the road green.<br><br>It seems like the selection of colors was intentional in the way they filled in the missing Posca colors, but also careless as they should have spent more time tweaking the colors. The oranges have a lot of white in them. Similar to Posca, but too much white. This is just one example of where they needed to put forth more time before releasing a product.<br><br>Definitely the sheen, film of these markers is different from Posca. Posca's are all matte (you can feel the roughness). It took a lot of chemistry to develop this as every pigment has its own sheen (yes, some pigments are glossy and need added agents to make them more matte).<br><br>One of the markers released liquid orange paint that flew through the air when I used it (and landed on my table). These definitely seem more liquid than the other sets I bought. So, nitpicking aside, I like these.<br><br>They work well with Poscas and are very similar except not quite as matte or consistently matte. As a standalone set, the greens are lacking in hues. But for the money you pay, they're a nice addition to a marker collection.<br><br>The listing now says they are lightfast. I am going to test them, as Posca reds, pinks, browns (and probably purples) fade a lot, and the lightfast ones available from other companies don't perform as well as these or Poscas as Liquitex and Amsterdam have not perfected their paint formulas (they have been selling markers long enough to make them better quality also).<br><br>Being lightfast is huge, if, in fact they are, and it would be nice to see this company share how they were tested--or include lightfast ratings. One other marker dealer, Tooli-Art claims to be lightfast, but the proof is in the pudding, and when companies don't rate the lightfastness or the testing standards, it doesn't lend a lot of credibility to the claims, but let's hope this, that SFAIH is telling the truth and their reds, pinks, and purples are really lightfast, which makes them truly artist grade...<br><br>After using these, I was able, after letting them dry for a couple weeks, to use a brush-on, Liquitex matte varnish full strength, no fussing. Note, I was able to do this with Poscas too. The key is to let the paint sit for a length of time, not try to do it the same day or even the next day because they will bleed if the paint has not cured. One you use a matte or other varnish, the discrepancies in finish disappear.<br><br>One more feature to mention, these have numbers available on the ends for your charts. Will they be sold open stock? Would be lovely to see these in small nib sizes with nib replacements (I am wondering if they will take Posca nibs)... Great Buy."
23699,23699_6,6,辅助与创意 (Tools & Accessories),贴纸/胶水,stickers,B0CCPB97XJ,Art Owl,5,A few happy extras in the box-stickers and some painting sheets.,"We've been using these for a few months now.  None have dried out yet, which has been a problem with other brands.  The paint comes out quite nicely, and if you need a bit more, depress the tip, there is no flooding.  The effect is beautiful, though I would describe them as shimmery as opposed to glitter.  I think there could be a bit more variance between a few colors as the yellow and gold are near indecipherable.  A few happy extras in the box-stickers and some painting sheets.  We've used them on paper, wood and plastic so far and had good results all around.  Dries pretty quickly and depending on the surface, you can build layers of color.  Easy enough for my young child to use (with supervision of course.)  These are good quality paint pens and I will be looking for more art materials from the Art Owl company."
23702,23702_1,1,辅助与创意 (Tools & Accessories),贴纸/胶水,stickers,B0CCPB97XJ,Art Owl,5,"These acrylic paint pens have worked great so far on the few projects I've used them for.Oh, and you get a bonus sheet of stickers & some mini coloring pages with it.","These acrylic paint pens have worked great so far on the few projects I've used them for.Oh, and you get a bonus sheet of stickers & some mini coloring pages with it. Awesome!Great colors, they are more vibrant than you might expect. I thought they may just end up being clear with colored glitter mostly, but nope, they are basically shiny colors instead.I used these to add some shimmer to a stone I had previously decorated with solid acrylic paint pens. They worked just as well as the other pens (sorry, don't have a picture of that).The last project I used them for was to decorate/personalize a fabric advent calendar I put together for my niece & a different one for my mini.The fabric was more of a burlap type feel. The images I have are of that to show how well the ink actually stands out. It might be harder to see in the pictures, but there is a great shimmer to it all as well.They were very easy to use.Unsure on the longevity yet, I don't think I've used them enough to honestly comment on that.Overall, great acrylic paint pens for multiple uses.**I received these through the Vine program free of charge in exchange for my honest opinion/review.There is a total product value claimed at the end of the year on taxes for items received through this program. Just a little disclaimer/FYI for those curious.  :-)"
23727,23727_3,3,辅助与创意 (Tools & Accessories),贴纸/胶水,stickers,B0CCPB97XJ,Art Owl,5,The set even includes some stickers and a couple of small pictures on nice cardstock to color.,"There's no noticeable odor, they write well and activate very easily - just unwrap, shake, press and go. The ink is very sparkly, great for adding a glitzy accent to any drawing or making your calligraphy really stand out. The set even includes some stickers and a couple of small pictures on nice cardstock to color. 10/10 would recommend."
23737,23737_8,8,辅助与创意 (Tools & Accessories),贴纸/胶水,stickers,B0CCPB97XJ,Art Owl,5,Included in this set are a sheet of stickers and 4 cutouts that you can color in.,"There are all kinds of DIY crafts you can set up for yourself and/or for your kids, using these acrylic paint markers.  I recently was introduced to the exciting world of Rock Painting.  I like this type of art because it’s fun, there are so many different types of media & accessories you can use and you can include your kids.  My daughter and I used this set as soon as it came in.  We had ourselves a rock painting party.  There are 12 different & unique markers, all the colors in the rainbow, a khaki who’s case looks like the orange, a deeper brown, gold, silver, pink and black.  The tips are medium point 2.0-3.0 mm.  Included in this set are a sheet of stickers and 4 cutouts that you can color in.  These work like regular acrylic paints…once they dry you can color over them.  Once you get the ink going by tapping the tip, the ink flows very well.  These colors looked great on white and dark surfaces.  I love the sparkle the glitter adds.  This was a great find."
23745,23745_2,2,表面保护 (Finishing & Protection),遮蔽胶带,masking tape,B0CD225WW8,Shuttle Art,5,No labels to remember colors so I made my own with masking tape.,Worth the price. No labels to remember colors so I made my own with masking tape. FYI there’s only one red and it isn’t super red.
23753,23753_6,6,纸质媒介 (Paper & Pads),水彩纸/多媒体纸,watercolor paper,B0CD225WW8,Shuttle Art,3,Does the same of rough mixed media and watercolor paper.Not an even range of colors.,"They’re alright, but I don’t think they’re worth all of the hype they’re getting. I think that’s mostly to do with the commission creators get for advertising.Pros:They’re pretty. Very pigmented and a lot of the colors are creamy. Would be amazing for children or people who want a starter set.Cons:1 came completely dried. the white dried after using it a couple times, even with putting the lid on right after short use.Sometimes the entire cartridge will come out along with the lid, throwing paint all over you and whatever you’re working on.Even when using them on specific acrylic paper they roll the paper with normal use. Does the same of rough mixed media and watercolor paper.Not an even range of colors. Example, I bought the 60 pack. There’s 1 red, and a small amount of warm colors. Tons of green and blues though."
23759,23759_2,2,表面保护 (Finishing & Protection),亮油/保护喷雾,sealer,B0CD225WW8,Shuttle Art,5,I've only used them on paper and glass jars (then sealing the glass with sealer) so far but it feels like doing digital art irl.,"I've used posca markers before but for the price, you can't beat these. I've only used them on paper and glass jars (then sealing the glass with sealer) so far but it feels like doing digital art irl."
23763,23763_4,4,纸质媒介 (Paper & Pads),水彩纸/多媒体纸,mixed media paper,B0CD225WW8,Shuttle Art,5,"For instance I used one to write on the lid of a jar of pigment to label it, no smudging once it was dry which was excellent.Mostly I tested these on mixed media paper, some of the fine point sides were a little dried out and required wiping off before they would work.","I have no experience with acrylic markers. Acrylic paint yes and markers of various types yes, but not this style, but I wanted to try them out since I collect various art supplies. I hoped they would behave like overly large gel pens and give me the ability to add some details over black ink or black paint, and they do that, but there is more going on. For instance I used one to write on the lid of a jar of pigment to label it, no smudging once it was dry which was excellent.Mostly I tested these on mixed media paper, some of the fine point sides were a little dried out and required wiping off before they would work. It was a learning experience, my silly illustration turned out a lot more pop art since you layer rather than shade in a gradient to get dimension (in contrast with the alcohol markers which can give you a softer edge, these want a much more harsh distinct lines) these are really not the style I usually work with, but since they are waterproof (I did an ink wash over the whole piece once dried) I could do some really fun mixed media pieces with ink and paint. There is little to no smell and they dry fairly quickly, since they can go on multiple surfaces I find myself wondering if I can add an interesting mural to the side of my boring black computer desk. I am glad I got these markers and look forward to integrating them more in my art and seeing what other weird things I can do with them."
23766,23766_1,1,表面保护 (Finishing & Protection),密封胶,sealant,B0CD225WW8,Shuttle Art,2,"After working on a project, I hate to see it ruined by the colors BLEEDING while applying the gloss/sealant.","After working on a project, I hate to see it ruined by the colors BLEEDING while applying the gloss/sealant. I waited approximately 3 hours, more than enough necessary, for the colors to dry before applying anything more."
23768,23768_4,4,辅助与创意 (Tools & Accessories),镂空模板,stencils,B0CD225WW8,Shuttle Art,5,"I haven't had any trouble with leakage, which helps when using stencils.","These are the best acrylic paint pens that I know of. They are dependable for adding on top of acrylic paintings. They are a good value, easily flow, and can give your thinnest lines and a clean signature. I haven't had any trouble with leakage, which helps when using stencils."
23775,23775_6,6,涂色与创作 (Coloring & Greeting),成人涂色书,coloring book,B0CD225WW8,Shuttle Art,5,I'm happy about the brush nib since I plan to use these to color backgrounds on some of my coloring book pages.,"I like these Shuttle Art acrylic paint markers. I love that they are dual tipped with a brush end and a fine line tip. The colors are really pretty and the laydown is smooth and not blotchy or clumpy. The lightest colors are somewhat sheer but as the colors get darker, you get full, opaque coverage. The markers are easy to hold and I think the range of colors is fairly well balanced. I'm happy about the brush nib since I plan to use these to color backgrounds on some of my coloring book pages. My only complaint is that they come in a simple cardboard box with no trays and no real way to keep them organized by color family. Will have to get a case for them, but that certainly doesn't take away from my satisfaction with the markers themselves. This is a really nice set."
23781,23781_2,2,纸质媒介 (Paper & Pads),绘本/写生本,sketchbook,B0CD225WW8,Shuttle Art,5,They're so opaque and don't eat through the paper (even on sketchbook paper meant for simple ink) they layer wonderfully and don't bleed through at all.,I absolutely LOVE these paint pens. They're so opaque and don't eat through the paper (even on sketchbook paper meant for simple ink) they layer wonderfully and don't bleed through at all. I absolutely will be buying more.
23786,23786_3,3,涂色与创作 (Coloring & Greeting),成人涂色书,coloring book,B0CD225WW8,Shuttle Art,5,I started using them on a coloring book because they work so well— but if you want to do the same then make sure you can avoid the black lines (they’ll paint over it obviously).,These markers glide so well on the paper and feel really nice. They dry pretty fast and the results look great. I started using them on a coloring book because they work so well— but if you want to do the same then make sure you can avoid the black lines (they’ll paint over it obviously). I just love the versatility you are given with the huge selection of colors. Very fun and relaxing to use!
23801,23801_6,6,勾线与细节 (Detailing & Outlining),铅笔/橡皮,pencil,B0CD225WW8,Shuttle Art,2,"Last thing I will say is the ""paint"" does not act like paint, it's extremely thin and smears instantly, also it takes about 4-5 layers to cover up pencil marks.","Very cheap. These are what I would buy my 11 year old. I have a few issues with these markers. The first is that the colors you get are mostly bizarre tertiary colors with no theme. The random metallics give you even less color options if you're not trying to have parts matte and parts shimmery. Last thing I will say is the ""paint"" does not act like paint, it's extremely thin and smears instantly, also it takes about 4-5 layers to cover up pencil marks."
23845,23845_1,1,纸质媒介 (Paper & Pads),黑卡纸/本,black paper,B0CF48YNT8,Overseas,5,"very smooth and a great white color, wrote perfectly on black paper","very smooth and a great white color, wrote perfectly on black paper"
23854,23854_1,1,纸质媒介 (Paper & Pads),黑卡纸/本,dark paper,B0CF48YNT8,Overseas,5,"They show up well on dark paper and write on duck tape, too.","They show up well on dark paper and write on duck tape, too."
23874,23874_3,3,勾线与细节 (Detailing & Outlining),铅笔/橡皮,pencil,B0CF48YNT8,Overseas,1,"While this did allow me to use the paint pen, it was so light it looked like I went over it with a pencil.","I waited about 2 weeks before using these fabric pens and I’m very disappointed to say both pens were dried out. I followed the instructions on using them and wetted the tip of the pen to hopefully get some use out of it. While this did allow me to use the paint pen, it was so light it looked like I went over it with a pencil. I just ended up going over my fabric with acrylic paint."
23932,23932_1,1,纸质媒介 (Paper & Pads),绘本/写生本,sketchbook,B0CHMNSPSB,VIANZE,5,"These are a decent set of paint pens with a large, broad nib that would be great for graffiti in a large sketchbook or some type of artistic work requiring a broad nib paint pen.","These are a decent set of paint pens with a large, broad nib that would be great for graffiti in a large sketchbook or some type of artistic work requiring a broad nib paint pen. These can be used on a variety of surfaces and depending on the angle, you hold it out, you can do different types of strokes. (See pics).Really awesome pro that they blend! But you do need to work fast in order to blend because they dry fast. There is no odor and the ink comes out fairly quickly. The paint is bold, thick and vibrant. These are very easy to use and they perform well. The only thing that they don’t do and this might be a pro or con for you is that they don’t drip. Most graffiti pens will give the drip effect and I did not have that with these. Although I was using this on paper, so if I was using them on a glass window surface for example, standing at an upright angle, I think with enough pressure applied, perhaps I could pull off some drips. Because remember you have to press down in order to get the ink to the nib, so I think if you were to press down when using these, you might pull off some drips, but you’re also going to be wasting a good amount of paint too.But I like them"
23995,23995_3,3,纸质媒介 (Paper & Pads),黑卡纸/本,black paper,B0CJJFW1YC,BIGTHUMB,5,I included a photo showing me testing the markers on black paper.,"I love these markers because their colors are much more saturated than those of acrylic paints alone. These markers also cover a lot of area at once, and the same color can be overlapped without creating lines.As long as you follow the directions on the back of the box, your colors will come out opaque and non-streaky. I included a photo showing me testing the markers on black paper. The yellow color looks streaky, but only because my paper got over saturated and started ripping. You can avoid my mistake by just making sure the ink is evenly distributed in the marker.Because these markers are so thick, it’s difficult to use them for outlining a detailing work. However, they’re my new go-to item for creating backgrounds and covering up mistakes when I’m painting!"
24018,24018_1,1,纸质媒介 (Paper & Pads),黑卡纸/本,black paper,B0CJJFW1YC,BIGTHUMB,5,The color shows up very well against black paper.,The color shows up very well against black paper.  The flow is consistent.  Would buy this again.
24020,24020_3,3,表面保护 (Finishing & Protection),亮油/保护喷雾,clear coat,B0CJJFW1YC,BIGTHUMB,5,I would suggest spraying your work with a clear coat after as it does tend to chip off if used on plastic or non-porous surfaces.,"Fun, Bright and Easy to use. They run out quick if you use them often but they’re pretty affordable so you can easily replace them. I would suggest spraying your work with a clear coat after as it does tend to chip off if used on plastic or non-porous surfaces."
24053,24053_2,2,辅助与创意 (Tools & Accessories),贴纸/胶水,stickers,B0CKN6DPNX,BIGTHUMB,5,I used these to mark tenant garbage bins since my previous method of using mailbox stickers didn't seem like a good long term solution.,"The first package had a blown up marker in it so I had to reorder - but totally worth it. I used these to mark tenant garbage bins since my previous method of using mailbox stickers didn't seem like a good long term solution. The applicator is nice and wide and is very vibrant when applied. I had to keep pressing the tip for initial flow, but once saturated it worked like a charm. Highly recommend these markers, we'll see how the writing holds up over time in the elements."
24062,24062_1,1,纸质媒介 (Paper & Pads),黑卡纸/本,dark paper,B0CKN6DPNX,BIGTHUMB,5,Using these on glass or dark papers makes for very satisfying and strong white acrylic lines.,Using these on glass or dark papers makes for very satisfying and strong white acrylic lines. Very nice.
24073,24073_3,3,表面保护 (Finishing & Protection),亮油/保护喷雾,fixative,B0CKN6DPNX,BIGTHUMB,4,"That said in my use case it's nothing a little fixative won't handle (mixed media, art things), and these are super responsive, good flow, have reversible nibs, the chisel width is super fun.","I really dig these especially for the price. The downside is that I don't find them particularly waterproof or quick drying as indicated, compared to others. That said in my use case it's nothing a little fixative won't handle (mixed media, art things), and these are super responsive, good flow, have reversible nibs, the chisel width is super fun. These are very chunky, good quality ink with a good opacity and buildable. Had no leaking issues, following the directions they work better than I'd expected."
24120,24120_2,2,勾线与细节 (Detailing & Outlining),铅笔/橡皮,rubber,B0CKN74CW3,BIGTHUMB,5,"Have used fat sharpies in the past, but those have always faded quickly or didn't really contrast well on the rubber and foam to begin with.These markers make a great contrast and thus far have held up beautifully in the sun and salt water.","Used these to mark up crab and shrimp buoys.  Have used fat sharpies in the past, but those have always faded quickly or didn't really contrast well on the rubber and foam to begin with.These markers make a great contrast and thus far have held up beautifully in the sun and salt water.  Makes identifying the buoys and reading the numbers via binoculars simple from upwards of 100 yards."
24144,24144_2,2,勾线与细节 (Detailing & Outlining),铅笔/橡皮,pencil,B0CKN74CW3,BIGTHUMB,5,No more squinting to read pencil-thin lines!,Perfect marker/paint pen for creating easy-to-read yard sale signs. No more squinting to read pencil-thin lines! 🤣
24243,24243_4,4,表面保护 (Finishing & Protection),亮油/保护喷雾,clear coat,B0CLV7D7Z5,AnyMark,5,I'm very pleased with the performance & didn't have any issues with bleeding after applying a clear coat to seal the designs on all.,"Opaque, highly pigmented.  Crisp point is good for writing & fine details. I've also used these to draw free hand designs on both rocks & slate. I'm very pleased with the performance & didn't have any issues with bleeding after applying a clear coat to seal the designs on all. I don't know how long they will hold up to the elements because I've only had them outside for approx 2 weeks so far."
24248,24248_3,3,纸质媒介 (Paper & Pads),重磅马克笔纸,thick paper,B0CLV7D7Z5,AnyMark,3,They are great on thick paper or smooth stone but they are limited in their application and do not perform well in layers on top of each other like true paint pens do.,These markers offer a nice range of colors though are missing a true grass green. The colors are rich and they each have both a fine and thick tip. They are great on thick paper or smooth stone but they are limited in their application and do not perform well in layers on top of each other like true paint pens do.
24252,24252_1,1,涂色与创作 (Coloring & Greeting),贺卡/信封,envelopes,B0CLV7D7Z5,AnyMark,5,"The colors are very nice, they are solid and look brilliant Used them to address some envelopes .","The colors are very nice, they are solid and look brilliant Used them to address some envelopes . These truly are a good quality acrylic pens. You won't be disappointed."
24259,24259_5,5,表面保护 (Finishing & Protection),密封胶,sealant | mod podge,B0CLV7D7Z5,AnyMark,2,"used a sealant, mod podge, to try to hold and keep paint lasting longer, but the colore just disintegrated ruining the children's art.","Colors are decent. But it was not a good fit for the project I intended. Used in on ceramic cups and the quality wasnt great. What's worst? used a sealant, mod podge, to try to hold and keep paint lasting longer, but the colore just disintegrated ruining the children's art. Maybe it was the mod podge? It wasn't because I tested on another set of acrylic markers and it was fine. I guess maybe going cheaper isn't always better."
24259,24259_6,6,表面保护 (Finishing & Protection),密封胶,mod podge,B0CLV7D7Z5,AnyMark,2,Maybe it was the mod podge?,"Colors are decent. But it was not a good fit for the project I intended. Used in on ceramic cups and the quality wasnt great. What's worst? used a sealant, mod podge, to try to hold and keep paint lasting longer, but the colore just disintegrated ruining the children's art. Maybe it was the mod podge? It wasn't because I tested on another set of acrylic markers and it was fine. I guess maybe going cheaper isn't always better."
24289,24289_2,2,辅助与创意 (Tools & Accessories),便携笔袋/盒,carrying case,B0CMQZNGK7,posca,5,The carrying case is AWESOME- super convenient and easy to use.,"I love this set! The carrying case is AWESOME- super convenient and easy to use. The Posca paint markers definitely live up to the hype. Just be sure to shake well between uses. Even the next day I have found the paint has separated a bit. Also, the first time I used them I tried them out on highly textured watercolor paper (because its what I had nearby) and the markers got a kind of paper build up on the tip, like when you use makers on cheap construction paper. The paper was pretty cheap paper that I use for practice. I've also used them on canvas board and marker paper with great results.This set would be a great gift for any creative type person!"
24289,24289_6,6,纸质媒介 (Paper & Pads),水彩纸/多媒体纸,watercolor paper,B0CMQZNGK7,posca,5,"Also, the first time I used them I tried them out on highly textured watercolor paper (because its what I had nearby) and the markers got a kind of paper build up on the tip, like when you use makers on cheap construction paper.","I love this set! The carrying case is AWESOME- super convenient and easy to use. The Posca paint markers definitely live up to the hype. Just be sure to shake well between uses. Even the next day I have found the paint has separated a bit. Also, the first time I used them I tried them out on highly textured watercolor paper (because its what I had nearby) and the markers got a kind of paper build up on the tip, like when you use makers on cheap construction paper. The paper was pretty cheap paper that I use for practice. I've also used them on canvas board and marker paper with great results.This set would be a great gift for any creative type person!"
24289,24289_8,8,纸质媒介 (Paper & Pads),重磅马克笔纸,marker paper,B0CMQZNGK7,posca,5,I've also used them on canvas board and marker paper with great results.This set would be a great gift for any creative type person!,"I love this set! The carrying case is AWESOME- super convenient and easy to use. The Posca paint markers definitely live up to the hype. Just be sure to shake well between uses. Even the next day I have found the paint has separated a bit. Also, the first time I used them I tried them out on highly textured watercolor paper (because its what I had nearby) and the markers got a kind of paper build up on the tip, like when you use makers on cheap construction paper. The paper was pretty cheap paper that I use for practice. I've also used them on canvas board and marker paper with great results.This set would be a great gift for any creative type person!"
24291,24291_2,2,辅助与创意 (Tools & Accessories),便携笔袋/盒,carrying case,B0CMQZNGK7,posca,5,the carrying case is the perfect size for 16 markers and i love how the top part slides down making the tops of the markers accessible while still keeping them together.,i love posca markers and it was time to get a new set as my last set are running low. the carrying case is the perfect size for 16 markers and i love how the top part slides down making the tops of the markers accessible while still keeping them together. nicely made and would definitely make for a great gift for your favorite artist.
24292,24292_1,1,涂色与创作 (Coloring & Greeting),成人涂色书,adult coloring,B0CMQZSWJS,posca,5,"I've never used Posca markers before, but having recently entered the adult coloring community, I have heard others sing their praises, and now I can say, rightfully so.","I've never used Posca markers before, but having recently entered the adult coloring community, I have heard others sing their praises, and now I can say, rightfully so.  This ""holiday"" set of 22 markers is really 11 makers of the 3 m and 5 M variety.  Same colors - just different sizes.  The colors include:  black (a beautiful opaque black) and white (equally gorgeous for a paint marker), pink, lavender, light pink, blue, orange, sunshine yellow, light green, aqua green, and sky blue.  I'm not sure why this termed a holiday set.  It is coming out near Christmas and yet the set does not contain what you might consider a traditional Christmas red or green.  (Actually, if you get the larger 62 count set, I bet there is one in it. )  It also does not have any ""holiday"" packaging aside the very nice hard side (?) case that the markers come in which I suppose makes it giftable.  So there's that.  But the markers themselves are kind of impressive for what they are.  The paint/ink is smooth.  It comes easily off the tip with streaking or skipping.  The color is bright and yet opaque.  I just wrote some words with the colors on marker paper and was extremely surprised by the quality.However, my one ""concern"" is that the markers themselves feel rather light, which makes me wonder exactly how much paint/ink is in them and how long I can expect them to last before I need to replace them.  Posca markers not cheap.  They are at the highest end of paint makers in the field.  Please see the 62 ct set in this listing if you are unsure of what that means.  I guess I just want to know that I'm getting my money's worth at the price point.  I also think that I would have preferred to have this set with more colors at the same size for the price rather repeating the 11 colors just to have two different sizes.  But overall, this is a quality set.  NOW I GET IT."
24292,24292_14,14,纸质媒介 (Paper & Pads),重磅马克笔纸,marker paper,B0CMQZSWJS,posca,5,"I just wrote some words with the colors on marker paper and was extremely surprised by the quality.However, my one ""concern"" is that the markers themselves feel rather light, which makes me wonder exactly how much paint/ink is in them and how long I can expect them to last before I need to replace them.","I've never used Posca markers before, but having recently entered the adult coloring community, I have heard others sing their praises, and now I can say, rightfully so.  This ""holiday"" set of 22 markers is really 11 makers of the 3 m and 5 M variety.  Same colors - just different sizes.  The colors include:  black (a beautiful opaque black) and white (equally gorgeous for a paint marker), pink, lavender, light pink, blue, orange, sunshine yellow, light green, aqua green, and sky blue.  I'm not sure why this termed a holiday set.  It is coming out near Christmas and yet the set does not contain what you might consider a traditional Christmas red or green.  (Actually, if you get the larger 62 count set, I bet there is one in it. )  It also does not have any ""holiday"" packaging aside the very nice hard side (?) case that the markers come in which I suppose makes it giftable.  So there's that.  But the markers themselves are kind of impressive for what they are.  The paint/ink is smooth.  It comes easily off the tip with streaking or skipping.  The color is bright and yet opaque.  I just wrote some words with the colors on marker paper and was extremely surprised by the quality.However, my one ""concern"" is that the markers themselves feel rather light, which makes me wonder exactly how much paint/ink is in them and how long I can expect them to last before I need to replace them.  Posca markers not cheap.  They are at the highest end of paint makers in the field.  Please see the 62 ct set in this listing if you are unsure of what that means.  I guess I just want to know that I'm getting my money's worth at the price point.  I also think that I would have preferred to have this set with more colors at the same size for the price rather repeating the 11 colors just to have two different sizes.  But overall, this is a quality set.  NOW I GET IT."
24295,24295_8,8,辅助与创意 (Tools & Accessories),便携笔袋/盒,carrying case,B0CMQZSWJS,posca,5,Happy I got the set with the carrying case - the case is nice too!,"This was my first time using posca pens and they’re a lot of fun! They came individually wrapped inside, but there was a card included which states they are updating their packaging and so some may be wrapped while others are not. Nice to see a company actively trying to reduce plastic packaging waste! Once opened you just give a good shake for a little bit (with the cap on) and then press down onto a spare paper or surface to pump the nib a few times. I found you don’t have to press too many times to get it started, just a few and then wait for the paint to saturate the tip. The paint flows smoothly, the colors are pigmented, and they clean up well with some soap and water. I had been wanting to try these and I’m so glad I did! Happy I got the set with the carrying case - the case is nice too!"
24301,24301_7,7,勾线与细节 (Detailing & Outlining),铅笔/橡皮,rubber,B0CMTV9TBR,BIGTHUMB,5,I grouped them together by finish with rubber bands inside the box.,"These pens have great color saturation and consistency and dry quickly in about 30 seconds. They also don’t smudge at all once dried. I was delighted with the variety of colors and finishes (metallic, satin, glitter). However, the box they are contained in does not have them organized in any way—they are all just thrown in there. It would be much better if it was a typical tiered organizer with the colors lined up in order so things were easier to find. This does not take away from the great quality of the pens, but you will probably want to organize them yourself. I grouped them together by finish with rubber bands inside the box."
24306,24306_7,7,涂色与创作 (Coloring & Greeting),成人涂色书,adult coloring,B0CMTV9TBR,BIGTHUMB,4,"For adult coloring, they are probably perfect but for book marking, not so much.","First of all, I like the variety of colors although the pens are not arranged in any kind of order so unless you rearrange the pens (and the packaging kind of doesn't lend itself to this) you can't see all of the blue tones together, for example. The pens are just thrown in the box. You have to shake each pen to release the ink down into the tip, which is fine I guess but I have other sets that don't require this for usage. I'm a bit disappointed in their definition of ""extra fine tip"" because these tips are much thicker than I expected. I have fine tip pens like this that are VERY small and allow you just leave a noticeable fine underline in a book, for example. These aren't like that. For adult coloring, they are probably perfect but for book marking, not so much."
24321,24321_4,4,涂色与创作 (Coloring & Greeting),成人涂色书,coloring book,B0CMTV9TBR,BIGTHUMB,4,We do a lot of coloring in grown up coloring books during support group meetings as the distraction helps draw participants out in telling their story.,I've never used acrylic paint pens and this set has made me a fan.  The coverage over a colored background or over a dried painted area is excellent.  It was fun playing with metallic and glitter for the first time.  We do a lot of coloring in grown up coloring books during support group meetings as the distraction helps draw participants out in telling their story.  I do have a bit of a criticism through.  That is with the box.  It is just a plain box with 3 rows of pens in miscellaneous order.  There's no sorting between pastels and neons or metallics and glitters for example.  There are no tiers in the box or dividers to separate the different types of ink or even color groups.  The second gripe is that the color name is not on the barrels of the pens.  I'll have to try and glue some dividers into the box or just bundle the different types with a rubber band.  There is a key to colors but instead of color names the colors are numbered.  Recommended but you'll likely spend time sorting the pens before you get started.
24321,24321_11,11,勾线与细节 (Detailing & Outlining),铅笔/橡皮,rubber,B0CMTV9TBR,BIGTHUMB,4,I'll have to try and glue some dividers into the box or just bundle the different types with a rubber band.,I've never used acrylic paint pens and this set has made me a fan.  The coverage over a colored background or over a dried painted area is excellent.  It was fun playing with metallic and glitter for the first time.  We do a lot of coloring in grown up coloring books during support group meetings as the distraction helps draw participants out in telling their story.  I do have a bit of a criticism through.  That is with the box.  It is just a plain box with 3 rows of pens in miscellaneous order.  There's no sorting between pastels and neons or metallics and glitters for example.  There are no tiers in the box or dividers to separate the different types of ink or even color groups.  The second gripe is that the color name is not on the barrels of the pens.  I'll have to try and glue some dividers into the box or just bundle the different types with a rubber band.  There is a key to colors but instead of color names the colors are numbered.  Recommended but you'll likely spend time sorting the pens before you get started.
24328,24328_6,6,纸质媒介 (Paper & Pads),黑卡纸/本,dark paper,B0CMTV9TBR,BIGTHUMB,4,"The white, and other light-colored markers do a great job - bright and easy to see on dark paper.<br><br>THINGS TO KEEP IN MIND:<br>When you want to use one of these markers, you kinda have to ""get them flowing"" initially.","I use markers for a variety of crafts, and have purchased way too many glitter, metallic and other specialty markers online and from local craft stores.<br><br>WHAT MAKES THIS A GOOD SET:<br>First, that you get so many different styles of markers in one big box that's easy to store. Anyone that has priced buying these in small sets or even individually will appreciate that.<br>The glitter pens are pretty glittery. I have a few glitter pens that are a different brand that are more glittery, but they were expensive pens that I had to buy individually from a local craft store. For the price of these, the glitter effect is pretty good.<br>The metallic markers are also pretty good. The effect is comparable to other brands I have that cost slightly more than these.<br>You get a good variety of colors in the Classic, Pastel, Neon, Morandi (which are ""muted"" colors btw, vs bright neon colors). The white, and other light-colored markers do a great job - bright and easy to see on dark paper.<br><br>THINGS TO KEEP IN MIND:<br>When you want to use one of these markers, you kinda have to ""get them flowing"" initially. They printed a little diagram on the side showing you how to pump them to get them flowing. If you're not getting a very strong, bold line, you need to pump the marker some more, to get the ink flowing better.<br>Due to the nature of how ink flows from these markers, you can get the best result using them if you're very purposeful in your marks. If you want to make quick, very fast marks, these may not be the pens for you.<br><br>- My biggest complaint is the box they come in. The way that this box is depicted in the product description pictures makes it seem like it arrives in a tiered, organized box. It's just a box. It's a nice box, but it's just a box, without any tiers or dividers. The markers themselves are numbered, and the back of the box has a chart or ""key"" that you can use, to identify what type of marker each number is.<br>Additionally, the names of the actual colors are not on the box, nor are they on the markers themselves. This might not bother you, but for colorblind folks like myself, not having the actual name of the color written on these markers can be a bit of an issue.<br><br>Overall, this is a good variety of specialty markers that I'm sure to get a lot of use out of."
24370,24370_2,2,纸质媒介 (Paper & Pads),水彩纸/多媒体纸,cold press,B0CNXRVJW2,Grabie,4,I think the markers would probably work best on hot or cold pressed water color paper.,They’re great & work really well. I think the markers would probably work best on hot or cold pressed water color paper.
24420,24420_1,1,纸质媒介 (Paper & Pads),涂鸦板/卡片,tags,B0CNYV8724,TFIVE,5,I purchased these pens to write on my black plant tags for my container garden.,I purchased these pens to write on my black plant tags for my container garden.  They show up very well and have not faded as of yet.
24435,24435_3,3,辅助与创意 (Tools & Accessories),贴纸/胶水,stickers,B0CNYV8724,TFIVE,5,Worked beautifully on chalkboard stickers.,Fine tip markers. Ink flows easily.  Worked beautifully on chalkboard stickers.
24443,24443_1,1,纸质媒介 (Paper & Pads),黑卡纸/本,black notebook,B0CNYV8724,TFIVE,5,I bought these to write on my black notebook covers.,"I bought these to write on my black notebook covers. It's the first time I've ever used paint markers. I really like them, except that they do make spatter marks sometimes. I don't think that's a big deal and I'm not even sure that it's an issue with the marker itself but an issue with me learning how to use it. Anyway, works as I hoped. It dries quickly."
24487,24487_1,1,纸质媒介 (Paper & Pads),涂鸦板/卡片,tags,B0CNYV8724,TFIVE,5,I was looking for a white paint pen with a thin tip to write names on Christmas stocking tags.,I was looking for a white paint pen with a thin tip to write names on Christmas stocking tags. This pen writes beautifully. I would recommend this.
24518,24518_3,3,纸质媒介 (Paper & Pads),黑卡纸/本,black paper,B0CPMFV2ZF,Sharpie,5,"If you have these, you have got to try them on dark or black paper, the colors POP!","My absolute favorite markers have always been sharpies so when I saw that they came out with this line, I had to try them! These are so vibrant and the smell is not as strong as their usual permanent markers (a nostalgic smell to me). If you have these, you have got to try them on dark or black paper, the colors POP! They also are not bleeding on normal weight paper for me, so these are awesome for coloring books too!"
24518,24518_4,4,涂色与创作 (Coloring & Greeting),成人涂色书,coloring book,B0CPMFV2ZF,Sharpie,5,"They also are not bleeding on normal weight paper for me, so these are awesome for coloring books too!","My absolute favorite markers have always been sharpies so when I saw that they came out with this line, I had to try them! These are so vibrant and the smell is not as strong as their usual permanent markers (a nostalgic smell to me). If you have these, you have got to try them on dark or black paper, the colors POP! They also are not bleeding on normal weight paper for me, so these are awesome for coloring books too!"
24521,24521_4,4,涂色与创作 (Coloring & Greeting),成人涂色书,coloring book | adult coloring,B0CPMFV2ZF,Sharpie,5,Great for adult coloring books or school projects!,Love these markers. They don’t have those coloring lines that other markers do that show which way you colored. It all just blends! Great for adult coloring books or school projects!
24550,24550_1,1,纸质媒介 (Paper & Pads),黑卡纸/本,black paper,B0CPMFV2ZF,Sharpie,5,Great colors that flow smoothly and show up even on black paper!,Great colors that flow smoothly and show up even on black paper!
24586,24586_2,2,表面保护 (Finishing & Protection),密封胶,mod podge,B0CPMFV2ZF,Sharpie,5,"Works great on rocks and shells and holds up to outdoor weather without clear shellac or mod podge, altho I bet using these in addition to the pens would keep your art looking fresh","Mess free unlike paint pens. Works great on rocks and shells and holds up to outdoor weather without clear shellac or mod podge, altho I bet using these in addition to the pens would keep your art looking fresh"
24591,24591_1,1,纸质媒介 (Paper & Pads),绘本/写生本,sketchbook,B0CPMFV2ZF,Sharpie,5,"I tried the pens on a sketchbook that I had and I was skeptical but I was proved wrong they did not bleed through the paper, they do not blend with each other but have a vibrant color to them","I tried the pens on a sketchbook that I had and I was skeptical but I was proved wrong they did not bleed through the paper, they do not blend with each other but have a vibrant color to them"
24622,24622_1,1,纸质媒介 (Paper & Pads),黑卡纸/本,black paper,B0CPMFV2ZF,Sharpie,5,"These are amazing for making thick lines for neurographic art, especially on black paper.","These are amazing for making thick lines for neurographic art, especially on black paper. They are vivid, dry quickly and do not bleed. You will not regret buying these! I wish there were more colors and a finer nib option for detail work— hopefully Sharpie is listening and we will get those soon!"
24628,24628_1,1,辅助与创意 (Tools & Accessories),便携笔袋/盒,holder,B0CPMFV2ZF,Sharpie,5,"Love the colors, I tried on paper, plastic water bottles, also on my rotating pen holder I bought on Amazon and decided to get creative.","Love the colors, I tried on paper, plastic water bottles, also on my rotating pen holder I bought on Amazon and decided to get creative. I love Sharpie, hope they make more vibrant colors.The pen holder: SKYDUE 360 Degree Rotating Pencil Pen Holder for Desk"
24628,24628_2,2,勾线与细节 (Detailing & Outlining),铅笔/橡皮,pencil,B0CPMFV2ZF,Sharpie,5,"I love Sharpie, hope they make more vibrant colors.The pen holder: SKYDUE 360 Degree Rotating Pencil Pen Holder for Desk","Love the colors, I tried on paper, plastic water bottles, also on my rotating pen holder I bought on Amazon and decided to get creative. I love Sharpie, hope they make more vibrant colors.The pen holder: SKYDUE 360 Degree Rotating Pencil Pen Holder for Desk"
24628,24628_2,2,辅助与创意 (Tools & Accessories),便携笔袋/盒,holder,B0CPMFV2ZF,Sharpie,5,"I love Sharpie, hope they make more vibrant colors.The pen holder: SKYDUE 360 Degree Rotating Pencil Pen Holder for Desk","Love the colors, I tried on paper, plastic water bottles, also on my rotating pen holder I bought on Amazon and decided to get creative. I love Sharpie, hope they make more vibrant colors.The pen holder: SKYDUE 360 Degree Rotating Pencil Pen Holder for Desk"
24667,24667_3,3,涂色与创作 (Coloring & Greeting),成人涂色书,adult coloring,B0CPMFV2ZF,Sharpie,5,I used them for regular adult coloring.,"As a fan of all things Sharpie, I was really looking forward to getting these. The packaging was good, not too taxing trying to get at the markers. I used them for regular adult coloring. I usually do mandala's and geometric shaped patterns. These markers go on so smooth. The color is intense so you have to make sure you are using them in a spot that you want to stand out. Given how smooth and easy the flow is, I was pleasantly surprised that they really don't bleed through. They hold a line very well. These would work really great for posters or signs.  I would definitely buy these in more colors if they made them."
24686,24686_6,6,纸质媒介 (Paper & Pads),黑卡纸/本,black paper,B0CPMFV2ZF,Sharpie,5,"I didn’t have actual black paper to test, but printing out a black photo worked.","I’m 🤩OBSESSED🤩!PRICE: It is $20 original price for the 12 pack of markers, but that’s already amazing! POSCA markers are wee bit more expensive for a little less in markers.INK: The ink is so OPAQUE! It’s amazing! On white paper you don’t need to coat what so ever! It’s just one marking and it results in solid color! I didn’t have actual black paper to test, but printing out a black photo worked. So the ink of the marker might be different in usage on regular black colored paper versus printed ink black paper lol. Anywaysss, it did take a few coats for it to pop on the black paper like it is in the picture, but it still did amazing! The ink didn’t dry to a different color.OVERLAPPING: The colors look great and work great overlapping! You might need a few coats for the color white, but they do amazing!CONDITIONS OF PAPER: IT DID NOT BLEED THROUGH!!! That was the most exciting part of it all! The paper does warp a little but that doesn’t bother me none. (Demonstrated on the last picture) I would say it did leave some texture on the paper too like if you took a regular marker like the crayola ones on construction paper and colored the same spot over and over again and the paper starts to peel a bit-yeah that’s what it feels like, but very slightly (keep in mind it still didn’t bleed)PRESSURE/MARKER TIP: the tip of the marker is so soft so no pressure is needed which is actually pretty cool because you don’t need more pressure to get more color payoff.You don’t need to shake them either to get it started with ink. Just take the cap off and you’re ready to color!!!OVERALL: Just such an amazing product! I’m just so shocked that regular markers like crazy art, crayola and off brands included-make streaks and can never be the same color when you’re overlapping with them as they start to bleed through when you’re coloring. (Demonstrated on the page that says “This book belongs to:” on the front and back)Sharpie, if you’re reading this PLEASE make more colors!!!! I’ll buy them right now!!! As a pack though. Because having to buy multiple packs for different colors is a pain and a waste of packaging. But please pretty please! 🥺🫶🏼They are PHENOMENAL 🤌🏽🤌🏽!!"
24686,24686_7,7,纸质媒介 (Paper & Pads),黑卡纸/本,black paper,B0CPMFV2ZF,Sharpie,5,So the ink of the marker might be different in usage on regular black colored paper versus printed ink black paper lol.,"I’m 🤩OBSESSED🤩!PRICE: It is $20 original price for the 12 pack of markers, but that’s already amazing! POSCA markers are wee bit more expensive for a little less in markers.INK: The ink is so OPAQUE! It’s amazing! On white paper you don’t need to coat what so ever! It’s just one marking and it results in solid color! I didn’t have actual black paper to test, but printing out a black photo worked. So the ink of the marker might be different in usage on regular black colored paper versus printed ink black paper lol. Anywaysss, it did take a few coats for it to pop on the black paper like it is in the picture, but it still did amazing! The ink didn’t dry to a different color.OVERLAPPING: The colors look great and work great overlapping! You might need a few coats for the color white, but they do amazing!CONDITIONS OF PAPER: IT DID NOT BLEED THROUGH!!! That was the most exciting part of it all! The paper does warp a little but that doesn’t bother me none. (Demonstrated on the last picture) I would say it did leave some texture on the paper too like if you took a regular marker like the crayola ones on construction paper and colored the same spot over and over again and the paper starts to peel a bit-yeah that’s what it feels like, but very slightly (keep in mind it still didn’t bleed)PRESSURE/MARKER TIP: the tip of the marker is so soft so no pressure is needed which is actually pretty cool because you don’t need more pressure to get more color payoff.You don’t need to shake them either to get it started with ink. Just take the cap off and you’re ready to color!!!OVERALL: Just such an amazing product! I’m just so shocked that regular markers like crazy art, crayola and off brands included-make streaks and can never be the same color when you’re overlapping with them as they start to bleed through when you’re coloring. (Demonstrated on the page that says “This book belongs to:” on the front and back)Sharpie, if you’re reading this PLEASE make more colors!!!! I’ll buy them right now!!! As a pack though. Because having to buy multiple packs for different colors is a pain and a waste of packaging. But please pretty please! 🥺🫶🏼They are PHENOMENAL 🤌🏽🤌🏽!!"
24686,24686_8,8,纸质媒介 (Paper & Pads),黑卡纸/本,black paper,B0CPMFV2ZF,Sharpie,5,"Anywaysss, it did take a few coats for it to pop on the black paper like it is in the picture, but it still did amazing!","I’m 🤩OBSESSED🤩!PRICE: It is $20 original price for the 12 pack of markers, but that’s already amazing! POSCA markers are wee bit more expensive for a little less in markers.INK: The ink is so OPAQUE! It’s amazing! On white paper you don’t need to coat what so ever! It’s just one marking and it results in solid color! I didn’t have actual black paper to test, but printing out a black photo worked. So the ink of the marker might be different in usage on regular black colored paper versus printed ink black paper lol. Anywaysss, it did take a few coats for it to pop on the black paper like it is in the picture, but it still did amazing! The ink didn’t dry to a different color.OVERLAPPING: The colors look great and work great overlapping! You might need a few coats for the color white, but they do amazing!CONDITIONS OF PAPER: IT DID NOT BLEED THROUGH!!! That was the most exciting part of it all! The paper does warp a little but that doesn’t bother me none. (Demonstrated on the last picture) I would say it did leave some texture on the paper too like if you took a regular marker like the crayola ones on construction paper and colored the same spot over and over again and the paper starts to peel a bit-yeah that’s what it feels like, but very slightly (keep in mind it still didn’t bleed)PRESSURE/MARKER TIP: the tip of the marker is so soft so no pressure is needed which is actually pretty cool because you don’t need more pressure to get more color payoff.You don’t need to shake them either to get it started with ink. Just take the cap off and you’re ready to color!!!OVERALL: Just such an amazing product! I’m just so shocked that regular markers like crazy art, crayola and off brands included-make streaks and can never be the same color when you’re overlapping with them as they start to bleed through when you’re coloring. (Demonstrated on the page that says “This book belongs to:” on the front and back)Sharpie, if you’re reading this PLEASE make more colors!!!! I’ll buy them right now!!! As a pack though. Because having to buy multiple packs for different colors is a pain and a waste of packaging. But please pretty please! 🥺🫶🏼They are PHENOMENAL 🤌🏽🤌🏽!!"
24705,24705_2,2,纸质媒介 (Paper & Pads),涂鸦板/卡片,tags,B0CPMFV2ZF,Sharpie,5,These write beautifully and were well used over the holidays to decorate wooden and Kraft paper gift tags.,"Finally a permanent marker with good pigmentation that doesn’t require priming, which always caused globs for me. These write beautifully and were well used over the holidays to decorate wooden and Kraft paper gift tags. Where have you been all of my crafting life!?!😅. Great purchase. I also have a set to my DIL for Christmas after I tried them myself. You will not be disappointed."
24705,24705_2,2,涂色与创作 (Coloring & Greeting),空白标签,gift tags,B0CPMFV2ZF,Sharpie,5,These write beautifully and were well used over the holidays to decorate wooden and Kraft paper gift tags.,"Finally a permanent marker with good pigmentation that doesn’t require priming, which always caused globs for me. These write beautifully and were well used over the holidays to decorate wooden and Kraft paper gift tags. Where have you been all of my crafting life!?!😅. Great purchase. I also have a set to my DIL for Christmas after I tried them myself. You will not be disappointed."
24717,24717_2,2,纸质媒介 (Paper & Pads),黑卡纸/本,dark paper,B0CPMFV2ZF,Sharpie,5,"They do seem to draw on dark paper, which I love.","I love these pants. They do seem to draw on dark paper, which I love."
24728,24728_2,2,纸质媒介 (Paper & Pads),黑卡纸/本,black cardstock,B0CPMFV2ZF,Sharpie,5,They are so bright on both white and black cardstock.,I LOVE these! They are so bright on both white and black cardstock. I feel like a kid again doodling and drawing with them.
24739,24739_3,3,表面保护 (Finishing & Protection),密封胶,mod podge,B0CPMFV2ZF,Sharpie,5,They are matte finish so the picture of our rocks have mod podge gloss overlay.,These paint markers were amazing! My 3yr old daughter and I had so much fun coloring the rocks we  found. They are matte finish so the picture of our rocks have mod podge gloss overlay. My daughter was busy for a couple of hours coloring her purple and rainbow rocks. I will definitely be using these over and over.
24758,24758_4,4,纸质媒介 (Paper & Pads),水彩纸/多媒体纸,cold press,B0CPMFV2ZF,Sharpie,3,I think these markers will do better on cold press paper.,I thought I would get a bolder more polished look using these markers on stretched canvas. I was looking for a sharp and crisp edge that I didn't get. I was disappointed. I think these markers will do better on cold press paper.
24760,24760_1,1,纸质媒介 (Paper & Pads),黑卡纸/本,black paper,B0CPMFV2ZF,Sharpie,5,"This works great on just black paper, white paper, and even on chalkboards!!!!It doesn’t bleed out either.This is a must for artsy and crafty people.","This works great on just black paper, white paper, and even on chalkboards!!!!It doesn’t bleed out either.This is a must for artsy and crafty people."
24791,24791_2,2,纸质媒介 (Paper & Pads),黑卡纸/本,dark paper,B0CPMFV2ZF,Sharpie,5,Fantastic quality for the price.<br><br>Pros: works great on both white and dark paper.,I hope and pray that Sharpie releases a wider color range of these. Fantastic quality for the price.<br><br>Pros: works great on both white and dark paper. Doesn’t bleed or clump.<br><br>Cons: wish there was a bigger color choice. The White market still needs to be a little more opaque but I’m splitting hairs.<br><br>I love this marker set. C’mon Sharpie? Release a 150 count!🤣
24847,24847_6,6,纸质媒介 (Paper & Pads),黑卡纸/本,dark paper,B0CPMFV2ZF,Sharpie,5,"Even on dark paper the Sharpie Acrylic Creative Markers were bright, bold, and clear.","My family uses acrylic paint markers for a variety of reasons, and I've never really found a brand that I love--they tend to bleed through, some can't layer without becoming muddy, and priming them is annoying as they tend to have an abrupt splotch/blot of color. I was really excited to get a chance to test this acrylic marker from Sharpie out as they claim to layer well, not bleed through, and not need priming, so thank you to the Stellar Product Testing Panel for giving me these Sharpie Acrylic Creative Markers to try! I'll cut to the chase: I found them to be exactly as advertised. I loved them so much in the 5 pack I received to test that I immediately went and ordered the 12 pack they also have available after I tried them out.They didn't bleed through on any of the papers I tried (standard printer, card stock, glossy papers, etc.), and could layer on top of other colors when dry. They dried very quickly on everything except for the glossy/slick materials--even on these they didn't have a long dry time and didn't budge once dried. Even on dark paper the Sharpie Acrylic Creative Markers were bright, bold, and clear. I cannot overstate how much I loved that they didn't need priming--anyone who uses paint markers has probably had the misfortune to have a blotch of paint come out when priming, but the Sharpie Acrylic Markers didn't have that problem at all. I loved that.Finally, they cleaned off of my skin with basic soap, water, and a bit of handwashing. No problem at all! I'm very happy with them and will be a customer going forward"
24862,24862_2,2,纸质媒介 (Paper & Pads),黑卡纸/本,black paper,B0CPMFV2ZF,Sharpie,5,"I have used them on black paper, and it looks fantastic.","These are neat. I have used them on black paper, and it looks fantastic.  I recommend you give them a try if you want to do something different."
24872,24872_2,2,纸质媒介 (Paper & Pads),水彩纸/多媒体纸,watercolor paper,B0CPMFV2ZF,Sharpie,5,"The children utilized them on rocks, while I personally employed them on watercolor paper.","These products are truly exceptional. The children utilized them on rocks, while I personally employed them on watercolor paper."
24897,24897_4,4,纸质媒介 (Paper & Pads),黑卡纸/本,black paper,B0CPMFV2ZF,Sharpie,3,"I don't like the way they work on paper, especially black paper.","These markers are OK but of limited use for me. They are too neon bright for my taste.  They work for bold, simple lettering.  I don't like the way they work on paper, especially black paper.  They don't cover the black enough and if you try to lay down more color, they start to pick up bits of the paper.  You can't have subtle effects using them.  The color is just there. They might be good for glass, ceramic &amp; other harder surfaces, but that's not what I use markers for."
24965,24965_7,7,表面保护 (Finishing & Protection),亮油/保护喷雾,sealer,B0CPMFV2ZF,Sharpie,5,I have been using a clear spray sealer and I'm happy to say they do not bleed like regular Sharpies do.,"I've been seeing the ads for Sharpie creative markers and decided I better try them. I'm so glad I did. For those that are familiar with posca, I would say they cover less than posca, but still very opaque. Very fluid and no priming or shaking. They dry more of a chalky finish. I've been doing rocks mostly with them so far and I did a small canvas bag (the seahorse). I have been using a clear spray sealer and I'm happy to say they do not bleed like regular Sharpies do. I hope Sharpie adds a more vibrant red and a brown to their colors."
24972,24972_3,3,涂色与创作 (Coloring & Greeting),成人涂色书,coloring book,B0CPMFV2ZF,Sharpie,5,"They do tend to leak through thinner, papers, and thinner, coloring book pages.","I love these markers! I say they could be a little cheaper, but they do feel like a higher quality markers. They do tend to leak through thinner, papers, and thinner, coloring book pages. The performance is nice and gives nice crisp colors. The pages themselves after they’re colored I have a nice field to the dried ink. I would buy these again, even for a gift."
24982,24982_2,2,涂色与创作 (Coloring & Greeting),贺卡/信封,greeting cards,B0CPMFV2ZF,Sharpie,5,"We’ve used them on sea shells, garden rocks, greeting cards and wood cutouts.","These markers are terrific! We’ve used them on sea shells, garden rocks, greeting cards and wood cutouts. Wonderful colors! Easy flowing paint, dries quickly, can layer colors, WONDERFUL VALUE."
24999,24999_1,1,纸质媒介 (Paper & Pads),黑卡纸/本,black paper,B0CPMFV2ZF,Sharpie,5,Such good markers they work perfectly on black paper!,Such good markers they work perfectly on black paper! Def recommend :)
25013,25013_2,2,辅助与创意 (Tools & Accessories),贴纸/胶水,stickers,B0CRY23DQL,Arrtx,1,I went through the effort of putting the color indication stickers on before trying them.,"I was really excited for these. I went through the effort of putting the color indication stickers on before trying them. Three of them were dried out. The rest were really watery, so it was difficult to get coverage that wasn't really streaky and translucent. I returned them."
25015,25015_2,2,纸质媒介 (Paper & Pads),绘本/写生本,sketchbook,B0CRY23DQL,Arrtx,5,"I don’t know why the fear, but now that I’ve started, I really love these in my sketchbook.","Even after purchasing, I took a long time to finally try these out. I don’t know why the fear, but now that I’ve started, I really love these in my sketchbook. There’s no bleed thru and it dries thin. The colors also have a nice pop to them. In my attached photo, everything on the right is done with these and black ink. The little doodles on the left are other non-paint markers."
25031,25031_2,2,纸质媒介 (Paper & Pads),绘本/写生本,art journal,B0CSYQ7T7S,Shuttle Art,5,I’m enjoying using these in my art journal.,"Vibrant, colorful paint markers!  I’m enjoying using these in my art journal.  Great selection of colors, and 2 tip sizes make them unique and affordable, too.  I’ve used them in combination with other art materials, and have been very happy with the results."
25034,25034_2,2,纸质媒介 (Paper & Pads),黑卡纸/本,black paper,B0CSYQ7T7S,Shuttle Art,5,"They're beautiful, bright colors that work even on black paper.","Bought these on a whim and I'm glad I did! They're beautiful, bright colors that work even on black paper. They dry quickly and don't rub off easily. I like the dual tips and they're very easy to use. I like all of the colors. This was a doodle I did today and I'm looking forward to trying them out more."
25046,25046_2,2,纸质媒介 (Paper & Pads),黑卡纸/本,black paper,B0CSYQ7T7S,Shuttle Art,4,The colors show up well on white AND black paper and they layer pretty well.,"These markers have a lot of paint in them and are very vivid on paper. The colors show up well on white AND black paper and they layer pretty well. They are very fun to play with and didn’t warp my sketchbook paper or bleed through. My only issues are that I didn’t have a brown, and all of the colors were strikingly bright. Even the darker colors came out lighter than they should have been."
25046,25046_3,3,纸质媒介 (Paper & Pads),绘本/写生本,sketchbook,B0CSYQ7T7S,Shuttle Art,4,They are very fun to play with and didn’t warp my sketchbook paper or bleed through.,"These markers have a lot of paint in them and are very vivid on paper. The colors show up well on white AND black paper and they layer pretty well. They are very fun to play with and didn’t warp my sketchbook paper or bleed through. My only issues are that I didn’t have a brown, and all of the colors were strikingly bright. Even the darker colors came out lighter than they should have been."
25050,25050_1,1,纸质媒介 (Paper & Pads),水彩纸/多媒体纸,mixed media paper,B0CSYQ7T7S,Shuttle Art,5,Great quality and good for canvas and mixed media paper as well!,Great quality and good for canvas and mixed media paper as well!
25066,25066_1,1,纸质媒介 (Paper & Pads),绘本/写生本,sketchbook,B0CSYQ7T7S,Shuttle Art,5,I tested all of the acrylic paint markers and they work perfectly 😄 when I use them on my sketchbook.,I tested all of the acrylic paint markers and they work perfectly 😄 when I use them on my sketchbook. Also they don't bleed though the page that much either.
25071,25071_3,3,纸质媒介 (Paper & Pads),绘本/写生本,art journal,B0CTQS8MSK,ARTISTRO,4,"Otherwise, they can dry out too soon, and coverage isn't 100%, as it is when they're new.These are useful pens, good for art journaling and accenting other art projects and photos.","I've owned pens/markers like these before, and they're a good value. Generally good coverage, at least when they're new, and easy to use.It's important to replace the cap carefully, so the seal is tight. Otherwise, they can dry out too soon, and coverage isn't 100%, as it is when they're new.These are useful pens, good for art journaling and accenting other art projects and photos."
25076,25076_2,2,涂色与创作 (Coloring & Greeting),贺卡/信封,thank you cards,B0CTQS8MSK,ARTISTRO,5,They really make my thank you cards stand out!,"These are awesome!  They really make my thank you cards stand out!  They are super easy to use.  The paint is decently fast drying (on paper, I haven't tried anything else) and it shines beautifully!  I will definitely be coming back for more when I drain these for all that they are worth!  10/10!"
25083,25083_1,1,纸质媒介 (Paper & Pads),黑卡纸/本,dark paper,B0CTQS8MSK,ARTISTRO,1,I was hoping to write it on a dark paper so it would be seen clearly but it just blended into the dark color.,I was hoping to write it on a dark paper so it would be seen clearly but it just blended into the dark color. I was quite disappointed.
25092,25092_1,1,勾线与细节 (Detailing & Outlining),铅笔/橡皮,pencil,B0CTQS8MSK,ARTISTRO,5,These covered both my pencil lines and some feathered edges from the black sharpie.,"These covered both my pencil lines and some feathered edges from the black sharpie. No shaking to get the ink to drop, these have a continuous flow that makes them easy to use. Love the dual tip for brush strokes or fine details. Not too streaky, either! Very nice for the price."
25099,25099_1,1,涂色与创作 (Coloring & Greeting),贺卡/信封,envelopes | invitations,B0CTQS8MSK,ARTISTRO,5,"I love practicing calligraphy, and I like to switch things up by using different colors and different types of ink.The metallic sheen instantly dresses up envelopes, invitations, and cards.Highly Recommended.","I love practicing calligraphy, and I like to switch things up by using different colors and different types of ink.The metallic sheen instantly dresses up envelopes, invitations, and cards.Highly Recommended."
25117,25117_1,1,辅助与创意 (Tools & Accessories),贴纸/胶水,stickers,B0CV3SBG89,Arrtx,5,Before you do ANYTHING put the stickers on your markers they are in the same position so you know where they go.Love this markers.,"Before you do ANYTHING put the stickers on your markers they are in the same position so you know where they go.Love this markers. Been wanting some for a while and now I can’t stop using them! Very smooth, love the brush like tip and how opaque they are."
25168,25168_2,2,纸质媒介 (Paper & Pads),绘本/写生本,sketchbook,B0CX1BD86P,TBC The Best Crafts,5,And the best part is that there doesn't seem to be any issues with bleeding in my favorite sketchbook!,"These acrylic markers dry fast, layer well, and have absolutely 0 smell. And the best part is that there doesn't seem to be any issues with bleeding in my favorite sketchbook! Would definitely recommend for any starting artist wanting to get into acrylic markers."
25392,25392_4,4,纸质媒介 (Paper & Pads),黑卡纸/本,black paper,B0CX1BD86P,TBC The Best Crafts,5,"Its even more ""chalky"" on dark or black paper, but does not smear.","Works really well on hard surfaces, and dries quickly. They have a bold, opaque look when used on plastic, metal, stone and terra cotta. They have a more chalk-like look when used on paper. Its even more ""chalky"" on dark or black paper, but does not smear. I like the dual tips for different effects. Great set for a great price!"
25394,25394_5,5,表面保护 (Finishing & Protection),亮油/保护喷雾,top coat,B0CX1BD86P,TBC The Best Crafts,5,Just used Sally Hansen Base and Top Coat under and over it.,"I've used these with my 13 year old daughter to paint small canvases and to paint our nails! It dries quickly. The colors are bright, beautiful, and opaque. Easy, mess free way to paint your nails and create some unique nail art. Just used Sally Hansen Base and Top Coat under and over it. Long lasting, and does not chip, smudge or smear. I highly recommend!"
25409,25409_7,7,涂色与创作 (Coloring & Greeting),成人涂色书,coloring book | adult coloring,B0CX1BD86P,TBC The Best Crafts,5,"however, repeated use most likely will cause the nub to flatten because of pressure applied to get larger dots.`They are good for rock art because they provide excellent coverage.`The pens are color coded and numbered on both ends.`The nibs make for smooth application.`The colors are vivid.`The end results are good on plastic and rocks.CON:`Most of the colors are opaque but some are semitransparent.`Because some of the colors are opaque they are not good for use in gray scale adult coloring books or anything that a transparent color is needed.`The color indicators are on the barrel, but the paint does not always match the barrel colors.","I’m not familiar with this brand; however, I tried it, and I like it.  I love dual brush pens, and these are good ones; however, they do have some limitations.PRO:`They give very good coverage on rocks, paper and plastic.`The paint flows quickly and evenly.`All of mine have paint, and none are dried out.`If you have an interest in lots of dot art, these offer dual options of tiny dots, up to larger dots.  The smallest is about 1mm and the largest is 3mm.  I am sure if someone wishes to make large dots that is also possible; however, repeated use most likely will cause the nub to flatten because of pressure applied to get larger dots.`They are good for rock art because they provide excellent coverage.`The pens are color coded and numbered on both ends.`The nibs make for smooth application.`The colors are vivid.`The end results are good on plastic and rocks.CON:`Most of the colors are opaque but some are semitransparent.`Because some of the colors are opaque they are not good for use in gray scale adult coloring books or anything that a transparent color is needed.`The color indicators are on the barrel, but the paint does not always match the barrel colors.  For instance, the red is actually more of an orange red, but the color on the barrel is a bright scarlet red.`The pale pink is more peach than pink."
25421,25421_1,1,表面保护 (Finishing & Protection),亮油/保护喷雾,sealer,B0CX1BD86P,TBC The Best Crafts,5,"I used on glass cup it didn’t smear much after washed but definitely would get an acrylic sealer to protect it, drys fast nice variety of colors, I like them can’t complain!","I used on glass cup it didn’t smear much after washed but definitely would get an acrylic sealer to protect it, drys fast nice variety of colors, I like them can’t complain!"
25421,25421_1,1,表面保护 (Finishing & Protection),密封胶,acrylic sealer,B0CX1BD86P,TBC The Best Crafts,5,"I used on glass cup it didn’t smear much after washed but definitely would get an acrylic sealer to protect it, drys fast nice variety of colors, I like them can’t complain!","I used on glass cup it didn’t smear much after washed but definitely would get an acrylic sealer to protect it, drys fast nice variety of colors, I like them can’t complain!"
25481,25481_1,1,涂色与创作 (Coloring & Greeting),成人涂色书,coloring book,B0CX1BD86P,TBC The Best Crafts,5,Used for coloring an ABC coloring book I downloaded from Etsy.,Used for coloring an ABC coloring book I downloaded from Etsy. Guests at the baby shower each colored and signed a page. They did not bleed through and were colorfast when fully dry. Fun was had by all with this project.
25507,25507_3,3,纸质媒介 (Paper & Pads),绘本/写生本,drawing book,B0CX1BD86P,TBC The Best Crafts,5,"I have given them art drawing books and pencils, now these paints will top it all off.","Beautiful, Beautiful I love these Paints too bad they are for my Grandchildren that do such lovely artwork. I am proud that I am a grandmother who can give them their art supplies. I have given them art drawing books and pencils, now these paints will top it all off. Thank you so much. And the price for so many is out of this world."
25508,25508_2,2,辅助与创意 (Tools & Accessories),镂空模板,stencils,B0CX1BD86P,TBC The Best Crafts,2,"The longest thing we wrote was 20 letter, they were stencils so not complete letters even, and we alternated colors.","Purchased these to write on a pop-up canopy.  The longest thing we wrote was 20 letter, they were stencils so not complete letters even, and we alternated colors. So each marker can basically color 10 4"" stencil letters, and that was a struggle."
25526,25526_4,4,表面保护 (Finishing & Protection),亮油/保护喷雾,top coat,B0CX1BD86P,TBC The Best Crafts,5,"Not only did they completely cover in fairly exact spots what I needed, they dried quickly and look awesome with a clear gloss top coat spray paint.","I had an outdoor project that I needed acrylic paint and a fine point in order to complete the details.  I figured I would try these and see how they do.  I LOVE THEM!  Not only did they completely cover in fairly exact spots what I needed, they dried quickly and look awesome with a clear gloss top coat spray paint.  I loved that they were double ended and the color selection in the box was amazing!  I am now looking for more things to do to use them because they were so great!"
25550,25550_1,1,涂色与创作 (Coloring & Greeting),成人涂色书,coloring book | adult coloring,B0CX1BD86P,TBC The Best Crafts,5,I’m into adult coloring books & I absolutely do not regret buying these acrylic markers.,I’m into adult coloring books & I absolutely do not regret buying these acrylic markers. This is my first time buying acrylic markers & they did not disappoint. They do not leave streaks or bleed through the paper. The colors are vibrant & bold. Would highly recommend!!!
25566,25566_1,1,表面保护 (Finishing & Protection),亮油/保护喷雾,sealer,B0CX1BD86P,TBC The Best Crafts,5,"I used them with Poska markers and noticed they have a shinier finish but that didn't matter since I put mod podge sealer over it.But I noticed the color smears and fades worse than the Poska ones when sprayed with sealer.I like them anyway.It would probably work better to use them on rocks,wood,paper or canvas.I put them on leather.","I used them with Poska markers and noticed they have a shinier finish but that didn't matter since I put mod podge sealer over it.But I noticed the color smears and fades worse than the Poska ones when sprayed with sealer.I like them anyway.It would probably work better to use them on rocks,wood,paper or canvas.I put them on leather."
25566,25566_1,1,表面保护 (Finishing & Protection),密封胶,mod podge,B0CX1BD86P,TBC The Best Crafts,5,"I used them with Poska markers and noticed they have a shinier finish but that didn't matter since I put mod podge sealer over it.But I noticed the color smears and fades worse than the Poska ones when sprayed with sealer.I like them anyway.It would probably work better to use them on rocks,wood,paper or canvas.I put them on leather.","I used them with Poska markers and noticed they have a shinier finish but that didn't matter since I put mod podge sealer over it.But I noticed the color smears and fades worse than the Poska ones when sprayed with sealer.I like them anyway.It would probably work better to use them on rocks,wood,paper or canvas.I put them on leather."
25575,25575_2,2,勾线与细节 (Detailing & Outlining),铅笔/橡皮,rubber,B0CX1BD86P,TBC The Best Crafts,5,I bought these for coloring rubber ducks and the color stays no running or smudging!!,These work amazingly!! I bought these for coloring rubber ducks and the color stays no running or smudging!! Wish there were more color variety
25594,25594_3,3,纸质媒介 (Paper & Pads),黑卡纸/本,black paper,B0CXJBHDV1,ARTISTRO,4,It took a couple of passes to get a solid white line on black paper.,"Now these are not top of the line paint pens but they are perfect for kids or beginning artists. I found most of the colors to go on nice and saturated besides the white. It took a couple of passes to get a solid white line on black paper. Once the paint started flowing, they worked nice and smooth. The caps snap on very tightly."
25660,25660_1,1,纸质媒介 (Paper & Pads),涂鸦板/卡片,tags,B0CXM7VLXV,Droaful,5,Used to personalize word ornaments into gift tags!,Used to personalize word ornaments into gift tags! Others bled in colors these did not!!
25660,25660_1,1,涂色与创作 (Coloring & Greeting),空白标签,gift tags,B0CXM7VLXV,Droaful,5,Used to personalize word ornaments into gift tags!,Used to personalize word ornaments into gift tags! Others bled in colors these did not!!
25662,25662_2,2,辅助与创意 (Tools & Accessories),贴纸/胶水,decals,B0CXM7VLXV,Droaful,5,I just knew I needed them to redo the decals on my bowling ball.,"I don't know anything about acrylic pens. I just knew I needed them to redo the decals on my bowling ball. And for that purpose, they have served me well. Despite dozens of times wiping the ball off with a microfiber towel, the color stays on those decals."
25662,25662_4,4,辅助与创意 (Tools & Accessories),贴纸/胶水,decals,B0CXM7VLXV,Droaful,5,"Despite dozens of times wiping the ball off with a microfiber towel, the color stays on those decals.","I don't know anything about acrylic pens. I just knew I needed them to redo the decals on my bowling ball. And for that purpose, they have served me well. Despite dozens of times wiping the ball off with a microfiber towel, the color stays on those decals."
25693,25693_2,2,表面保护 (Finishing & Protection),亮油/保护喷雾,sealer,B0CXM7VLXV,Droaful,5,Recommend getting a sealer to spray on art work once completed.,"We used these for a rock painting event and they are great. Recommend getting a sealer to spray on art work once completed. They were easy to use with a fat and thin side of each color, they did not bleed and were vibrant. Wrote in smooth and dried quick."
25766,25766_1,1,纸质媒介 (Paper & Pads),涂鸦板/卡片,tags,B0CXM7VLXV,Droaful,5,I have been making ornaments and it gift tags for Christmas.,I have been making ornaments and it gift tags for Christmas. These acrylic pens are amazing. They ar fun to use and the colors are so vibrant. They are a great value for the money. I highly recommend them to anyone looking for a great set of markers.
25766,25766_1,1,涂色与创作 (Coloring & Greeting),空白标签,gift tags,B0CXM7VLXV,Droaful,5,I have been making ornaments and it gift tags for Christmas.,I have been making ornaments and it gift tags for Christmas. These acrylic pens are amazing. They ar fun to use and the colors are so vibrant. They are a great value for the money. I highly recommend them to anyone looking for a great set of markers.
25883,25883_1,1,勾线与细节 (Detailing & Outlining),铅笔/橡皮,rubber,B0CXM7VLXV,Droaful,5,"I use these to paint my rubber duckies, for the ducky race.","I use these to paint my rubber duckies, for the ducky race.  They turned out perfect!  I can't comment on other medias, but for plastic they worked great!"
25945,25945_1,1,勾线与细节 (Detailing & Outlining),铅笔/橡皮,rubber,B0CYCHWDSF,SRUOLOC,4,Works great on most surfaces but does NOT stick to rubber.,Works great on most surfaces but does NOT stick to rubber.
26003,26003_1,1,纸质媒介 (Paper & Pads),水彩纸/多媒体纸,mixed media paper,B0CYSZ52T4,SRUOLOC,5,I practiced using these paint markers on mixed media paper.,"I practiced using these paint markers on mixed media paper. The colors are vibrant, paint on smoothly and dry quickly.  I’m more familiar with the smaller tip acrylic pens for more detail work but these jumbo size are surprisingly easy to work with and so much fun. They can be used for larger paintings or projects with great coverage."
26024,26024_16,16,纸质媒介 (Paper & Pads),水彩纸/多媒体纸,watercolor paper,B0CYSZ52T4,SRUOLOC,4,I swatched these on a popular cheaper kids marker/watercolor paper &amp;,"I want to start this review off with saying that I appreciate the fact that the instructions are on the back of the box for those who aren't sure how to prep this type of marker. They are made in China, are acid free, &amp; water based. There are 12 different colors with silver &amp; gold included. I had no issues with prep or coloring. These markers perform just as good as popular brands especially with the coverage of the versatile rectangle nib. It can create lines ranging 3mm-15mm...fine, med, &amp; jumbo. It's for covering larger areas mostly but the way the nib was designed it comes to a flat point so that you can use it at a tilt to get a slightly smaller line. I've provided such examples in my swatch photo. They dry pretty quickly, quick enough that my hand didn't smear any of the colors/swatch. I also tested the waterproof statement on the blue color on white paper &amp; the color didn't move at all! So that's a true statement. I swatched these on a popular cheaper kids marker/watercolor paper &amp; there was very little bleeding. I think black was the only color that bled through but it was only where there was more than 1 swipe of the marker. I've used these on white boards, rocks, fabric, shells, glass, plastic, &amp; metal. I can't complain about these at all. I'm pleased with them &amp; the fact that my kiddos can use them. I recommend the SRUOLOC markers for students, crafters, hobbies, or in place of your more expensive markers that you want to save for serious works...but these aren't far from the more expensive brands other than the fact that it's only 1 nib which is why I suggest such. I really like them and they're great for learning if nothing else."
26058,26058_2,2,涂色与创作 (Coloring & Greeting),成人涂色书,coloring book,B0CZ71S27Y,TANMIT,1,"Colors are barely metallic and when using them for example in a coloring book, colors bleed thru the page.","Not impressed. Colors are barely metallic and when using them for example in a coloring book, colors bleed thru the page."
26077,26077_1,1,涂色与创作 (Coloring & Greeting),成人涂色书,coloring book | adult coloring,B0CZ71S27Y,TANMIT,5,I bought 2 of these as gifts for Christmas along with some adult coloring books.,I bought 2 of these as gifts for Christmas along with some adult coloring books. The markers work great. The colors are nice and you get a nice variety! Both recipients loved their markers. I'd definitely buy again.
26084,26084_1,1,涂色与创作 (Coloring & Greeting),成人涂色书,coloring book,B0CZ71S27Y,TANMIT,5,I got my sister a Corona Virus Coloring Book because she contracted the virus and she LOVES these markers!,I got my sister a Corona Virus Coloring Book because she contracted the virus and she LOVES these markers! The colors are very bright and she loves that they have both a thick & thin marker on the same marker.
26093,26093_3,3,勾线与细节 (Detailing & Outlining),铅笔/橡皮,pencil,B0CZ71S27Y,TANMIT,5,I typically use them for highlighting colored pencil and watercolor work (which otherwise tend to be a bit pastelly and washed-out).,Bright colors with a metallic hue.  Double-ended with a thin nib for detail work and a fat nib for coverage.Can write on or paint on pretty much any surface.  I typically use them for highlighting colored pencil and watercolor work (which otherwise tend to be a bit pastelly and washed-out).  These pens give the work a nice punch.Good buy for any artist.
26112,26112_4,4,纸质媒介 (Paper & Pads),黑卡纸/本,black paper,B0CZ71S27Y,TANMIT,4,The pens I received really don't do all that well on standard black paper.,"Opacity is a bit weak IMO. However, I am used to Posca quality paint. These perform fairly well on glossy surfaces, but really fall short absorbent surfaces.  The pens I received really don't do all that well on standard black paper. They do work decent on glossy sealed surfaces, but will probably need sealed if paint needs wear resistance.Unfortunately, that diminishes the luminosity of the paint.Overall: An okay option for kids, doodling, and perhaps crafts. Definitely NOT sufficient for use on fine art."
26136,26136_4,4,表面保护 (Finishing & Protection),亮油/保护喷雾,clear coat,B0CZ71S27Y,TANMIT,5,"They do not bleed, so far I have given them a clear coat and and they are outside and not faded.","I have used these to paint rocks.  I use them to make the first coat down.  Then adding and the colors cover perfectly.  They do not bleed, so far I have given them a clear coat and and they are outside and not faded.  If I didn't like the design I can paint over and start again.  They are bright, metallic and great coverage. then I use fine point Acrylic pen's to do detail."
26158,26158_4,4,纸质媒介 (Paper & Pads),绘本/写生本,sketchbook,B0CZRTD7SR,miikoul,5,i like using wide acrylics to block entire pages in my sketchbook so i burn through them pretty fast and ive gotten pretty picky about them.,"blew me away. for the price i was hoping to like one or two of them. i like pretty much like all of them except the green which just isn’t a shade i would use much. i like using wide acrylics to block entire pages in my sketchbook so i burn through them pretty fast and ive gotten pretty picky about them. and my headline is no lie, i really do prefer these to the poscas which are streaky, rip pages, and runny as all get out. these were almost all thick and even. i think only one was a little runny which is wild.

each posca super wide costs nearly as much as this whole set.

one slight nit pick is that while the nib is the same size as the extra wide poscas the markers are noticeably smaller than the biggest posca. (see picture) but that 15mm nib is thinner as a consequence which makes it much easier to use on details than  the posca."
26192,26192_1,1,涂色与创作 (Coloring & Greeting),成人涂色书,coloring book | adult coloring,B0D1G535M9,TANMIT,5,Used it for my adult coloring books and I’m obsessed..,Used it for my adult coloring books and I’m obsessed.. so many colors to choose from
26211,26211_1,1,涂色与创作 (Coloring & Greeting),成人涂色书,adult coloring,B0D1G535M9,TANMIT,5,My favorite acrylic markers for adult coloring.,My favorite acrylic markers for adult coloring. I purchased several but always come back to these
26213,26213_1,1,涂色与创作 (Coloring & Greeting),成人涂色书,coloring book,B0D1G535M9,TANMIT,5,Using these for my coloring books has been a game changer.,Using these for my coloring books has been a game changer. I enjoy the outcome so much more than markers or color pencils. The colors are great and the matalics give am extra pop when used. I would recommend these for beginners and even more experienced artists. Next project will be to use them on wood.
26240,26240_3,3,表面保护 (Finishing & Protection),亮油/保护喷雾,sealer,B0D2GZ31VC,Coogert,3,Unfortunately you'd have to put a sealer over it because they might as well be dry erase markers,"Why did you pick this product vs others?:<br>The price. I like the colors, and the 2 different sizes of tips. Unfortunately you'd have to put a sealer over it because they might as well be dry erase markers"
26259,26259_13,13,涂色与创作 (Coloring & Greeting),成人涂色书,coloring book,B0D2H4FX9N,Coogert,1,Good for coloring books or something like that only!!,I bought these to paint on wood picture frames I thought it would be easier to do the detail work with the pens.  I used acrylic bottled paint and these for the designs. I painted the frame with white bottled ancrylic and then the design.  After they dried for a couple days I put a coat of polyurethane over them to help preserve them for keepsakes.  The bottled paint was fine but everywhere I used the pens it smeared right away as soon as I brushed it on! I took a paper towel and wiped it right off!!!! Seriously.  Everything I painted just wiped right off!! Only the pen part! Wiped clean and thank goodness didn’t ruin any of the other painting.  I had to repaint all the details with real acrylic and a tiny paint brush.  Using these was a waste or time and money!  Good for coloring books or something like that only!! Paint flows well. Easy to use. Silver and gold are shiny. Colors are alittle muted.  BUT NOT PERMANENT!! So keep that in mind.
26263,26263_1,1,涂色与创作 (Coloring & Greeting),成人涂色书,adult coloring,B0D2H4FX9N,Coogert,5,Perfect for adult coloring.,Perfect for adult coloring.
26330,26330_1,1,表面保护 (Finishing & Protection),亮油/保护喷雾,varnish,B0D2H7QSX2,Coogert,4,id give 5 stars if i could varnish over it.,"id give 5 stars if i could varnish over it. when you go to varnish it, it smears. otherwise i love them. perfect for coloring books"
26330,26330_2,2,表面保护 (Finishing & Protection),亮油/保护喷雾,varnish,B0D2H7QSX2,Coogert,4,"when you go to varnish it, it smears.","id give 5 stars if i could varnish over it. when you go to varnish it, it smears. otherwise i love them. perfect for coloring books"
26330,26330_4,4,涂色与创作 (Coloring & Greeting),成人涂色书,coloring book,B0D2H7QSX2,Coogert,4,perfect for coloring books,"id give 5 stars if i could varnish over it. when you go to varnish it, it smears. otherwise i love them. perfect for coloring books"
26336,26336_3,3,勾线与细节 (Detailing & Outlining),铅笔/橡皮,pencil,B0D2H7QSX2,Coogert,5,Transferred pens to pencil box and this works well.,"I am using these pens on an animal memorial rock garden. Fine point is excellent and our 7-year-old grand handles them with ease.<br> I wish they would have created a better carrier for the pens, but transferred all of the pens to a storage box.<br>Good versatility in use (glass, clothes, rocks, shoes, pumpkins,). Transferred pens to pencil box and this works well."
26339,26339_5,5,勾线与细节 (Detailing & Outlining),铅笔/橡皮,pencil,B0D2H7QSX2,Coogert,4,I purchased a separate pen/pencil case for them that will hold them horizontally as is recommended from the product for how to store them.<br><br>The fine side writes really fine and nice.,"For the price, these are excellent paint pens. They function about how you'd expect - they're lightweight so easy to hold, they have quite vibrant colors, and they will work on many surface types. I'm using them on a light, unstained wood, and I have to use at least two coats of whatever color I'm using. That being said, the end product is going to look really nice.<br><br>The case they come in is not the best, so I would recommend planning for an alternate storage solution. I purchased a separate pen/pencil case for them that will hold them horizontally as is recommended from the product for how to store them.<br><br>The fine side writes really fine and nice. The thicker side is all good. If you go in swirls, you can't really see the strokes. That said, I go side to side because I like the look of strokes because it really screams hand painted. You will need to leave whatever project it is to sit and dry. It's still paint, and as such needs to dry. If you grab it right after, you will get paint on yourself. Thus, if you're getting these for children, I would recommend close supervision. Otherwise, I can see people of most ages really enjoying these for art projects, and especially those who may find it difficult to hold certain brushes or those who don't have storage space for lots of brush types, palettes, etc. Paint pens are a nice alternative.<br><br>You can paint over your mistakes after they've dried. I have tested that because I don't have the steadiest hand, so I make mistakes often. However, I have not tried to correct a lighter color over a darker color. Only dark over light, so be mindful that it's paint. It will bleed or blend together. Would not recommend for single-use/one-day projects. Most projects with these will need multiple days. I could see this being fun for really unique beading designs if you're making household decor, crafts, jewelry, etc."
26361,26361_2,2,涂色与创作 (Coloring & Greeting),成人涂色书,coloring book,B0D2H7QSX2,Coogert,3,Seem great for coloring books.,Bought to do a banner with and they did not show up enough on the banner paper at all. Seem great for coloring books.
26388,26388_2,2,勾线与细节 (Detailing & Outlining),铅笔/橡皮,pencil,B0D2H7QSX2,Coogert,5,"She liked the idea of the thin like pencil, but it’s paint and that he she really likes them.","I purchased them for the reason for my granddaughter because she loves to draw and sketch the color she said is very vibrant. She liked the idea of the thin like pencil, but it’s paint and that he she really likes them. It was worth the money."
26459,26459_3,3,纸质媒介 (Paper & Pads),绘本/写生本,art journal,B0D2H7QSX2,Coogert,5,I highly recommend for rock painting and lettering as well as Art Journals.,The fine point is really helpful  vs trying to paint a fine line. The colors are bright and strong. I highly recommend for rock painting and lettering as well as Art Journals. Love them.
26470,26470_1,1,辅助与创意 (Tools & Accessories),镂空模板,stencils,B0D2H7QSX2,Coogert,5,I ordered these dual tip acrylic paint markers to use with stencils on cloth and paper in child craft projects with my grandchildren (also had success on a plastic bottle) and they are great for making small items and exploring color combinations.,"I ordered these dual tip acrylic paint markers to use with stencils on cloth and paper in child craft projects with my grandchildren (also had success on a plastic bottle) and they are great for making small items and exploring color combinations.  The caps do not all exactly match the paint in each marker, but are close enough.  It would have been nice to have the name printed on the marker as a couple of the caps are very similar, but the paint is distinctly different and the markers will be kept in a drawer, not the box they came in. The paint flows easily from the start using the fine tip or brush tip, dries quickly, does not smear, and washes very easily off skin with soap and water.  Lots of color options and easy for all ages to use."
26480,26480_1,1,表面保护 (Finishing & Protection),亮油/保护喷雾,varnish,B0D2H7QSX2,Coogert,5,"I wish the fine point was a little finer, but it did a nice job and did not smudge when varnish was added.","I wish the fine point was a little finer, but it did a nice job and did not smudge when varnish was added."
26484,26484_4,4,表面保护 (Finishing & Protection),密封胶,sealant,B0D2H7QSX2,Coogert,5,Did not smear or bleed out even with the sealant.,I love this pens! Such great colours ! I used them on rocks and they worked perfectly. Did not smear or bleed out even with the sealant. Highly recommended! And they are cheap !
26498,26498_1,1,纸质媒介 (Paper & Pads),绘本/写生本,sketchbook,B0D2H7QSX2,Coogert,5,Excellent Markers the colors are very vibrant I figured I'd try Easy sketch in my sketchbook And I love the way they work I'm looking forward to doing some really Nice artwork with these Great buy.,Excellent Markers the colors are very vibrant I figured I'd try Easy sketch in my sketchbook And I love the way they work I'm looking forward to doing some really Nice artwork with these Great buy.
26510,26510_5,5,辅助与创意 (Tools & Accessories),镂空模板,stencils,B0D2H7QSX2,Coogert,5,"I bought these markers with stencils on cloth and paper for fun craft projects with my grandchildren (we even tried them on a plastic bottle!), and they are perfect for making small items and trying out different color combinations.","Wow, I can't believe how unique these markers are! Unlike other markers with a ""brush"" tip with very light colors, these markers have fantastic, rich colors and aren't watered down. This set of 30 acrylic markers has dual tips: a brush tip on one end and a fine tip on the other. They work so well, with vibrant colors and smooth paint flow, and they're super easy to use. I bought these markers with stencils on cloth and paper for fun craft projects with my grandchildren (we even tried them on a plastic bottle!), and they are perfect for making small items and trying out different color combinations. Even though the caps don't exactly match the paint in the markers, they're close enough. It would have been better if the name was printed on the marker, as some of the caps look very similar, but the paint colors are quite different. I plan to keep the markers in a drawer instead of the box they came in. The paint flows easily from the fine brush tips, dries quickly, doesn't smear, and washes off the skin easily with soap and water. There are many color options, and these markers are suitable for all ages!"
26595,26595_5,5,纸质媒介 (Paper & Pads),黑卡纸/本,black paper,B0D2H7QSX2,Coogert,4,The numbers with the little white arrows on the black paper are of colors that are not very opaque or you can't tell what color it is.,"Brush and buttlet tip.These markers don't need priming. They layer well. They are a bit streaky but as I mentioned you can layer them. You will have to apply 2  to 3 coats to get a solid color of some markers. The numbers with the little white arrows on the black paper are of colors that are not very opaque or you can't tell what color it is. On the bottom right of the black paper I placed a 3 color Swatch on plastic. Not bad but if you are doing art in non porous surface you MUST use a sealant or it will scratchoff. And if you are looking for acrylic markers that don't break the bank, these are it. If you like journaling you can use these they don't bleed thru on Exceed journals, iroful paper or tomoe river sakae paper you will have ghosting on onion skin paper but NO bleed thru🤔"
26595,26595_6,6,纸质媒介 (Paper & Pads),黑卡纸/本,black paper,B0D2H7QSX2,Coogert,4,On the bottom right of the black paper I placed a 3 color Swatch on plastic.,"Brush and buttlet tip.These markers don't need priming. They layer well. They are a bit streaky but as I mentioned you can layer them. You will have to apply 2  to 3 coats to get a solid color of some markers. The numbers with the little white arrows on the black paper are of colors that are not very opaque or you can't tell what color it is. On the bottom right of the black paper I placed a 3 color Swatch on plastic. Not bad but if you are doing art in non porous surface you MUST use a sealant or it will scratchoff. And if you are looking for acrylic markers that don't break the bank, these are it. If you like journaling you can use these they don't bleed thru on Exceed journals, iroful paper or tomoe river sakae paper you will have ghosting on onion skin paper but NO bleed thru🤔"
26595,26595_7,7,表面保护 (Finishing & Protection),密封胶,sealant,B0D2H7QSX2,Coogert,4,Not bad but if you are doing art in non porous surface you MUST use a sealant or it will scratchoff.,"Brush and buttlet tip.These markers don't need priming. They layer well. They are a bit streaky but as I mentioned you can layer them. You will have to apply 2  to 3 coats to get a solid color of some markers. The numbers with the little white arrows on the black paper are of colors that are not very opaque or you can't tell what color it is. On the bottom right of the black paper I placed a 3 color Swatch on plastic. Not bad but if you are doing art in non porous surface you MUST use a sealant or it will scratchoff. And if you are looking for acrylic markers that don't break the bank, these are it. If you like journaling you can use these they don't bleed thru on Exceed journals, iroful paper or tomoe river sakae paper you will have ghosting on onion skin paper but NO bleed thru🤔"
26644,26644_1,1,纸质媒介 (Paper & Pads),黑卡纸/本,black paper,B0D2H7QSX2,Coogert,5,Especially Great on black paper!Love them!,Especially Great on black paper!Love them! Goes on opaque and rarely needs a 2nd coat.
26665,26665_6,6,表面保护 (Finishing & Protection),亮油/保护喷雾,clear coat,B0D2H7QSX2,Coogert,5,"I haven't had any issues the paint peeling off yet but I usually apply a clear coat once I'm done.All in all, I think it's a good value for what you get.","Exactly what I was looking for. I build model cars and I have been searching for acrylic paint markers for small details. After doing some searching, I settled on these based on the reviews I read.I really like the color choices available. I only use a few of them so the rest are just a waste. I would love to be able to purchase a smaller pack of certain colors.The paint sticks to primed plastic parts and unprimed parts. I haven't had any issues the paint peeling off yet but I usually apply a clear coat once I'm done.All in all, I think it's a good value for what you get."
26756,26756_5,5,辅助与创意 (Tools & Accessories),便携笔袋/盒,carrying case,B0D2H7QSX2,Coogert,5,"Would be nice if they came in a carrying case but for $18, I can't fault them too much for this.","This is my first set of acrylic markers and I am very happy with them. There is such a nice variety of colors. I love that they have two style of tips. The ink flows out nicely -- not too much or too little. Would be nice if they came in a carrying case but for $18, I can't fault them too much for this. Good value for 30 markers. I would recommend this set."
26775,26775_1,1,涂色与创作 (Coloring & Greeting),成人涂色书,coloring book,B0D2H7QSX2,Coogert,5,I love them I just hope hope hope they work for the Disney mystery coloring books that y I got em,I love them I just hope hope hope they work for the  Disney mystery coloring books that y I got em
26808,26808_4,4,纸质媒介 (Paper & Pads),黑卡纸/本,black paper,B0D2TP79XW,TRANSON,5,"Great on white, gray or black paper.","I have been looking for an opaque white brush tip marker and I finally found these! Good value. I got six: three white and three black ones. Great on white, gray or black paper."
26811,26811_2,2,涂色与创作 (Coloring & Greeting),成人涂色书,coloring book,B0D35S9WYT,ARTISTRO,5,They work in the coloring book crosswords.,The pens are great. They work in the coloring book crosswords. Awesome seller and the pricing is really great. Thank you.
26853,26853_2,2,纸质媒介 (Paper & Pads),涂鸦板/卡片,tags,B0D35V3HNF,ARTISTRO,2,Thus I am still looking for a product that will withstand ultraviolet rays on garden tags more than 10 weeks.,I returned these when I saw that they would not stand up to our Virginia sunshine (even though  I did not use them). Thus I am still looking for a product that will withstand ultraviolet rays on garden tags more than 10 weeks.
26856,26856_1,1,勾线与细节 (Detailing & Outlining),铅笔/橡皮,rubber,B0D35V3HNF,ARTISTRO,5,It covered up the former white rubber heels on my shoes beautifully.,"It covered up the former white rubber heels on my shoes beautifully.  I didn't quite let them dry 24 hours, so I had to do a little touchup after wearing them"
26903,26903_7,7,辅助与创意 (Tools & Accessories),便携笔袋/盒,carrying case,B0D471YK2F,Oficrafted,5,"Or, moreover the set doesn't come with replacement nibs for the pens, so these are disposable.NOTE: These are not loaded with a ball to mix the paint inside the pen, so you do have to shake them very well before use or you're going to get a thinned out color.The carrying case is a true value and is a working organizer/palette.","This is a good paint marker set to have on hand for creative moods. 80 colors, and they're well arranged in a way that you can get some really nice tonal variations to make your work pop. The tips are medium felt bullets and they have a durable feel with a medium amount of give. 6I like the medium bullet tips but they're a little on the large side for fine detail work, but I won't complain about that. I feel like this set is good for larger pieces, meaning that if you work on a larger scale I don't think you're going to notice that you don't have those fine tips for extra small details. If you do have some brush tips, or some fine tipped acrylic markers, this might make a really good set to pair them with.The pen bodies are sealed and not refillable, and the pen nibs don't appear to be replaceable either. Or, moreover the set doesn't come with replacement nibs for the pens, so these are disposable.NOTE: These are not loaded with a ball to mix the paint inside the pen, so you do have to shake them  very well before use or you're going to get a thinned out color.The carrying case is a true value and is a working organizer/palette. It is a quad-fold organizer about the size of a shoe box in area... So, it is a fairly large case but it is holding 80 PENS! I'm still very satisfied with the sheer quantity of luxury acrylic markers you get in this set.  The organizer is made of a durable, water-resistant nylon material and the pages are sewn of the same material. The zipper on the case is extremely well made and is also durable. This case is fitted with a carrying strap. Very good case should definitely outlast the markers and is REUSABLE.My opinion of the marker puts them high up on my charts as a well made and highly usable artist's toolI particularly like the variations of color in the set. The quality is appropriate and even though you could probably find better markers, I don't think you're going to find a set of this value.I definitely suggest this item to anyone, and I think it would make an excellent gift idea."
26904,26904_7,7,勾线与细节 (Detailing & Outlining),铅笔/橡皮,rubber,B0D471YK2F,Oficrafted,3,I eventually had to get a rubber gripper that is used to remove jar lids.,"This set of 80 acrylic paint pens earns a mixed review.  The pens are neatly packaged in a sturdy and organized zipper case.  This makes storing the pens horizontally easy and ensures your art area is not messy.  I laid out the case and took a piece of pre-cut 4X6-inch white cardstock.  I attempted to start drawing with the black pen.  I couldn’t get the cap off the paint pen.  I eventually had to get a rubber gripper that is used to remove jar lids.  I got into a rhythm and was soon able to remove the tops off the sample pens I tried as I drew my drawing.  I needed to twist and pull using the rubber gripping pad.  If you have arthritis, you may have to work around the fact that the tops are incredibly difficult to get off the paint pens.I started with the black pen, creating a basic drawing to fill in with different colors.  First, I used traditional paint markers to fill in the petals of the flowers.  Then, I used several metallic markers to fill in the flower center and leaves.  Finally, I touched up the black ink and attempted to do some detail work.  I colored the four blue corners last.  The three white dots in those corners took three coats with the white acrylic paint marker.  In contrast, the whitish/grey coloring on the stems is one coat with the white marker (see photograph).The paint pens dry fairly quickly.  I got several paint spots on my hands, which I cleaned with a scrub brush, warm water, and hand soap.  The black pen easily covered minimal mistakes made while coloring the petals and center.  I had to use a light touch, or the nib would wear away my paper. I used a metallic pen to color the center of the flowers. The paint flow was too heavy and made a mess when I opened it.  Eventually, that particular marker’s paint flow slowed, and I could continue to use it.I decided to test whether these paint pens are waterproof and quick-drying.  I waited fifteen minutes after I was done with the drawing.  I wetted down a paper towel with three squirts of water and dragged it two times across the right-hand side of the drawing.  The ink did not smear on the paper but lifted off and covered my paper towel (see photograph).  I have concerns about using these paint pens on anything exposed to water.  Paint from both the regular and metallic pens was present on the paper towel.On another 4X6-inch piece of cardstock, I used two colors to write letters, numbers, and common words  (see photograph).  As you can see, the medium-sized nibs make detailed drawing and writing difficult.  The manufacturer does not hide this; few examples of tiny writing or detailing are on the product description page.  Additional acrylic pens to finish your artwork may be necessary, depending on what you are creating.This paint pen set is much better than others I have tried, but it misses the mark with caps that can’t be easily removed and paint that is not waterproof.  Even with that in mind, I believe this is still a good value for 80-paint pens.  This set may work for you if you are a doodler and want to have fun.  However, if you are serious about your art, you may need to look elsewhere to be completely satisfied."
26904,26904_9,9,勾线与细节 (Detailing & Outlining),铅笔/橡皮,rubber,B0D471YK2F,Oficrafted,3,I needed to twist and pull using the rubber gripping pad.,"This set of 80 acrylic paint pens earns a mixed review.  The pens are neatly packaged in a sturdy and organized zipper case.  This makes storing the pens horizontally easy and ensures your art area is not messy.  I laid out the case and took a piece of pre-cut 4X6-inch white cardstock.  I attempted to start drawing with the black pen.  I couldn’t get the cap off the paint pen.  I eventually had to get a rubber gripper that is used to remove jar lids.  I got into a rhythm and was soon able to remove the tops off the sample pens I tried as I drew my drawing.  I needed to twist and pull using the rubber gripping pad.  If you have arthritis, you may have to work around the fact that the tops are incredibly difficult to get off the paint pens.I started with the black pen, creating a basic drawing to fill in with different colors.  First, I used traditional paint markers to fill in the petals of the flowers.  Then, I used several metallic markers to fill in the flower center and leaves.  Finally, I touched up the black ink and attempted to do some detail work.  I colored the four blue corners last.  The three white dots in those corners took three coats with the white acrylic paint marker.  In contrast, the whitish/grey coloring on the stems is one coat with the white marker (see photograph).The paint pens dry fairly quickly.  I got several paint spots on my hands, which I cleaned with a scrub brush, warm water, and hand soap.  The black pen easily covered minimal mistakes made while coloring the petals and center.  I had to use a light touch, or the nib would wear away my paper. I used a metallic pen to color the center of the flowers. The paint flow was too heavy and made a mess when I opened it.  Eventually, that particular marker’s paint flow slowed, and I could continue to use it.I decided to test whether these paint pens are waterproof and quick-drying.  I waited fifteen minutes after I was done with the drawing.  I wetted down a paper towel with three squirts of water and dragged it two times across the right-hand side of the drawing.  The ink did not smear on the paper but lifted off and covered my paper towel (see photograph).  I have concerns about using these paint pens on anything exposed to water.  Paint from both the regular and metallic pens was present on the paper towel.On another 4X6-inch piece of cardstock, I used two colors to write letters, numbers, and common words  (see photograph).  As you can see, the medium-sized nibs make detailed drawing and writing difficult.  The manufacturer does not hide this; few examples of tiny writing or detailing are on the product description page.  Additional acrylic pens to finish your artwork may be necessary, depending on what you are creating.This paint pen set is much better than others I have tried, but it misses the mark with caps that can’t be easily removed and paint that is not waterproof.  Even with that in mind, I believe this is still a good value for 80-paint pens.  This set may work for you if you are a doodler and want to have fun.  However, if you are serious about your art, you may need to look elsewhere to be completely satisfied."
26906,26906_4,4,辅助与创意 (Tools & Accessories),便携笔袋/盒,carrying case,B0D471YK2F,Oficrafted,5,They are easy to use and the carrying case make them easy to take with you if needed.,"These paint pens have pretty much color you can ask for. They are a great addition to any craft room. They can be used to decorate a variety of small things including glass, wood, plastic and even rocks! They are easy to use and the carrying case make them easy to take with you if needed."
26922,26922_1,1,辅助与创意 (Tools & Accessories),镂空模板,stencils,B0D4DV1CT5,Droaful,5,Used these and some stencils I bought to start decorating my kitchen cabinets and they work great!,"Used these and some stencils I bought to start decorating my kitchen cabinets and they work great! The color quality is great, the tips keep their shape even under hard pressure, and so far all the colors I’ve used have plenty of ink left. I’ll end up buying some sort of sealant later just to keep them safe in the long run, but they don’t even chip if I scratch them!"
26922,26922_3,3,表面保护 (Finishing & Protection),密封胶,sealant,B0D4DV1CT5,Droaful,5,"I’ll end up buying some sort of sealant later just to keep them safe in the long run, but they don’t even chip if I scratch them!","Used these and some stencils I bought to start decorating my kitchen cabinets and they work great! The color quality is great, the tips keep their shape even under hard pressure, and so far all the colors I’ve used have plenty of ink left. I’ll end up buying some sort of sealant later just to keep them safe in the long run, but they don’t even chip if I scratch them!"
26951,26951_9,9,辅助与创意 (Tools & Accessories),便携笔袋/盒,holder,B0D5Y4B2CC,Amamao,3,The colors go on smoothly and gice good coverage.For the price these are fine.If I would have realized I would have purchased a bigger pack that had fine tip of same color on one side and the paint brush on the other.If I were to buy a 2 color system like I have I would want a clear bottom holder so I could see what the 2ndary color is without having to pull them all out.The other thing I like is some of the colors have a metallic to them.,"I have mixed feelings on these.  I might have grabbed the wrong ones. I thought these were paint and fine tip. They are a fine tip paint.  And there are different colors on each side.There are not really true colors.  I dont have a real red. I dont have a real green.My reds look pinkish or orangish and my greens look like varying shades of teal.You have to pull them out of the box to see the opposite color, the colors listed on the back are not really helpful.What i love is they do not bleed thru the paper. The deer picture is front and back shawing how it does not bleed thru.  The colors go on smoothly and gice good coverage.For the price these are fine.If I would have realized I would have purchased a bigger pack that had fine tip of same color on one side and the paint brush on the other.If I were to buy a 2 color system like I have I would want a clear bottom holder so I could see what the 2ndary color is without having to pull them all out.The other thing I like is some of the colors have a metallic to them.  There are 20 of those."
26974,26974_1,1,涂色与创作 (Coloring & Greeting),成人涂色书,coloring book,B0D5Y4B2CC,Amamao,4,"I haven't used these yet for my artwork,but I swatched them and so far they are really nice..they are smooth to draw with,and none of them were scratchy..and none of them were dried out which to me is a big plus..I liked how with these you don't have to prime them before using(constantly pressing the nib up and down until you get a flow of paint) that to me is another big plus..there seems to be a variety of colors which I like..I think I might try these on a coloring page after I've primed the page..I'm going to try a technique I saw on YouTube using gesso to prep a coloring book page for painting,we will see how that goes..but so far I really like these paint pens","I haven't used these yet for my artwork,but I swatched them and so far they are really nice..they are smooth  to draw with,and none of them were scratchy..and none of them were dried out which to me is a big plus..I liked how with these you don't have to prime them before using(constantly pressing the nib up and down until you get a flow of paint) that to me is another big plus..there seems to be a variety of colors which I like..I think I might try these on a coloring page after I've primed the page..I'm going to try a technique I saw on YouTube using gesso to prep a coloring book page for painting,we will see how that goes..but so far I really like these paint pens"
27011,27011_1,1,辅助与创意 (Tools & Accessories),便携笔袋/盒,holder,B0D6R954YT,Arrtx,4,"Unfortunately, my particular box of markers contained two of T329 and missing T333, which I didn't notice until I was in the process of testing them and transferring to a new holder.","Unfortunately, my particular box of markers contained two of T329 and missing T333, which I didn't notice until I was in the process of testing them and transferring to a new holder. I was only given the option to request a return and replacement and ultimately decided against it since I had already started using them. I have my concerns about the delicacy and endurance of the marker nibs. I probably will not use them on anything rougher than cardstock and I'm not sure they would hold up against use on wood or stone unless they are extremely smooth or polished surfaces, but I will admit that I did not attempt this.With that being said, these have to be the best quality acrylic markers I have yet to use. They went on my cardstock paper consistently, smoothly and the colors are still vibrant after drying with no clumping, bumps or bubbles. The paint seems to take other mediums layered over the top well, such as outlining markers. The individual marker caps click to indicate they are closed in a very satisfying way, feeling secure but not overly difficult to open. While not a functional part of the markers, I also really enjoy the clear section where you can see the paint inside.While I am a little disappointed by the missing color from my order, I still would consider purchasing these markers again."
27022,27022_2,2,纸质媒介 (Paper & Pads),绘本/写生本,sketchbook,B0D6R954YT,Arrtx,5,I am excited to start using them in my sketchbook,The colour pay off is amazing. I am excited to start using them in my sketchbook
27027,27027_4,4,纸质媒介 (Paper & Pads),黑卡纸/本,black paper,B0D6R954YT,Arrtx,5,I painted small squares of each color with only one coast of paint on both white and black papers and have attached a picture to this review.,"I have tried about half a dozen brands of acrylic brush markers and these are among the very best.  I like the selection of colors (I got the set of 36) and have tried them all.  All the colors have good to excellent coverage.  I painted small squares of each color with only one coast of paint on both white and black papers and have attached a picture to this review.  As you can see, the colors with only once rapid coat covers completely (the white spots in some of the colors are only because I missed; I did not want to go back and fill in those spots because then I would create a second coat in some areas).  The coverage for black is very good considering how thin the acrylic ink is for one coat.  If you go over the paint a second time the colors are as vibrant as the ones painted on white paper.  I do wish there were names on the colors, but I guess names are just names and the best way to determine which color you want is to base your selection on the paint brush itself.  The covers on the pens are very close to the actual color but not quite exact; I recommend looking at the nib.  I will be using these pens often."
27029,27029_1,1,纸质媒介 (Paper & Pads),水彩纸/多媒体纸,mixed media paper,B0D6R954YT,Arrtx,5,They swatched out nicely on heavy mixed media paper.,"They swatched out nicely on heavy mixed media paper. For the most part, the colors actually do match the caps. I’m not a calligrapher, but the tips seem to have good spring to them. I painted a square of the black pen, when it was dry, I drew a swath of the white over it with light pressure. Excellent near total coverage in just one swipe."
27033,27033_10,10,辅助与创意 (Tools & Accessories),贴纸/胶水,stickers,B0D6YF4PY9,Pagather,4,They are easy to layer overtop of each other so if you make a mistake it’s easy to fix and they’re vibrant.I like that the kit comes with extra felt tips and number stickers so the box can stay organized.,This is my first experience using / buying acrylic markers like these. I’m really impressed overall with the amount of colors you get for the low price. Normal professional markers are more than triple the price for a third of the amount. The darker colors are more opaque and some of the colors were already a bit dried out. But that’s not a deal breaker for me. I like the dual tip as well. This set also comes with twelve iridescent markers that are very opaque. The gold is literally liquid gold. I did my first drawing of this turtle and I’m really happy overall. They are easy to layer overtop of each other so if you make a mistake it’s easy to fix and they’re vibrant.I like that the kit comes with extra felt tips and number stickers so the box can stay organized. I did do four stars just because some of the colors were already not usable straight out of the box.
27046,27046_8,8,辅助与创意 (Tools & Accessories),贴纸/胶水,stickers,B0D6YF4PY9,Pagather,3,"Tonight, while putting the stickers on, I noticed the brush colors and the fine tip colors are not matching on the markers.","I’m giving them 3 stars. The 72 pack is great! Everything works and they look amazing! I loved them so much I bought the 120 pack, and that’s been a nightmare. The first box arrived and it had clearly been used. Markers were leaking and there was actual hair inside the box. I returned them and had them exchanged for the exact same thing. Tonight, while putting the stickers on, I noticed the brush colors and the fine tip colors are not matching on the markers. Also, the majority of the fine tips are all dried out! $50 for markers that don’t work!So if you’re getting them, just get the 72 pack. And have scotch tape handy, cause the number stickers don’t stay on."
27046,27046_11,11,辅助与创意 (Tools & Accessories),贴纸/胶水,stickers,B0D6YF4PY9,Pagather,3,"And have scotch tape handy, cause the number stickers don’t stay on.","I’m giving them 3 stars. The 72 pack is great! Everything works and they look amazing! I loved them so much I bought the 120 pack, and that’s been a nightmare. The first box arrived and it had clearly been used. Markers were leaking and there was actual hair inside the box. I returned them and had them exchanged for the exact same thing. Tonight, while putting the stickers on, I noticed the brush colors and the fine tip colors are not matching on the markers. Also, the majority of the fine tips are all dried out! $50 for markers that don’t work!So if you’re getting them, just get the 72 pack. And have scotch tape handy, cause the number stickers don’t stay on."
27047,27047_6,6,辅助与创意 (Tools & Accessories),贴纸/胶水,stickers,B0D6YF4PY9,Pagather,5,I just wish the markers were already numbered because the little stickers fall off very easily.,I LOVE THESE MARKERS! A great value for the quality and price. So many colors! I have been inspired to start drawing/painting again. Experimenting with different blending techniques. I just wish the markers were already numbered because the little stickers fall off very easily. I ended up marking the numbers with the white pen. Worked somewhat but starting to wear off of some of them because I can’t stop using them.
27049,27049_7,7,辅助与创意 (Tools & Accessories),贴纸/胶水,stickers,B0D6YF4PY9,Pagather,3,"Based on reviews I expected a much better product but these just proved to be a big disappointment.On a positive note I love the box they're packaged in, the stickers, and the color chart they send for you to paint so you can refer to it for the actual colors.","You would think that with so many red shades that you would get at least one actual red paint marker, but nope. Unfortunately the metallic colors aren't a good enough variety either. They're too similar and could use better options. Another disappointment is that they don't cover other paint colors very well and you have to use multiple layers for the colors to be solid. Also, none of the colors match the lids and the brush side is a completely different color than the fine side. So if you intend on using the fine side to outline be prepared for them to be different colors, if even matching at all. Based on reviews I expected a much better product but these just proved to be a big disappointment.On a positive note I love the box they're packaged in, the stickers, and the color chart they send for you to paint so you can refer to it for the actual colors."
27053,27053_3,3,辅助与创意 (Tools & Accessories),贴纸/胶水,stickers,B0D6YF4PY9,Pagather,2,It comes with stickers one through one hundred and twenty.,The markers have no number or color name.  Nothing to identify which color you are using. It comes with stickers one through one hundred and twenty. But the company is too cheap to actually print the markers with a number or a name. Their name is big and bold. But they can't identify one marker from the other. Very cheap.
27072,27072_8,8,涂色与创作 (Coloring & Greeting),成人涂色书,coloring book,B0D6YF4PY9,Pagather,4,They’re great for coloring books,"Overall great value, I liked how they didn’t need shaking or pressing and don’t flood out the tip. The information sheet and swatch card it came with was a nice inclusion. However, some of the different sides of the markers are pretty distinctly different colors. my picture shows the brush tip side swatch and a fine tip line on the right side of each bubble. this seems to be a reoccurring problem from other reviews, and it can be kind of annoying. I found some of the brush tip sides to be lacking a bit in pigment. But, they draw very nicely on paper and don’t pill it like my posca’s do sometimes! They’re great for coloring books"
27077,27077_8,8,辅助与创意 (Tools & Accessories),贴纸/胶水,stickers,B0D6YF4PY9,Pagather,4,Set comes with color chart and numbered label stickers that you stick on to the markers yourself and a few replacement tips.,"Decent quality for the price. There is a nice range of shades including 24 metallics. The set doesn’t  come with some of the basic colors that I was hoping for like a standard red, orange, yellow, and brown. I did a one coat test comparison of these next to my Sharpie creative markers and my opinion is that the paint doesn’t come on as thick on these vs sharpie. I tested the markers on regular sketch paper, water color, glass and a metal tumbler. Markers performed the best on glass surface. This is a great starter, good value and definitely gets the job done. Set comes with color chart and numbered label stickers that you stick on to the markers yourself and a few replacement tips. I recommend this set to anyone looking to learn before investing in a pricer pro brand like liquitex or Arteza."
27090,27090_2,2,涂色与创作 (Coloring & Greeting),成人涂色书,coloring book,B0D6YF4PY9,Pagather,5,I liked the small nib size for small spaces to color in coloring books.,All the pens worked beautifully. I liked the small nib size for small spaces to color in coloring books. Time will only tell if the pens last and do not dry up. I would definitely purchase them again.
27109,27109_8,8,辅助与创意 (Tools & Accessories),贴纸/胶水,stickers,B0D6YFT1GJ,Pagather,4,"They supply numbered stickers so you can chart them on their board, they supply as well and so you can reference them as you want.","First these markers are AMAZING!! They are super smooth and dry super fast. I bough the 120 count as I love having a variety of colors and boy I wasn't disappointed! The markers are not flimsy in my hands, they're pretty solid. The overall look of the case and markers look like they could be high end. Overall really happy and in love with my new markers. Now onto the less 1 star review. They supply numbered stickers so you can chart them on their board, they supply as well and so you can reference them as you want. But (and. I know it's a small thing) but the stickers don't stick very well and kept coming off. Not only did I spend time putting the stickers on but than I put clear tape over the stickers to wrap the individual markers just so they will stay on. Over time of taking the markers out there is no way that I wouldn't lose the stickers off the markers and than try to double check on a separate sheet of paper just to match my chart. So if you get these markers my suggestion is to do what I did and put some clear tape on the sticker wherever you decide to place them."
27109,27109_10,10,辅助与创意 (Tools & Accessories),贴纸/胶水,stickers,B0D6YFT1GJ,Pagather,4,I know it's a small thing) but the stickers don't stick very well and kept coming off.,"First these markers are AMAZING!! They are super smooth and dry super fast. I bough the 120 count as I love having a variety of colors and boy I wasn't disappointed! The markers are not flimsy in my hands, they're pretty solid. The overall look of the case and markers look like they could be high end. Overall really happy and in love with my new markers. Now onto the less 1 star review. They supply numbered stickers so you can chart them on their board, they supply as well and so you can reference them as you want. But (and. I know it's a small thing) but the stickers don't stick very well and kept coming off. Not only did I spend time putting the stickers on but than I put clear tape over the stickers to wrap the individual markers just so they will stay on. Over time of taking the markers out there is no way that I wouldn't lose the stickers off the markers and than try to double check on a separate sheet of paper just to match my chart. So if you get these markers my suggestion is to do what I did and put some clear tape on the sticker wherever you decide to place them."
27109,27109_11,11,辅助与创意 (Tools & Accessories),贴纸/胶水,stickers,B0D6YFT1GJ,Pagather,4,Not only did I spend time putting the stickers on but than I put clear tape over the stickers to wrap the individual markers just so they will stay on.,"First these markers are AMAZING!! They are super smooth and dry super fast. I bough the 120 count as I love having a variety of colors and boy I wasn't disappointed! The markers are not flimsy in my hands, they're pretty solid. The overall look of the case and markers look like they could be high end. Overall really happy and in love with my new markers. Now onto the less 1 star review. They supply numbered stickers so you can chart them on their board, they supply as well and so you can reference them as you want. But (and. I know it's a small thing) but the stickers don't stick very well and kept coming off. Not only did I spend time putting the stickers on but than I put clear tape over the stickers to wrap the individual markers just so they will stay on. Over time of taking the markers out there is no way that I wouldn't lose the stickers off the markers and than try to double check on a separate sheet of paper just to match my chart. So if you get these markers my suggestion is to do what I did and put some clear tape on the sticker wherever you decide to place them."
27109,27109_12,12,辅助与创意 (Tools & Accessories),贴纸/胶水,stickers,B0D6YFT1GJ,Pagather,4,Over time of taking the markers out there is no way that I wouldn't lose the stickers off the markers and than try to double check on a separate sheet of paper just to match my chart.,"First these markers are AMAZING!! They are super smooth and dry super fast. I bough the 120 count as I love having a variety of colors and boy I wasn't disappointed! The markers are not flimsy in my hands, they're pretty solid. The overall look of the case and markers look like they could be high end. Overall really happy and in love with my new markers. Now onto the less 1 star review. They supply numbered stickers so you can chart them on their board, they supply as well and so you can reference them as you want. But (and. I know it's a small thing) but the stickers don't stick very well and kept coming off. Not only did I spend time putting the stickers on but than I put clear tape over the stickers to wrap the individual markers just so they will stay on. Over time of taking the markers out there is no way that I wouldn't lose the stickers off the markers and than try to double check on a separate sheet of paper just to match my chart. So if you get these markers my suggestion is to do what I did and put some clear tape on the sticker wherever you decide to place them."
27110,27110_2,2,辅助与创意 (Tools & Accessories),便携笔袋/盒,carrying case,B0D6YFT1GJ,Pagather,5,I love my markers and the carrying case and color coded chart are just added bonuses!,These are fantastic and even come with replacement tips and say they will replace markers if u need them. I love my markers and the carrying case and color coded chart are just added bonuses!
27114,27114_9,9,辅助与创意 (Tools & Accessories),贴纸/胶水,stickers,B0D6YFT1GJ,Pagather,3,"Yes, you gwt tiny stickers to put on with numbers but i cant even get the sticker off the sheet!","Eh its ok. There are some really light colors that dont show up too well. The thin side of the markers are a different color than the brush side. They are not fully opaque and although you can layer them, that doesnt really help. Some thin markers bleed when you color something while others don't. They dry matte which I like and dont come through the other side of any paper. They do have a ""medium"" drying time compared to other markers i have. I hate that they are not numbered or named because i do a lot of color by numbers and its frustrating to figure that out. Yes, you gwt tiny stickers to put on with numbers but i cant even get the sticker off the sheet! They all rip instead of coming off! All in all, with how many colors you get and the price of them, its a decent value. I've only had them for maybe 2 weeks so I can't speak to durability yet. Guess we will see. (In my picture, the black is the markers, the colors are a gel pen)."
27115,27115_3,3,辅助与创意 (Tools & Accessories),贴纸/胶水,stickers,B0D6YFT1GJ,Pagather,5,"The only complaint I have is that the numbers for the markers come on a separate sheet and you’re supposed to stick them on the markers in your preferred order (great idea!), but the stickers won’t stick to the caps or the marker barrel without coming up at the sides.<br><br>Otherwise, I’m SO excited to use these markers for my projects!","So much thought and care was put into this set, and it shows! The colors are vibrant, the metallics are excellent, both nibs are just flexible enough, and I can’t get over the cute “After-Sales Service” piece of paper that came with the set. The only complaint I have is that the numbers for the markers come on a separate sheet and you’re supposed to stick them on the markers in your preferred order (great idea!), but the stickers won’t stick to the caps or the marker barrel without coming up at the sides.<br><br>Otherwise, I’m SO excited to use these markers for my projects!"
27119,27119_1,1,辅助与创意 (Tools & Accessories),贴纸/胶水,stickers,B0D6YFT1GJ,Pagather,3,"Lovely colors, but there’s many missing from this rainbow pack, for example : very poor selection of browns and grays!<br>The “nub” on the caps makes it extremely difficult to remove the marker from the elastic strap!<br>The color chart is nice, but the coordinating stickers are trash.","Lovely colors, but there’s many missing from this rainbow pack, for example : very poor selection of browns and grays!<br>The “nub” on the caps makes it extremely difficult to remove the marker from the elastic strap!<br>The color chart is nice, but the  coordinating stickers are trash. They didn’t stick on at all! Great case overall."
27146,27146_10,10,辅助与创意 (Tools & Accessories),贴纸/胶水,stickers,B0D6YFT1GJ,Pagather,5,"The only CON is the small stickers included, used to number each pen and to correspond with the included color sheet that you color yourself.","I have some basic cheaper markers, but was so glad I invested in these! I am using these along with dotting paint for book marks, rocks, etc. Where do I start on what I love.. The flow and coverage is excellent, and the brush tip can do the tiniest lines and dots. So easy to use as well. The color selection in the 120 set allows many color combinations, such as shading, increasing color graduations as well. The tote the markers came in is very organized and I can bring the with me wherever I want. I appreciate the extra tips included.  According to the instruction sheet included, their warranty is outstanding. The only CON is the small stickers included, used to number each pen and to correspond with the included color sheet that you color yourself. The stickers would not release and I resorted to a black sharpie to number the pens. The included color sheet is an Awesome item! Really helps identifying the actual colors, and truly aids in my color selections. Even if your not a serious painter, color artist, etc. I can't recommend these enough, because if you buy the basic set, you'll end up wanting the full color pallet! Thank you!"
27146,27146_11,11,辅助与创意 (Tools & Accessories),贴纸/胶水,stickers,B0D6YFT1GJ,Pagather,5,The stickers would not release and I resorted to a black sharpie to number the pens.,"I have some basic cheaper markers, but was so glad I invested in these! I am using these along with dotting paint for book marks, rocks, etc. Where do I start on what I love.. The flow and coverage is excellent, and the brush tip can do the tiniest lines and dots. So easy to use as well. The color selection in the 120 set allows many color combinations, such as shading, increasing color graduations as well. The tote the markers came in is very organized and I can bring the with me wherever I want. I appreciate the extra tips included.  According to the instruction sheet included, their warranty is outstanding. The only CON is the small stickers included, used to number each pen and to correspond with the included color sheet that you color yourself. The stickers would not release and I resorted to a black sharpie to number the pens. The included color sheet is an Awesome item! Really helps identifying the actual colors, and truly aids in my color selections. Even if your not a serious painter, color artist, etc. I can't recommend these enough, because if you buy the basic set, you'll end up wanting the full color pallet! Thank you!"
27148,27148_3,3,辅助与创意 (Tools & Accessories),贴纸/胶水,stickers,B0D6YFT1GJ,Pagather,5,numbered stickers for organization.,"Great quality, and it includes helpful information cards, as well as replacement tips! It even has a color guide &amp; numbered stickers for organization. The case is excellent quality and i feel very lucky with such an assortment of color choices! Very convenient and the paintbrush style tip is amazing for painting on tiny canvases, or adding small details. Highly recommend! I'm buying another for my daughter after her eyes lit-up as i demonstrated the array of colors, she almost drooled."
27151,27151_2,2,涂色与创作 (Coloring & Greeting),成人涂色书,coloring book,B0D6YFT1GJ,Pagather,3,I got these for coloring in a coloring book without bleeding into the other side.,"Mixed feelings about these markers. I got these for coloring in a coloring book without bleeding into the other side. They do this very well. The problem I have is that both sides of the markers occasionally produce different colors. Secondly some markers have basically dried out after a week of use. the quality varies from marker to marker. Lastly, I also feel that although there are a lot of different markers to choose from the colors can be so similar to the point that sometimes I think other colors are missed for example a red-orange like color doesn't existed but there is a tons of reds and and tons of orange and blending dosnt happen with these markers. I will definitely keep using these markers till they are unusable but probably wouldn’t buy them again and would give other acrylic markers a change instead."
27155,27155_9,9,辅助与创意 (Tools & Accessories),贴纸/胶水,stickers,B0D6YFT1GJ,Pagather,3,"Maybe they were supposed to be included but they got switched for the ones I received duplicates of?<br>Finally, they come with stickers so you can label them by number.","I wanted to love these markers,  but there are a few things about them that disappointed me.<br><br>First, I received 3 markers that had duplicates of the exact same color. I can see how this happened: the markers have no color names or numbers printed on them. So it was probably easy for the person who initially packed them to make that mistake. With such a wide color range, some colors look very similar to others.<br>Second, the quality of the markers is not consistent from color to color. Some of them flow nicely with rich, vibrant color. Some of them feel dried out and do not flow well at all. The metallic colors seemed to be the best as far as the paint flow.<br>I found it surprising that with 120 different colors, some pretty basic colors were not included. For example, there is no navy blue or maroon. Maybe they were supposed to be included but they got switched for the ones I received duplicates of?<br>Finally, they come with stickers so you can label them by number. But the stickers are garbage and they fall off instantly. It’s odd that the manufacturer doesn’t just assign each color a number and have it printed on the marker.<br><br>The carrying case is very nice quality and like I said, some of the markers work beautifully. I am going to keep them because I’m too lazy to return them. I think I will get use out of some of them."
27155,27155_10,10,辅助与创意 (Tools & Accessories),贴纸/胶水,stickers,B0D6YFT1GJ,Pagather,3,But the stickers are garbage and they fall off instantly.,"I wanted to love these markers,  but there are a few things about them that disappointed me.<br><br>First, I received 3 markers that had duplicates of the exact same color. I can see how this happened: the markers have no color names or numbers printed on them. So it was probably easy for the person who initially packed them to make that mistake. With such a wide color range, some colors look very similar to others.<br>Second, the quality of the markers is not consistent from color to color. Some of them flow nicely with rich, vibrant color. Some of them feel dried out and do not flow well at all. The metallic colors seemed to be the best as far as the paint flow.<br>I found it surprising that with 120 different colors, some pretty basic colors were not included. For example, there is no navy blue or maroon. Maybe they were supposed to be included but they got switched for the ones I received duplicates of?<br>Finally, they come with stickers so you can label them by number. But the stickers are garbage and they fall off instantly. It’s odd that the manufacturer doesn’t just assign each color a number and have it printed on the marker.<br><br>The carrying case is very nice quality and like I said, some of the markers work beautifully. I am going to keep them because I’m too lazy to return them. I think I will get use out of some of them."
27155,27155_11,11,辅助与创意 (Tools & Accessories),便携笔袋/盒,carrying case,B0D6YFT1GJ,Pagather,3,"It’s odd that the manufacturer doesn’t just assign each color a number and have it printed on the marker.<br><br>The carrying case is very nice quality and like I said, some of the markers work beautifully.","I wanted to love these markers,  but there are a few things about them that disappointed me.<br><br>First, I received 3 markers that had duplicates of the exact same color. I can see how this happened: the markers have no color names or numbers printed on them. So it was probably easy for the person who initially packed them to make that mistake. With such a wide color range, some colors look very similar to others.<br>Second, the quality of the markers is not consistent from color to color. Some of them flow nicely with rich, vibrant color. Some of them feel dried out and do not flow well at all. The metallic colors seemed to be the best as far as the paint flow.<br>I found it surprising that with 120 different colors, some pretty basic colors were not included. For example, there is no navy blue or maroon. Maybe they were supposed to be included but they got switched for the ones I received duplicates of?<br>Finally, they come with stickers so you can label them by number. But the stickers are garbage and they fall off instantly. It’s odd that the manufacturer doesn’t just assign each color a number and have it printed on the marker.<br><br>The carrying case is very nice quality and like I said, some of the markers work beautifully. I am going to keep them because I’m too lazy to return them. I think I will get use out of some of them."
27164,27164_1,1,辅助与创意 (Tools & Accessories),贴纸/胶水,stickers,B0D6YFT1GJ,Pagather,5,The colors aren't named and the number stickers aren't really sticky but the ink is amazing and juicy.,The colors aren't named and the number stickers aren't really sticky but the ink is amazing and juicy. Love these
27168,27168_4,4,辅助与创意 (Tools & Accessories),便携笔袋/盒,carrying case,B0D6YFT1GJ,Pagather,5,The carrying case is extremely nice for travel and outdoor painting.<br>Also the price is also quite good!<br>I highly recommend!,These acrylic markers are absolutely stellar!  So juicy and full of color.  The fine point is perfect for painting fine areas and the brush end is stiff enough to make excellent brush strokes but not too stiff to not allow ease of painting.<br>The color selection is vast (120 colors) and the paint is smooth.  The carrying case is extremely nice for travel and outdoor painting.<br>Also the price is also quite good!<br>I highly recommend!
27171,27171_1,1,辅助与创意 (Tools & Accessories),贴纸/胶水,stickers,B0D6YFT1GJ,Pagather,4,"I love these markers - the colors are fantastic, the case is really well made.....but I'm a person that likes to know what colors I'm using for later reference.<br><br>You have to put the stickers on yourself.","I love these markers - the colors are fantastic, the case is really well made.....but I'm a person that likes to know what colors I'm using for later reference.<br><br>You have to put the stickers on yourself. Figure out where they go, tape over them (like another reviewer did)....or....something. Trying to figure out the best placement of the stickers, how to keep them stuck down, and THEN use the markers is why I took a star away.<br><br>So if you're not crazy like me, you should be fine. If you are? Well, get the markers anyway. But get ready for a fight with stickers. :D"
27171,27171_3,3,辅助与创意 (Tools & Accessories),贴纸/胶水,stickers,B0D6YFT1GJ,Pagather,4,"Trying to figure out the best placement of the stickers, how to keep them stuck down, and THEN use the markers is why I took a star away.<br><br>So if you're not crazy like me, you should be fine.","I love these markers - the colors are fantastic, the case is really well made.....but I'm a person that likes to know what colors I'm using for later reference.<br><br>You have to put the stickers on yourself. Figure out where they go, tape over them (like another reviewer did)....or....something. Trying to figure out the best placement of the stickers, how to keep them stuck down, and THEN use the markers is why I took a star away.<br><br>So if you're not crazy like me, you should be fine. If you are? Well, get the markers anyway. But get ready for a fight with stickers. :D"
27171,27171_6,6,辅助与创意 (Tools & Accessories),贴纸/胶水,stickers,B0D6YFT1GJ,Pagather,4,But get ready for a fight with stickers.,"I love these markers - the colors are fantastic, the case is really well made.....but I'm a person that likes to know what colors I'm using for later reference.<br><br>You have to put the stickers on yourself. Figure out where they go, tape over them (like another reviewer did)....or....something. Trying to figure out the best placement of the stickers, how to keep them stuck down, and THEN use the markers is why I took a star away.<br><br>So if you're not crazy like me, you should be fine. If you are? Well, get the markers anyway. But get ready for a fight with stickers. :D"
27179,27179_1,1,涂色与创作 (Coloring & Greeting),成人涂色书,coloring book,B0D6YFT1GJ,Pagather,4,Great markers perfect for coloring book pages with no bleed through.,Great markers perfect for coloring book pages with no bleed through. Some of the lighter colors require more coats but that’s to be expected with light colors.
27185,27185_2,2,涂色与创作 (Coloring & Greeting),成人涂色书,coloring book,B0D6YFT1GJ,Pagather,3,I had got them to use them on the disney mystery coloring book.,The markers dries out fast.  I had got them to use them on the disney mystery coloring book. And now even on my 4th page the black marker is already drying out. Plus the colors on the caps are not true to color in the pens.
27202,27202_11,11,涂色与创作 (Coloring & Greeting),成人涂色书,coloring book,B0D6YFT1GJ,Pagather,4,"(This does not seem to be the case coloring over lines in coloring books).<br>- Not all colors layer nicely as these are water based, if you attempt to layer colors on opposite sides of the spectrum they just mix.<br>- There is only one Red in the 72ct.<br>- Some colors are more transparent than opaque in the fine tip.<br><br>Overall, very worth it.","Absolutely love these. I originally bought the 72ct. After a couple months I decided I liked them well enough to buy the 130ct. For a larger variety.<br>(First pic is of the 2 sets side by side without the opposite sides of the fold out sections.)<br><br>There’s a couple differences between the 2 sets outside of the obvious color range. The 72ct came with just the markers in the case. I expected the same from the 130ct however I was pleasantly surprised to find a baggy of replacement nibs and instructions on how to replace said nibs as well as instructions on how to fix them if they become dried out.<br><br>Pros:<br>- Easy control<br>- Smooth consistency and flow.<br>- Juicy<br>- Bright, bold, vibrant, gorgeous colors.<br>- If your main qualifier is brush tips these are perfect! Capable of creating thick lines but also capable of creating those fine details as well as get into the smaller nooks and crannies.<br>- layer well with like colors.<br>- No smudging or smearing.<br>- Dry quickly<br>- Fine tip is great for dotting. I’ve used them primarily for adding dots and other embellishments over top blocks of color.<br>- Case is well made and makes for easy storage as well as taking them on the go.<br>- good color variety in both sets making smooth and subtle color transitions a breeze.<br>- NO BLEEDING<br><br>Cons:<br>- 3 of the markers in the 72ct arrived dry, however not entirely. (Upon receiving instructions in the larger set in how to fix this I feel this has been made up, tho these instructions should be included in the smaller sets.)<br>- The fine point is not very fine, it is indeed a small bullet tip that doesn’t do well at all for fine details. The brush tip works better.<br>- There is some color consistency issues between the brush and bullet tip on some colors however slight.<br>- Some of the fine tips leave behind fibers.<br>- These do NOT work well on fabrics, colors will not show.<br>- Majority of the colors do not appear well on black surfaces. (This does not seem to be the case coloring over lines in coloring books).<br>- Not all colors layer nicely as these are water based, if you attempt to layer colors on opposite sides of the spectrum they just mix.<br>- There is only one Red in the 72ct.<br>- Some colors are more transparent than opaque in the fine tip.<br><br>Overall, very worth it. I have sets Ive paid more for that were far less quality.<br><br>** The ONLY metallics from this set used in the posted pictures were the SILVER and GOLD. The rest of the metallics used in said pictures are from Karin.**<br><br>**All NON metallic colors used in my posted photos are from these 2 sets.**"
27203,27203_2,2,辅助与创意 (Tools & Accessories),贴纸/胶水,stickers,B0D6YFT1GJ,Pagather,4,and the stickers don’t stick,mine didn’t come with color card…??? and the stickers don’t stick
27211,27211_2,2,涂色与创作 (Coloring & Greeting),成人涂色书,adult coloring,B0D89X2HX6,Arrtx,4,I look forward to using them in adult coloring.,"lovely mat colors. I look forward to using them in adult coloring. No pumping or priming either.<br><br>I would give them a 5star but unfortunately the box is crushed.<br>The markers work fine, but the box is crushed in on one side."
27215,27215_2,2,纸质媒介 (Paper & Pads),绘本/写生本,sketchbook,B0D89X2HX6,Arrtx,5,"Which makes them S-grade cool for crafting and art.<br><br>If you are using them in a sketchbook, make sure you give each layer of paint about 1 minute to dry before adding another.<br>If you have mixed media, watercolor or bristol paper in your book, the paper will get damp, but paint won't transfer to the paper underneath.<br><br>These look great in illustration, anime and cartoon drawings, and if you have waxed-based colored pencils that are opaque, you can color on top to make some really interesting effects!<br><br>5 stars!","I had so much fun using these markers!<br><br>They come nested in several layers inside the box and each color has its own corresponding sticker label for easy identification.<br>The paint is vibrant and has very little change in color on the dry down.<br><br>You can use these on paper, cardboard, stone, glass, wood- pretty much any surface you have available. Which makes them S-grade cool for crafting and art.<br><br>If you are using them in a sketchbook, make sure you give each layer of paint about 1 minute to dry before adding another.<br>If you have mixed media, watercolor or bristol paper in your book, the paper will get damp, but paint won't transfer to the paper underneath.<br><br>These look great in illustration, anime and cartoon drawings, and if you have waxed-based colored pencils that are opaque, you can color on top to make some really interesting effects!<br><br>5 stars!"
27257,27257_3,3,涂色与创作 (Coloring & Greeting),成人涂色书,coloring book,B0D95W2XHB,JusArt,5,I originally bought them to add details to my coloring book pages and ended up using them to decorate my terracotta pots and they are amazing.,Absolutely love this markers! The price is great! I originally bought them to add details to my coloring book pages and ended up using them to decorate my terracotta pots and they are amazing. They are very pigmented and the color variety is a plus. I do also love that they dry fast and with the brush tip adding details is so much easier.
27275,27275_4,4,纸质媒介 (Paper & Pads),黑卡纸/本,black paper,B0D95W2XHB,JusArt,5,"The only color that didn't show well was the black on black paper (well, duh) and the white on the white.","Very smooth. No skipping. Dries quickly. The only color that didn't show well was the black on black paper (well, duh) and the white on the white. The color saturation on both papers is great."
27281,27281_5,5,纸质媒介 (Paper & Pads),绘本/写生本,sketchbook,B0D95W2XHB,JusArt,4,I wish they come out with more colors because these have definitely made it to my everyday sketchbook use!,"These are really great! There have nice, smooth opaque coverage. They dry pretty quick too. For the price they are well worth the money. I wish they come out with more colors because these have definitely made it to my everyday sketchbook use!"
27283,27283_6,6,纸质媒介 (Paper & Pads),绘本/写生本,sketchbook,B0D95W2XHB,JusArt,5,It didn't bleed through my paper (it is a cheap Sketchbook from Walmart).,Really good markers!!! I wouldn't say they are entirely opaque but if you have good quality paper it shouldn't be a problem to go over it a couple times! They're my new favorite medium to use for my art! They're easy to use but careful with the thickness of the brush tip. I am heavy handed so it's hard to get a thin line unless you brush lightly. It didn't bleed through my paper (it is a cheap Sketchbook from Walmart).
27314,27314_5,5,纸质媒介 (Paper & Pads),绘本/写生本,art journal,B0D95W2XHB,JusArt,5,Was perfect for mirror/window art as well as opaque coverage in art journal!,These are AMAZING! So juicy! Love the color. Love the brush nib. Was perfect for mirror/window art as well as opaque coverage in art journal! All around win. I will be buying these again!
27326,27326_2,2,辅助与创意 (Tools & Accessories),镂空模板,stencils,B0D95W2XHB,JusArt,5,I have been using these with stencils on my sign i made.,The quality of these are very good. I have been using these with stencils on my sign i made. And the colors are great. Alot of colors and good quality for the money. Easy to use. Small tips or u can make wider lines.
27374,27374_3,3,纸质媒介 (Paper & Pads),绘本/写生本,sketchbook,B0D95W2XHB,JusArt,5,"color pencils, water colors aren't for me, I like something quick like markers and acrylics.<br><br>Overview:<br>- Love the Colors, the pigmentation is amazing.<br>- The color doesn't bleed neither ruins the paper (using Mix Media sketchbook)<br>- Almost invisible to non-noticeable paint traces.<br>- Excellent layaring and coverage (1 trace usually covers a good amount on top of other colors, 2nd trace for full color covering)<br>- Quick drying and non smudge.<br>-All markers where ready to color and non of them where dry!<br><br>PRICE: The price for 30 acrylic markers that look stunning both desing and pigmentation are worth the money.","Got this markers and I will give you a very honest opinion. I'm an artist myself and I know it can get very scary when buying new stuff cus you don't know wether you getting good stuff worth the price.<br><br>I do primarly digital and wanted to try acrylic cus... color pencils, water colors aren't for me, I like something quick like markers and acrylics.<br><br>Overview:<br>- Love the Colors, the pigmentation is amazing.<br>- The color doesn't bleed neither ruins the paper (using Mix Media sketchbook)<br>- Almost invisible to non-noticeable paint traces.<br>- Excellent layaring and coverage (1 trace usually covers a good amount on top of other colors, 2nd trace for full color covering)<br>- Quick drying and non smudge.<br>-All markers where ready to color and non of them where dry!<br><br>PRICE: The price for 30 acrylic markers that look stunning both desing and pigmentation are worth the money. I will definitely keep buying this brand on the future!"
27379,27379_2,2,涂色与创作 (Coloring & Greeting),成人涂色书,coloring book,B0D95W2XHB,JusArt,4,I purchased them specifically for these color by number coloring books.,"I absolutely love the quality of these markers! I purchased them specifically for these color by number coloring books. They glide on the paper grate and they are nice and juicy! However, there isn’t as much of a variety in colors as I need for these specific coloring books. My order arrived quickly and the package itself was in great shape but the box the markers came in was cut open and the seal sticker was peeled off as if it was a return. The markers were all in tact and there was no damage to them so I wasn’t too concerned. Only removing 1 star because of the packaging obviously being opened before getting to me at some point but over all an amazing product, easy to use and flows onto the paper nicely."
27379,27379_4,4,涂色与创作 (Coloring & Greeting),成人涂色书,coloring book,B0D95W2XHB,JusArt,4,"However, there isn’t as much of a variety in colors as I need for these specific coloring books.","I absolutely love the quality of these markers! I purchased them specifically for these color by number coloring books. They glide on the paper grate and they are nice and juicy! However, there isn’t as much of a variety in colors as I need for these specific coloring books. My order arrived quickly and the package itself was in great shape but the box the markers came in was cut open and the seal sticker was peeled off as if it was a return. The markers were all in tact and there was no damage to them so I wasn’t too concerned. Only removing 1 star because of the packaging obviously being opened before getting to me at some point but over all an amazing product, easy to use and flows onto the paper nicely."
27398,27398_2,2,涂色与创作 (Coloring & Greeting),成人涂色书,coloring book,B0DB5KHXQK,Pagather,5,They're perfect for crafting or just for relaxing with a coloring book.,These markers are so pretty. They're perfect for crafting or just for relaxing with a coloring book. I love the colors and they mark very smoothly.
27407,27407_1,1,纸质媒介 (Paper & Pads),涂鸦板/卡片,tags,B0DB5KHXQK,Pagather,4,I used they for gift tags i made for neighbor gifts.,I used they for gift tags i made for neighbor gifts. I had a little bit of a hard time writing because I'm heavy handed and sometimes I would get little ink splatters where I pushed too hard but overall they are great pens and the colors are vibrant. It takes around 15-30 seconds for the ink to dry and the pen tips are a good size if you're going to be writing.
27407,27407_1,1,涂色与创作 (Coloring & Greeting),空白标签,gift tags,B0DB5KHXQK,Pagather,4,I used they for gift tags i made for neighbor gifts.,I used they for gift tags i made for neighbor gifts. I had a little bit of a hard time writing because I'm heavy handed and sometimes I would get little ink splatters where I pushed too hard but overall they are great pens and the colors are vibrant. It takes around 15-30 seconds for the ink to dry and the pen tips are a good size if you're going to be writing.
27418,27418_2,2,涂色与创作 (Coloring & Greeting),成人涂色书,coloring book,B0DB5KHXQK,Pagather,5,Great for painting like rocks or projects but not good for coloring books.,"Very pretty colors, markers have a fine tip that you press down to get the paint started. Great for painting like rocks or projects but not good for coloring books."
27433,27433_1,1,涂色与创作 (Coloring & Greeting),成人涂色书,adult coloring,B0DB5KHXQK,Pagather,1,To color an adult coloring poster ruins the paper pens stop working and when shaking pen leaks everywhere,To color an adult coloring poster ruins the paper pens stop working and when shaking pen leaks everywhere
27452,27452_2,2,涂色与创作 (Coloring & Greeting),成人涂色书,coloring book,B0DB7T5HPS,Guangna,5,They work so well coving the black lines of my coloring books.,"These acrylic markers are absolutely perfect! They work so well coving the black lines of my coloring books. They dry so so fast and they don't bleed through your paper, at all! For 72 colors, they have a huge variety of colors, making it so easy to add those details to each coloring page. I have tried other brands but these are my absolute favorite! They are extremely affordable for the quality of the markers! If you're debating on these and not sure, let me tell you that you're going to want to order them! They are absolutely worth all the hype! Now that I have them, I can't see my pages without them! The brush tip is perfect, it's great for any size, you can use the tip for smaller areas or lean it to its side and cover larger areas or whatever it may be. All you do is shake the pen & it's already activated, that's basically to make sure your ink is flowing. No pressing and waiting for the ink to come out, it's already ready to use! They are so juicy, too. The ink flow isn't too much or too less, it's perfect! I really believe they are good for all ages, also! I mean clean up is pretty easy, maybe with adults present for younger kids but I believe probably 6plus would fine to use them. I'm in my 30s and I absolutely love them and use them every single time I color. The only thing I wish I would have done differently is get a bigger pack! I hope this helps!"
27453,27453_4,4,涂色与创作 (Coloring & Greeting),成人涂色书,coloring book,B0DB7T5HPS,Guangna,5,i use them for coloring books and they use them for coloring old toys.,This was my first time using acrylic markers and i loved these. The markers are nice and juicy and good quality. I bought a set for myself and my child we both enjoy them. i use them for coloring books and they use them for coloring old toys. Would highly recommend.
27470,27470_2,2,涂色与创作 (Coloring & Greeting),成人涂色书,coloring book,B0DB7T5HPS,Guangna,4,"They are opaque, super vivid colors and they do not bleed through my coloring book pages!","These are amazing! They are opaque, super vivid colors and they do not bleed through my coloring book pages! Great value for my money! I had one marker come leaking and one dry so had to knock off a star and not enough variety in some of the browns and reds but I see are now available in larger marker sets."
27485,27485_2,2,纸质媒介 (Paper & Pads),绘本/写生本,sketchbook,B0DB7T5HPS,Guangna,4,My complaints are that when I use it on my sketchbook it takes some of the paper but it might be my fault for not getting the right paper.,I have been waiting for these and they work well. My complaints are that when I use it on my sketchbook it takes some of the paper but it might be my fault for not getting the right paper.
27518,27518_9,9,纸质媒介 (Paper & Pads),水彩纸/多媒体纸,watercolor paper,B0DC619N4C,XPaoFey,5,I primed some ink on the tape and it stayed wet long enough to dip a wet paintbrush in the ink and smear it onto the watercolor paper that my sketch was on.,"These paint pens are simply fabulous!  Not a marker or a pen, but actually paint in a pen.  So much fun to play around with!  I had just sketched out a little scene from Pinterest, trying to decide if I wanted to purchase the stamp set.  Since it was just sitting there I decided to use these paint pens … FYI, I had a blast and was pleasantly surprised.<br><br>First you have to prime each pen to get the paint flowing.  Originally I had used a permanent ink sketching pen to do this and I was pretty amazed that these paint pens are opaque and could completely cover my black sketching ink.  I purposely left some of the black in showing, but I could have covered it if I had wanted too.<br><br>I discovered a fun little hack.  On the paper towels I was using to prime these pens, I also had a piece of clear scotch tape.  I primed some ink on the tape and it stayed wet long enough to dip a wet paintbrush in the ink and smear it onto the watercolor paper that my sketch was on.  An improvised paint pallet!  I had to move quickly, but it was doable.<br><br>When you prime these paint pens, use multiple layers of paper towel as the ink is permanent and you dont want to mark up your work surface.  I got these to use on wooden Christmas ornaments with my grandkids so we will all be wearing painting aprons to protect our clothes.<br><br> I found this set to be so much fun to use.  Just remember that this really is paint flowing out of a pen.  It dries quickly.  The metallics are especially sparkly.  Any artsy kid or adult would love this set!"
27532,27532_1,1,涂色与创作 (Coloring & Greeting),成人涂色书,coloring book | adult coloring,B0DDB7GYFT,Pagather,5,Works fantastic in adult coloring books with no bleed thru.,Works fantastic in adult coloring books with no bleed thru. Fantastic colors
27553,27553_3,3,辅助与创意 (Tools & Accessories),便携笔袋/盒,carrying case,B0DDXQTYP9,Shuttle Art,5,I love that they come in a nice box and in a nice carrying case so you can keep them organized.,"These acrylic paint markers by shuttleart are very nice.  Good quality. I love that they come in a nice box and in a nice carrying case so you can keep them organized. The colors are vibrant and opaque and glide on easily.  I've tried the markers on rocks, cardboard, paper and wood and they work great on all.  Super quality set of acryclic paint markers."
27557,27557_8,8,辅助与创意 (Tools & Accessories),便携笔袋/盒,holder,B0DDXQTYP9,Shuttle Art,5,The pens might have to be moved to a holder and then stored flat in the case when you are done.,"I got this set of paint pens because I am going to be doing some acrylic paintings soon and I want to have a variety of techniques available to me.HOW THESE COMEThese come in a clear case with an envelope of paper and swatch sheets.  There are also a few drawing papers to practice coloring on.  The whole set is in a very sturdy box which shuts well with a tuck in lid on top.  This also allows you to store these flat.CASEThe case is clear. Each level comes apart pretty easily.  It has to be laid out side by side for easy access to all of the colors which requires a table top.  To use these on the lap, it is not convenient.  The pens might have to be moved to a holder and then stored flat in the case when you are done.  Alternatively, you can move it to a book style case with pages but remember to store the pens laying flat not end up.PAPERSThe papers inside are excellent quality paper to play around with and do swatches on black and natural light color.  The coloring pages are also really fun to play with.PENSThe paint pens are fantastic.  The brush tips allow for a great flow of paint and it is very close to painting with a brush dipped perfectly.  The colors are painterly vs bright and loud.  The window in the side lets you see how much paint is left.  Since each pen has to be used and covered immediately, I hold the lid while using the pen.  The colors on the end and labeling are well done.QUALITY PAINT AND PERFORMANCEThis is one fantastic set of paint pens.  They paint perfectly and are smooth and have excellent coverage.  There is no skipping and it can go from thin to thick lines pretty easily too.CANVASI used this to test on canvas board and the results were great.  They really look nice on the canvas and dry to nice intense colors.THE BOTTOM LINEThis is a beautiful set of paint markers.  The colors are beautiful and performance is excellent.MY RATINGFIVE STARS.  I like this alot.  The case is a bit tough for me to use in my recliner, but if I move the pens to a book case, it works well.  I just have to remember to lay them flat.  These will also be excellent to do detail work on acrylic paintings and make greeting cards."
27557,27557_23,23,涂色与创作 (Coloring & Greeting),贺卡/信封,greeting cards,B0DDXQTYP9,Shuttle Art,5,These will also be excellent to do detail work on acrylic paintings and make greeting cards.,"I got this set of paint pens because I am going to be doing some acrylic paintings soon and I want to have a variety of techniques available to me.HOW THESE COMEThese come in a clear case with an envelope of paper and swatch sheets.  There are also a few drawing papers to practice coloring on.  The whole set is in a very sturdy box which shuts well with a tuck in lid on top.  This also allows you to store these flat.CASEThe case is clear. Each level comes apart pretty easily.  It has to be laid out side by side for easy access to all of the colors which requires a table top.  To use these on the lap, it is not convenient.  The pens might have to be moved to a holder and then stored flat in the case when you are done.  Alternatively, you can move it to a book style case with pages but remember to store the pens laying flat not end up.PAPERSThe papers inside are excellent quality paper to play around with and do swatches on black and natural light color.  The coloring pages are also really fun to play with.PENSThe paint pens are fantastic.  The brush tips allow for a great flow of paint and it is very close to painting with a brush dipped perfectly.  The colors are painterly vs bright and loud.  The window in the side lets you see how much paint is left.  Since each pen has to be used and covered immediately, I hold the lid while using the pen.  The colors on the end and labeling are well done.QUALITY PAINT AND PERFORMANCEThis is one fantastic set of paint pens.  They paint perfectly and are smooth and have excellent coverage.  There is no skipping and it can go from thin to thick lines pretty easily too.CANVASI used this to test on canvas board and the results were great.  They really look nice on the canvas and dry to nice intense colors.THE BOTTOM LINEThis is a beautiful set of paint markers.  The colors are beautiful and performance is excellent.MY RATINGFIVE STARS.  I like this alot.  The case is a bit tough for me to use in my recliner, but if I move the pens to a book case, it works well.  I just have to remember to lay them flat.  These will also be excellent to do detail work on acrylic paintings and make greeting cards."
27558,27558_1,1,纸质媒介 (Paper & Pads),绘本/写生本,sketchbook,B0DDXQTYP9,Shuttle Art,5,"UPDATE::: Y'all I love these markers so muchI've been using them consistently since I got them in october- no issues with drying AT ALL, though I would recommend taking them out and giving them a good shake periodically as a precaution.I find that they work smoother/more painterly on canvas or primed surfaces- they dry a bit too quickly on paper and soak up a bit more, but they still didn't even bleed through my mixed media sketchbook, so that's a major win!The case does take up a lot of space when you have all the sections out and accessible, which isn't my favorite, but is only a minor hindrance.","UPDATE::: Y'all I love these markers so muchI've been using them consistently since I got them in october- no issues with drying AT ALL, though I would recommend taking them out and giving them a good shake periodically as a precaution.I find that they work smoother/more painterly on canvas or primed surfaces- they dry a bit too quickly on paper and soak up a bit more, but they still didn't even bleed through my mixed media sketchbook, so that's a major win!The case does take up a lot of space when you have all the sections out and accessible, which isn't my favorite, but is only a minor hindrance. No issues with snapping or breaking at all.I still have nitpicks about the color range (lack of oranges and yellows, mostly) but have found that, while they're still wet, they do mix quite nicely. You can achieve a lot of good in-between colors by mixing on the surface you're creating on before the marks dry.Though I am still so sure I will run out of white and yellow before anything else, which has me wishing I could buy individuals.Despite that, these are one of my favorite sets of art supplies in recent years. I'm obsessed.Updated pros/consPROS:-Surprisingly opaque-very saturated colors-dries fast and layers well (colors do dry a bit darker, as it goes with acrylic)-The brush tip is actually the best, no more pumping a paint markerCONS:-color range is lacking a bit in oranges, yellows, and dark colors-case takes up a lot of space when opened--------------------------------original review--------------------------------(I got these today, so this is a 'first impressions' review)I'm a artist and art instructor by trade, and I like to use a wide variety of materials to make recommendations to students as well as find new supplies for myself.These markers are pretty solid- I like acrylic paint for its opaque layering properties, as well as the quick dry, and these markers are pretty effective at both. As with acrylic paint, you do have some transparency and a need to layer, especially on lighter colors like white and yellow, or on top of darker colors. But overall, the coverage is pretty solid and the saturation is impressive.The case is a bit weird, you have to be careful separating the layers (they tuck into these little ridges at the back to hold together, and I can see there being a risk of snapping) but otherwise it seems convenient.The color range is odd. Acrylic dries darker than it applies, so after you let them sit for a moment you do have deeper hues, but the black included is SO much darker than the deepest of any other color.I'd really love to see a deep jewel tone range for each hue so I can achieve solid depth without just resorting to black. A deep alizarin crimson, phthalo blue or Paynes grey, deep viridian- the problem, I assume, is that these markers all have an almost chalky binder to keep the opacity up, and it sacrifices the deeper values as a result (many of the above listed colors are traditionally transparent.) So I'm not sure this would even be possible with the current pigment/binders used.Still, it would be wonderful to have a really deep set of colors, and if I'm just missing them in this 60 pack, I'd love to be directed to where I can grab them.Also, there's not a lot of orange options, and there are a whole lot of certain other colors, like green and pink.Anyway tldr;PROS:-nice opacity-very Saturated-dries fast and layers well-smooth flow with convenient brush tipCONS:-color range is lacking in oranges, yellows, and dark colors-case is a bit confusingI'll come back after a couple months of use to update on whether the markers have any trouble or not, but as of today I'm liking them."
27574,27574_4,4,表面保护 (Finishing & Protection),亮油/保护喷雾,top coat,B0DDXQTYP9,Shuttle Art,5,The markers themselves feel durable and I don't anticipate any chipping especially after a top coat to seal.,"These markers are great! I initially got them to use on canvas but after realizing how smooth they were, I tried them on pottery and they've been flawless. The colors that come in this set are awesome, the paint itself dries quickly as acrylic should, and there's no weird smell. The markers themselves feel durable and I don't anticipate any chipping especially after a top coat to seal. Overall, great markers to use on canvas, pottery, ceramic, wood, etc. in a very nice, giftable set!"
27576,27576_1,1,纸质媒介 (Paper & Pads),绘本/写生本,art journal,B0DDXQTYP9,Shuttle Art,4,"These are good acrylic paint markers, perfect for casual painting, art journaling and mixed media.","These are good acrylic paint markers, perfect for casual painting, art journaling and mixed media. These aren't professional grade, but very good student grade markers. Colors are vibrant."
27578,27578_13,13,纸质媒介 (Paper & Pads),黑卡纸/本,black paper,B0DDXQTYP9,Shuttle Art,5,I don’t ever color on black paper so it’s not an issue to me but that might be a problem covering black lines in coloring books.,"These were really nice paint pens. The things that kept me from giving it five stars were as follows: the case is kind of a pain to deal with. You have to unsnap each layer and lay them all out to have easy access to any color. And then when putting the cases back together you have to make sure that the clip on the case above doesn’t get snapped in when you clip the one below. It just seems very unnecessary when a zipper case that you can unfold and lay out works much better. I have another set of 60 of these almost identical pens and they came in a zipper case that was much easier to deal with. I will say that the case looks very nice tho. My second problem that I took a star off for is that some caps fit nicely in the back of the pen when using it while others were too loose and wouldn’t stay on. I don’t like having loose lids to keep track of and it just seems strange that some would do that while others didn’t.As far as the actual marker goes tho, I would say that they perform at a five star quality. On the swatch sheets I only did one layer for each shade except for the white on the black sheet. I did two layers on that trying to see how many I would need to get a good solid coverage on black. I would say three layers would do it. I don’t ever color on black paper so it’s not an issue to me but that might be a problem covering black lines in coloring books. Rarely would I want to cover a line with white so again that’s fine with me. I also absolutely love the color selection! There are a great range of colors and many neutrals which I appreciate. On white paper it only took one layer for opacity. In fact if you look at the sample flower I painted the darker blue/green outline around the flower had red below it. I changed my mind after coloring it red And then went over with the darker shade of blue/green and it only took one coat to cover the red. I was impressed by that.The presentation of the set was really sharp too! It came with a thick black envelope containing all the swatch sheets, instructions, and sample coloring sheets. Shuttle Art if you’re reading this please make a coloring book specifically using that same white paper and gray outlines for acrylic markers! I would buy that in a heartbeat! I love that paper! Also the case looks really nice setting on your shelf. While I’m not crazy about its functionality it does look sharp and is nice quality. For these reasons I think this set would be a perfect gift for the color lover in your life. It feels a step above the others. Just fantastic presentation.Update: after playing with these for awhile and getting the new pastel set I decided to change the rating to a 5*. The case has NOT been the pain that I thought it would be and for the value of the pens it’s worth it. I would highly recommend these to anyone! Btw if you have the set of 60 and get the pastel set too, the trays DO fit together into one stack. They are a pleasure to color/paint with. 🥰"
27578,27578_13,13,涂色与创作 (Coloring & Greeting),成人涂色书,coloring book,B0DDXQTYP9,Shuttle Art,5,I don’t ever color on black paper so it’s not an issue to me but that might be a problem covering black lines in coloring books.,"These were really nice paint pens. The things that kept me from giving it five stars were as follows: the case is kind of a pain to deal with. You have to unsnap each layer and lay them all out to have easy access to any color. And then when putting the cases back together you have to make sure that the clip on the case above doesn’t get snapped in when you clip the one below. It just seems very unnecessary when a zipper case that you can unfold and lay out works much better. I have another set of 60 of these almost identical pens and they came in a zipper case that was much easier to deal with. I will say that the case looks very nice tho. My second problem that I took a star off for is that some caps fit nicely in the back of the pen when using it while others were too loose and wouldn’t stay on. I don’t like having loose lids to keep track of and it just seems strange that some would do that while others didn’t.As far as the actual marker goes tho, I would say that they perform at a five star quality. On the swatch sheets I only did one layer for each shade except for the white on the black sheet. I did two layers on that trying to see how many I would need to get a good solid coverage on black. I would say three layers would do it. I don’t ever color on black paper so it’s not an issue to me but that might be a problem covering black lines in coloring books. Rarely would I want to cover a line with white so again that’s fine with me. I also absolutely love the color selection! There are a great range of colors and many neutrals which I appreciate. On white paper it only took one layer for opacity. In fact if you look at the sample flower I painted the darker blue/green outline around the flower had red below it. I changed my mind after coloring it red And then went over with the darker shade of blue/green and it only took one coat to cover the red. I was impressed by that.The presentation of the set was really sharp too! It came with a thick black envelope containing all the swatch sheets, instructions, and sample coloring sheets. Shuttle Art if you’re reading this please make a coloring book specifically using that same white paper and gray outlines for acrylic markers! I would buy that in a heartbeat! I love that paper! Also the case looks really nice setting on your shelf. While I’m not crazy about its functionality it does look sharp and is nice quality. For these reasons I think this set would be a perfect gift for the color lover in your life. It feels a step above the others. Just fantastic presentation.Update: after playing with these for awhile and getting the new pastel set I decided to change the rating to a 5*. The case has NOT been the pain that I thought it would be and for the value of the pens it’s worth it. I would highly recommend these to anyone! Btw if you have the set of 60 and get the pastel set too, the trays DO fit together into one stack. They are a pleasure to color/paint with. 🥰"
27578,27578_22,22,涂色与创作 (Coloring & Greeting),成人涂色书,coloring book,B0DDXQTYP9,Shuttle Art,5,Shuttle Art if you’re reading this please make a coloring book specifically using that same white paper and gray outlines for acrylic markers!,"These were really nice paint pens. The things that kept me from giving it five stars were as follows: the case is kind of a pain to deal with. You have to unsnap each layer and lay them all out to have easy access to any color. And then when putting the cases back together you have to make sure that the clip on the case above doesn’t get snapped in when you clip the one below. It just seems very unnecessary when a zipper case that you can unfold and lay out works much better. I have another set of 60 of these almost identical pens and they came in a zipper case that was much easier to deal with. I will say that the case looks very nice tho. My second problem that I took a star off for is that some caps fit nicely in the back of the pen when using it while others were too loose and wouldn’t stay on. I don’t like having loose lids to keep track of and it just seems strange that some would do that while others didn’t.As far as the actual marker goes tho, I would say that they perform at a five star quality. On the swatch sheets I only did one layer for each shade except for the white on the black sheet. I did two layers on that trying to see how many I would need to get a good solid coverage on black. I would say three layers would do it. I don’t ever color on black paper so it’s not an issue to me but that might be a problem covering black lines in coloring books. Rarely would I want to cover a line with white so again that’s fine with me. I also absolutely love the color selection! There are a great range of colors and many neutrals which I appreciate. On white paper it only took one layer for opacity. In fact if you look at the sample flower I painted the darker blue/green outline around the flower had red below it. I changed my mind after coloring it red And then went over with the darker shade of blue/green and it only took one coat to cover the red. I was impressed by that.The presentation of the set was really sharp too! It came with a thick black envelope containing all the swatch sheets, instructions, and sample coloring sheets. Shuttle Art if you’re reading this please make a coloring book specifically using that same white paper and gray outlines for acrylic markers! I would buy that in a heartbeat! I love that paper! Also the case looks really nice setting on your shelf. While I’m not crazy about its functionality it does look sharp and is nice quality. For these reasons I think this set would be a perfect gift for the color lover in your life. It feels a step above the others. Just fantastic presentation.Update: after playing with these for awhile and getting the new pastel set I decided to change the rating to a 5*. The case has NOT been the pain that I thought it would be and for the value of the pens it’s worth it. I would highly recommend these to anyone! Btw if you have the set of 60 and get the pastel set too, the trays DO fit together into one stack. They are a pleasure to color/paint with. 🥰"
27583,27583_3,3,辅助与创意 (Tools & Accessories),便携笔袋/盒,carrying case,B0DDXQTYP9,Shuttle Art,4,"It’s well designed, with a multilayered clear plastic carrying case and both white and black swatch cards.","I wasn’t sure what to expect from this set. There are tons of off-brand acrylic marker sets out there and many are priced lower per marker than this one is, but Shuttle Art is a brand known for pretty good quality art supplies at a relatively low price point.With that said, I feel this set is worth the money. It’s well designed, with a multilayered clear plastic carrying case and both white and black swatch cards. The markers come in a beautiful selection of hues and seem to contain a lot of ink, so I hope they will last a long time. I love the quality of the brush tips and the color applies smoothly on the white swatch card, though it’s a little streakier on the black swatch card and needed two coats for full coverage.I really like this set and am happy I ordered it."
27592,27592_1,1,表面保护 (Finishing & Protection),亮油/保护喷雾,top coat,B0DFMRDMNJ,REALZEVA,5,"Had a 12 year old floor just started showing some white through, washed and dried floor well, purchased this set and touched up all the white spots on my floor with these paint markers and then top coated whole floor with Ecolab floor finish.","Had a 12 year old floor just started showing some white through, washed and dried floor well, purchased this set and touched up all the white spots on my floor with these paint markers and then top coated whole floor with Ecolab floor finish.  Looks like a new floor. Been over a month and washed many times, love them."
27593,27593_4,4,表面保护 (Finishing & Protection),亮油/保护喷雾,sealer,B0DFMRDMNJ,REALZEVA,5,I go over with a sealer to keep it waterproof!,"These are lovely, full color, don't dry put easily. Don't have to go over things multiple times. I do a lot of calligraphy projects with them and used them on wood, paper, and ceramic so far and it's held up well. I go over with a sealer to keep it waterproof!"
27651,27651_1,1,涂色与创作 (Coloring & Greeting),成人涂色书,coloring book | adult coloring,B0DFMRDMNJ,REALZEVA,5,I have several adult coloring books with the bleed through proof pages.,"I have several adult coloring books with the bleed through proof pages.  These markers are great for coloring in them.  This set is a smaller color set than I have used before, but there is still plenty of variety and with blending, these colors bring a brightness and a feel of relaxed gratification with the final results."
27687,27687_5,5,表面保护 (Finishing & Protection),亮油/保护喷雾,varnish,B0DFMRDMNJ,REALZEVA,5,It does adhere to glass and plastic real well but they WILL rub off so if you want it to last any time you need to varnish over your work to protect it and seal it in.,I love the opaqueness of the colors on paper.  Really nice vibrant colors.  They are thick and definitely you can tell they are acrylic versus water color pens and I love them.  You do have to allow it to dry for a few seconds or you will smear the ink.  It does adhere to glass and plastic real well but they WILL rub off so if you want it to last any time you need to varnish over your work to protect it and seal it in.  Wonderful color selection.  Will be great on your mixed media projects.  Make sure if you get any other inks or paint on your nib to wipe it off immediately or you will ruin your pen.
27706,27706_1,1,纸质媒介 (Paper & Pads),黑卡纸/本,black paper,B0DFMRDMNJ,REALZEVA,5,"I was on the hunt specifically for acrylic markers that can draw on black paper, and these are just that","I was on the hunt specifically for acrylic markers that can draw on black paper, and these are just that"
27709,27709_1,1,表面保护 (Finishing & Protection),亮油/保护喷雾,varnish,B0DFMRDMNJ,REALZEVA,5,These are great for detail when you are creating something in acrylics they do not smear when you varnish your product which is a big plus.,These are great for detail when you are creating something in acrylics they do not smear when you varnish your product which is a big plus.
27710,27710_1,1,纸质媒介 (Paper & Pads),水彩纸/多媒体纸,mixed media paper,B0DFMRDMNJ,REALZEVA,2,"The fine point isn’t fine, and they tear up a nice, heavy mixed-media paper if you need to saturate an area.","The fine point isn’t fine, and they tear up a nice, heavy mixed-media paper if you need to saturate an area. Colors are ok - would be fun for kids."
27729,27729_5,5,辅助与创意 (Tools & Accessories),便携笔袋/盒,carrying case,B0DFW36SBX,ENMY,4,The carrying case is a great add;,"These paint pens are really nice… the colors are lovely and the paint flows smoothly. The thing that made me deduct one star is that the tips don’t hold up over long [painting sessions. I definitely can’t get mileage when using on fabric. It’s a shame because I really enjoy these pens otherwise. The carrying case is a great add; makes transporting these pens a breeze. The best thing is that they fit securely in the case so even if it falls, the pens stay in place."
27741,27741_12,12,辅助与创意 (Tools & Accessories),便携笔袋/盒,carrying case,B0DFW36SBX,ENMY,5,They're in a nifty carrying case.,"It sure was an emotional rollercoaster with the shipping on these markers. I ordered them, the delivery date was a few days away. And they didn't come. They still had not shipped. It said they would be here the next day and still no markers. It gave five different dates and didn't show each time, never even shipped. I had all but given up and then one day, weeks late, they just showed as shipped one morning and were here by lunch time that day. I mean if it was as simple as shipping it in the morning and it getting to me by the afternoon, I do not know what the hold up was.

Shipping gripes aside, the markers are worth the wait. The colors are true, they are smooth to use. They're nice to hold. They're in a nifty carrying case. They don't have a horrible smell. They don't bleed. I mean these are fantastic markers. I would buy them again, perhaps from a brick and mortar store if I could find them there. I'm a little shipping shy after this!"
27745,27745_1,1,纸质媒介 (Paper & Pads),绘本/写生本,sketchbook,B0DFW36SBX,ENMY,4,"I had the opportunity to test out a set of these Enmy Acrylic Paint Markers along with a set of Taotree Alcohol Markers, Shuttle Art Marker Pad, and the CANVASTRA Alcohol Marker Paper Sketchbook.","I had the opportunity to test out a set of these Enmy Acrylic Paint Markers along with a set of Taotree Alcohol Markers, Shuttle Art Marker Pad, and the CANVASTRA Alcohol Marker Paper Sketchbook. The attached video demonstrates the use of all four items. This review is for the - ENMY 60 Colors Direct Liquid Acrylic Paint Pens, Acrylic Paint Markers, Fabric Markers for Textile, Canvas, Rock, Glass, Wood, Paper, DIY, Paint Markers for DIY Craft Supplies. I found these Acrylic Paint Markers to be very nice to use; they glide smoothly and the colors are bright and beautiful. I did find that these markers took way longer to dry and then easily smudged when painting on the CANVASTRA Alcohol Marker pad. They didn't seem to do that on Shuttle Art Alcholol Marker Pad though. I’m not sure why that is but it’s something to keep in mind when drawing with these pens. I have not had the opportunity to create a lot with these pens so I cannot attest to how long they will last. Over all, they are nice but paper does matter."
27745,27745_1,1,纸质媒介 (Paper & Pads),重磅马克笔纸,marker paper,B0DFW36SBX,ENMY,4,"I had the opportunity to test out a set of these Enmy Acrylic Paint Markers along with a set of Taotree Alcohol Markers, Shuttle Art Marker Pad, and the CANVASTRA Alcohol Marker Paper Sketchbook.","I had the opportunity to test out a set of these Enmy Acrylic Paint Markers along with a set of Taotree Alcohol Markers, Shuttle Art Marker Pad, and the CANVASTRA Alcohol Marker Paper Sketchbook. The attached video demonstrates the use of all four items. This review is for the - ENMY 60 Colors Direct Liquid Acrylic Paint Pens, Acrylic Paint Markers, Fabric Markers for Textile, Canvas, Rock, Glass, Wood, Paper, DIY, Paint Markers for DIY Craft Supplies. I found these Acrylic Paint Markers to be very nice to use; they glide smoothly and the colors are bright and beautiful. I did find that these markers took way longer to dry and then easily smudged when painting on the CANVASTRA Alcohol Marker pad. They didn't seem to do that on Shuttle Art Alcholol Marker Pad though. I’m not sure why that is but it’s something to keep in mind when drawing with these pens. I have not had the opportunity to create a lot with these pens so I cannot attest to how long they will last. Over all, they are nice but paper does matter."
27765,27765_1,1,辅助与创意 (Tools & Accessories),镂空模板,stencils,B0DGLXZFH4,CHALKY CROWN,5,Works perfect with my stencils so I don’t have to use the stippling method.,Works perfect with my stencils so I don’t have to use the stippling method. Saved so much time and my lettering was more crisp. Prime wood first with a base layer so paint doesn’t rain
27787,27787_8,8,辅助与创意 (Tools & Accessories),便携笔袋/盒,carrying case,B0DGSHDF4L,Betem,5,"The carrying case keeps everything organized, which is a bonus for someone like me who tends to misplace things easily.","These Betem 72 Colors Paint Markers have added a splash of creativity to my life. While planning my granddaughter's 16th birthday, I decided to use them for decorations. The variety of colors was perfect for crafting vibrant banners and signs. Writing colorful letters to my daughter’s husband on a personalized mug was another fun project. The dual tips allowed for precise detailing, even on my 20oz insulated water bottle. I also tried them on my all-white sneakers and tote bag, giving them a unique, personalized touch. These markers even worked well on the smooth surfaces of glass and ceramic, making them versatile for different crafts around the house. The carrying case keeps everything organized, which is a bonus for someone like me who tends to misplace things easily. These markers are easy to use and durable, standing up to all sorts of creative challenges I throw at them! I recommend them to every arts and crafts enthusiast."
27794,27794_7,7,纸质媒介 (Paper & Pads),重磅马克笔纸,thick paper,B0DGSHDF4L,Betem,5,"For regular and broad strokes, perfect.Great caseWould like the colour noted on the pen, but not a deal breakerDries fast enoughCan use on many types of medium from thin to thick paper.","I am not the artist in the house.  The teen is all about the paint pens, markers, etc.  I grabbed these because if anyone can put them through the paces, it is the resident teen.  And did they ever!  Teen reportsColours are vibrantTips are good, but has used better.  For fine details, used other things. For regular and broad strokes, perfect.Great caseWould like the colour noted on the pen, but not a deal breakerDries fast enoughCan use on many types of medium from thin to thick paper.  Rocks, wood, cardboardLong use.  Didn't dry out after an hour of use.Wide variety of hues.  Loved that part.Loves the 2 tip option, but as mentioned before, the fine tip could be more fine.  But great for this artist's needs.Asked if it is a good starter set or a set for those that have more experience?  Teen said both.  Great to have as part of the artist tool box and the price point is perfect."
27808,27808_2,2,涂色与创作 (Coloring & Greeting),成人涂色书,coloring book,B0DGSHDF4L,Betem,5,"Easy to see and access all the pens.<br>The set includes 8 metallic colors, which I like very much.<br>Many shades of each color are in this set.<br>This is great for drawing or coloring intricate coloring books.<br>The colors are permanent, very fast drying, and will paint over each other.<br>This would be a great gift for beginner or experienced artist.","This is a great set of markers.<br>Two tips are very useful.<br>The case is very nice -- zippered and strong. Easy to see and access all the pens.<br>The set includes 8 metallic colors, which I like very much.<br>Many shades of each color are in this set.<br>This is great for drawing or coloring intricate coloring books.<br>The colors are permanent, very fast drying, and will paint over each other.<br>This would be a great gift for beginner or experienced artist."
27820,27820_3,3,辅助与创意 (Tools & Accessories),便携笔袋/盒,carrying case,B0DGSHDF4L,Betem,5,Nice zippered carrying case.,"Good dual-tip markers in an exceptional array of colors. Good coverage, good opacity. Nice zippered carrying case."
27827,27827_3,3,辅助与创意 (Tools & Accessories),便携笔袋/盒,carrying case,B0DGSHDF4L,Betem,5,Comes in a carrying case where you can just pick it up and go.,"Works very well on rocks and glass. All of them worked and were not dried out. Comes in a carrying case where you can just pick it up and go. You get a dual tip design that meets all your crafty needs. It works on so many things so you will only need to purchase these. We used these for a rock craft group and everyone raved about them. If you’re looking for something that works for your crafty needs, these fit all of them. The picture and description is spot on for what you get."
27838,27838_4,4,辅助与创意 (Tools & Accessories),便携笔袋/盒,carrying case,B0DGSHDF4L,Betem,5,The carrying case is compact and holds everything perfectly.,"The markers are amazing.  They are very vibrant, and there are a lot of shades to choose from.  The different tips allow for a lot of control and creativity, allowing you to create shapes and change the width and saturation of the ink midstream.  The carrying case is compact and holds everything perfectly.  It's about the size of a hardcover book and sits comfortably on a bookshelf.  It protects the markers and helps keep them from getting lost or drying out.  I really like this set and have used it for drawing and sketching from day one.  Hopefully i can buy the markers individually once they start to run out because I really like these."
27840,27840_4,4,涂色与创作 (Coloring & Greeting),成人涂色书,coloring book,B0DHVWN11X,JusArt,4,"There is alot of ink in the pens and should be able to use for a long while, I would think this would be good for coloring books.","The tip on these markers do not write a fine line, but a thick line, the colors are true but take at least 5 minutes to dry on the Christmas cards I make. The colors dry true to what the outside of the pen shows.The cap does not fit nicely on the end while I am using the pen, which could be a hassle if you have kids using these and later can't find the tops. I gave it four stars only because the writing tip is wider than I expected. There is alot of ink in the pens and should be able to use for a long while, I would think this would be good for coloring books."
27866,27866_2,2,勾线与细节 (Detailing & Outlining),铅笔/橡皮,pencil,B0DHVWN11X,JusArt,5,I'm getting older and a pencil mark just doesn't hack it in some instances.,"I got these to mark dark materials in my shop. I'm getting older and a pencil mark just doesn't hack it in some instances. I am quite happy with the amount of pens and the color variants. They mark very well - nice and bright - and they are just the right amount of fine line for my use. I've only used half a dozen of the pens, but every one has worked and worked again the next time I used them.I would get these again."
27870,27870_4,4,涂色与创作 (Coloring & Greeting),贺卡/信封,greeting cards,B0DHVWN11X,JusArt,5,"Whether you’re sketching elegant greeting cards or just aggressively doodling glitter mustaches on magazine photos, the ink flows as smoothly as your best pick-up line (or at least smoother).These markers are non-toxic and odorless, so go ahead and let the kids join in—though we can’t promise they won’t cover the walls in glittery doodles (hey, it’s called modern art).","Who knew your next masterpiece (or attempt at one) was just a pen shake away? These 16 shimmering colors are here to take your arts and crafts game from “meh” to “wowza!” Whether you’re jazzing up rocks, paper, or random objects around the house, these glitter paint pens will have you channeling your inner glitter god or goddess.From bold blues to radiant reds, these markers scream, “Look at me!” Perfect for crafting, drawing, or doodling on your coffee cup while pretending to take notes in meetings. Each marker’s ink is opaque, metallic, and glittery enough to blind any dullness in your life.With a 0.7mm fine tip, these markers deliver lines so crisp, you’ll wonder if you’ve secretly become an art prodigy. Whether you’re sketching elegant greeting cards or just aggressively doodling glitter mustaches on magazine photos, the ink flows as smoothly as your best pick-up line (or at least smoother).These markers are non-toxic and odorless, so go ahead and let the kids join in—though we can’t promise they won’t cover the walls in glittery doodles (hey, it’s called modern art). The ink is designed to sparkle forever—or at least until your cat decides to knock your project off the table.Don’t panic when nothing happens at first—these markers aren’t broken, just shy. Give them a good shake, press the tip, and voila! Glittery magic. (Pro tip: read the instructions on the box—yes, that box you already threw away.) Once the mystery is solved, you’ll love how easy these are to use.These bad boys write on glass, wood, stone, fabric, paper, and probably that one surface you swore couldn’t be decorated. Turn anything into your personal glittery canvas! Tired of boring notebooks? Done. Want to bedazzle your favorite mug? Go for it. Need to leave passive-aggressive notes on your roommate’s leftovers? Glitter makes it classy.Love the colors, love the glitter, and I’ve left sparkly reminders of my genius on every surface I own."
27879,27879_1,1,涂色与创作 (Coloring & Greeting),成人涂色书,coloring book | adult coloring,B0DHVWN11X,JusArt,5,I got these to use with an adult coloring book I have and they are super pretty!,I got these to use with an adult coloring book I have and they are super pretty! The color goes on evenly and the glitter shows through the color! They seem well saturated and I haven't had any issues with bleeding through or drying out.
27893,27893_1,1,涂色与创作 (Coloring & Greeting),成人涂色书,coloring book | adult coloring,B0DHVWN11X,JusArt,3,"I bought these specifically to use in my adult coloring books, and as of right now I'm not sure if I'll keep them or return them.","I bought these specifically to use in my adult coloring books, and as of right now I'm not sure if I'll keep them or return them. The colors are vivid and beautiful, with a lot of sparkly glitter in them. The problem is that there is no output regulation for the ink. When you prime these to initially release the ink, make sure you do it on a scrap piece of paper. Most of my pens released a large pool of ink, so it would definitely ruin any artwork under it. All of my pens didn't do this, though... just most. Even after priming, most of my pens still release way too much ink at once, without any way to control it. There is no way I would try these on my intricate coloring pages. I bought some other glitter pens to see if I like them better. If so, I will return these."
27897,27897_2,2,纸质媒介 (Paper & Pads),黑卡纸/本,black paper,B0DK3CVMSJ,Ohuhu,5,Was able to achieve really nice color on black paper with just 2 layers needed - some only needed one!,Very impressed with how juicy these are and also are very opaque! Was able to achieve really nice color on black paper with just 2 layers needed - some only needed one!
27902,27902_19,19,辅助与创意 (Tools & Accessories),镂空模板,stencils,B0DK3CVMSJ,Ohuhu,5,These pens are also great for card-making and stencils.,"This 24-piece acrylic paint pen kit is a blast--and at a little over $1 a pen, it gives you a lot of entertainment hours for your buck!The set comes in a beautifully decorated hardcover case, with the name ""Ohuhu"" (leaf in the 'O'), and drawings of leaves, flowers, stars, cactus, a cute gecko, peaceful dove, and other geometrics, designed to inspire, printed on the front in white. The back has Ohuhu's motto, ""Draw. Feel. Empower."" and a bunch of legal data printed on it. The zipper on the case moves very smoothly, and each pen has its own velcro loop to hold it secure in travel. This would make a perfect Plein Air sketch set, so light and easy to use.Inside, there is a multilingual instruction booklet and 3 swatch cards. 1 swatch card is filled out and has a white background, and there are also two blanks: one white and one black. I encourage you to fill both of these out, first, to prime your pens and get them ready to do an art, and second, so you can notice how the different background colors affect the perceived color of the pens. Even though you are using the exact same color on both cards, the final outcome looks VERY different. After that, you're ready to go!The colors of the paint are opaque, provided you let the bottom colors dry before adding more on top. This takes maybe a minute. You can also blend the colors just a bit by working two colors together quickly, but be careful that you don't foul and muddy your pen tips.Protip: if you've treated your item with gesso (highly recommended), you can blend, work, and even dilute the colors with a damp brush and a little water, allowing you to create watercolor-like effects or blend and smooth sharp lines. The gesso protects your item from the water and smooths the surface in order to accept the paint more readily. It's fairly cheap and available here on Amazon. Think of it as primer, except for art!These pens may not be as versatile as a full acrylic paint set, but neither are they as expensive or as messy. For a more advanced artist, these pens make a great color sketch set so you can get ideas down in the books quickly and conveniently, then you can use your full acrylic or oil paint set to make a full final copy. These paints are great for casual artists or smaller multimedia art projects such as rock painting or just adding a few quick touches to a knitting or sewing project. Not everybody wants or needs to bother with a full paint kit. These pens are also great for card-making and stencils. I'm sure there's a ton of other uses I've forgotten, or don't have the wit to imagine. 10/10, versatile, affordable, and FUN."
27904,27904_7,7,纸质媒介 (Paper & Pads),黑卡纸/本,black paper,B0DK3CVMSJ,Ohuhu,5,"All that said, the colors show up very nicely on black paper/backgrounds and I’m happy with that.","So I collect a lot of paint markers from all kinds of different brands and places, and these actually aren’t bad; but they’re cheap and I can tell. For one thing; these came already with the paint in the tip. There’s no way to control how much paint you want coming out, because you can’t press the tip in to stimulate the paint flow, they aren’t built that way. This is usually a problem when it comes to leaking, but so far these haven’t really leaked unless the cap is off. All that said, the colors show up very nicely on black paper/backgrounds and I’m happy with that."
27907,27907_10,10,纸质媒介 (Paper & Pads),黑卡纸/本,black paper,B0DK3CVMSJ,Ohuhu,5,They also come with a white card and a black card that you can paint with the corresponding numbered marker in the box to see how each shade will look on white or black paper.,These are so convenient to use and so much less mess than actually paint! My daughter love to make crafts but I don’t always love the mess they leave behind. These paint markers are a great solution for less mess.You get 24 a different color shades of markers. We were happy with the color selection but do wish there were a few more red color shades. The paints markers are easy to shake up before use and glide smoothly on a variety of surfaces. They are very vibrant in color. We tested multiple coats of different colors and it only took about a minute for the bottom color to dry before we could go over the top with a second color. Kids snap on tight to keep markers from drying out. They come in a nice zippered black case which makes them very easy to store. They also come with a white card and a black card that you can paint with the corresponding numbered marker in the box to see how each shade will look on white or black paper.
27910,27910_8,8,勾线与细节 (Detailing & Outlining),铅笔/橡皮,pencil,B0DK3CVMSJ,Ohuhu,4,"I have to turn it around when I want to check the color (I think this has to do with being right-handed, so maybe this feature is a bonus for left-handed people) and the second is that the number is only on the cap, and not on the pencil.","The colors are great, and I love the Ohuhu brand. The ink produces vibrant colors, but it is very wet, so it’s difficult to stay in lines. I think these pens are better used for large scale images, or freestyle. I like the fact that you can see the ink level in the pens; see photo 6. The fourth photo are the color charts. I like that you are given a black chart and a white on so you can see how the colors look on both surfaces.The first color chart is the one included, and if you compare the last two, which I did, you will see that their chart is a fairly good representation.Two details I find annoying are that the cap, for me, is upside down, if that makes sense. I have to turn it around when I want to check the color (I think this has to do with being right-handed, so maybe this feature is a bonus for left-handed people) and the second is that the number is only on the cap, and not on the pencil. It would be fairly easy to make sure you have the proper cap, but still, it’s an annoying feature.A bit less than $25, so not a bad price.Recommended.As a Vine reviewer, I receive selected items at no cost, in exchange for a fair and honest review. Only Amazon employees approve or disapprove the review, and there is no editing done by Amazon, only by the person who does the review."
27921,27921_7,7,涂色与创作 (Coloring & Greeting),成人涂色书,coloring book,B0DK3CVMSJ,Ohuhu,5,Acrylic markers are actually better for coloring books than alcohol markers because they don’t bleed through!,"I was so excited to receive this set of Ohuhu acrylic markers because I already use their alcohol markers and love them so much! And these markers did not disappoint! They were thick and juicy right out of the container. No priming necessary. I love the swish swish swish sound of the paint on the paper as you color. I love the opaqueness and brightness of the hues! Acrylic markers are actually better for coloring books than alcohol markers because they don’t bleed through! The other thing I like about these markers is how they feel on my hands. They are the perfect size and they feel very comfortable.This is important when you’re spending time coloring because you want your hands to be comfortable. In short, I love everything about these. Ohuhu acrylic markers!Monster image credit: Friendly Monsters Coloring Book for Kids Ages 4-8, by Brian Adams (available on Amazon)."
27921,27921_11,11,涂色与创作 (Coloring & Greeting),成人涂色书,coloring book,B0DK3CVMSJ,Ohuhu,5,"Ohuhu acrylic markers!Monster image credit: Friendly Monsters Coloring Book for Kids Ages 4-8, by Brian Adams (available on Amazon).","I was so excited to receive this set of Ohuhu acrylic markers because I already use their alcohol markers and love them so much! And these markers did not disappoint! They were thick and juicy right out of the container. No priming necessary. I love the swish swish swish sound of the paint on the paper as you color. I love the opaqueness and brightness of the hues! Acrylic markers are actually better for coloring books than alcohol markers because they don’t bleed through! The other thing I like about these markers is how they feel on my hands. They are the perfect size and they feel very comfortable.This is important when you’re spending time coloring because you want your hands to be comfortable. In short, I love everything about these. Ohuhu acrylic markers!Monster image credit: Friendly Monsters Coloring Book for Kids Ages 4-8, by Brian Adams (available on Amazon)."
27926,27926_6,6,纸质媒介 (Paper & Pads),涂鸦板/卡片,tags,B0DK3CVMSJ,Ohuhu,5,We ordered these tags by mistake as we usually get ones that you can easily etch writing into.,"I’m not an artist, but we keep some art supplies around for my daughter’s school projects. We tried these out on a coloring page and were pleased with the results. Colors are vibrant and they require no pressure to the paper so it almost feels like painting. These will definitely get use in our house. I also tried these out on an aluminum plant tag. We ordered these tags by mistake as we usually get ones that you can easily etch writing into. I let it dry and then left it out in a torrential downpour for three days and even when I rubbed it with a dry paper towel, it was mostly intact. Sharpies do not hold up at all on these metal tags, so now we have a way to use these tags up. Overall, these seem to be quality markers and when these are eventually used up or dry out, we will likely replace them and keep a set around."
27926,27926_8,8,纸质媒介 (Paper & Pads),涂鸦板/卡片,tags,B0DK3CVMSJ,Ohuhu,5,"Sharpies do not hold up at all on these metal tags, so now we have a way to use these tags up.","I’m not an artist, but we keep some art supplies around for my daughter’s school projects. We tried these out on a coloring page and were pleased with the results. Colors are vibrant and they require no pressure to the paper so it almost feels like painting. These will definitely get use in our house. I also tried these out on an aluminum plant tag. We ordered these tags by mistake as we usually get ones that you can easily etch writing into. I let it dry and then left it out in a torrential downpour for three days and even when I rubbed it with a dry paper towel, it was mostly intact. Sharpies do not hold up at all on these metal tags, so now we have a way to use these tags up. Overall, these seem to be quality markers and when these are eventually used up or dry out, we will likely replace them and keep a set around."
27934,27934_2,2,纸质媒介 (Paper & Pads),黑卡纸/本,dark paper,B0DK9RK89H,Sharpie,5,"They cover in one pass, they don’t leak through the page, the colors are vibrant on light or dark paper/craft, and you don’t have to constantly press to get more ink.","These pens are amazing! They cover in one pass, they don’t leak through the page, the colors are vibrant on light or dark paper/craft, and you don’t have to constantly press to get more ink. Best purchase!"
27940,27940_4,4,涂色与创作 (Coloring & Greeting),成人涂色书,coloring book,B0DK9RK89H,Sharpie,5,"For basic paper though, like lined notebook paper, it'll bleed through easier, but it still tries not to, but printer paper, coloring books, sketch and mixed media books it is only when I held too long.","Love the Sharpie brand so when I saw these markers I knew I needed to grab them. The colors are very vivid but true to the natural colors they're after. I did see it on the otherside of the paper but only if I held it accidently too long did I notice any bleed. For basic paper though, like lined notebook paper, it'll bleed through easier, but it still tries not to, but printer paper, coloring books, sketch and mixed media books it is only when I held too long."
27952,27952_2,2,纸质媒介 (Paper & Pads),水彩纸/多媒体纸,mixed media paper,B0DK9RK89H,Sharpie,4,"On a mixed media paper, the markers laid down nice opaque lines.","For paint markers these Sharpies are quite smooth. On a mixed media paper, the markers laid down nice opaque lines. The paints dry fairly quickly and don’t blend as you draw over old lines—in fact, they do a pretty good job of covering up previously drawn lines. As noted on the packaging, the paint did not bleed through the back of the sheet. This is the earth tone set and offers a range of slightly muted colors. The tips are rather thick, so good for simpler drawings. These are great markers for young artists."
27955,27955_2,2,纸质媒介 (Paper & Pads),黑卡纸/本,dark paper,B0DK9RK89H,Sharpie,4,"I tried them on light and dark paper also to see how they would ""pop"" and they show up pretty well on both light and dark.","I got these markers for writing on rocks mainly and they are good for that. I tried them on light and dark paper also to see how they would ""pop"" and they show up pretty well on both light and dark. A couple papers that I used them on, like post it notes, some didn't show up as well. They did not bleed through the paper. I'm not sure what about these colors makes them earth tones, but I like the set. It says on them to store horizontally for the best results."
27958,27958_5,5,涂色与创作 (Coloring & Greeting),成人涂色书,coloring book,B0DK9RK89H,Sharpie,3,I do purchase good quality coloring books and this does not happen with the regular sharpie markers.,"I like to use sharpie markers to color so I definitely wanted to try these. I purchased the 12 earth tones with a bullet tip and the 12 pop with the brush tip and have mixed feelings. The bullet tip is easier to control than the brush, the ink is definitely more similar to paint than markers with both types of brush tips, except 2 of the purples in earth tones need more pigment. I was disappointed with the bullet tip because the felt pills up on the pages. I do purchase good quality coloring books and this does not happen with the regular sharpie markers. I definitely like the brush tip, but it’ll need some getting used to. I’m not too crazy about the bullet tip. Hope they make the earth tones with the brush tip soon."
27961,27961_5,5,涂色与创作 (Coloring & Greeting),成人涂色书,coloring book | adult coloring,B0DK9RK89H,Sharpie,5,This would be great for adult coloring books as well.,These Sharpie earth tone acrylic markers are fantastic! The colors are gorgeous and different than the usual Sharpie colors.  They are perfect for artwork because the colors don’t bleed or blend into each other.  You can draw over another color right after you’ve used the first color- no waiting for anything to dry.  This would be great for adult coloring books as well.  The tip is nice and pointed so you can get detailed with the colors.  I really love these for my artwork!
28083,28083_3,3,纸质媒介 (Paper & Pads),黑卡纸/本,black paper,B0DLD1SHP9,Sharpie,3,it looks great on black paper.,"These are pricey for acrylic markers, but I guess you’re paying for the Sharpie brand name. The ink flows well and has good coverage; it looks great on black paper. I think the tips are pretty good quality. Just be aware that you’re buying 12 brush tip markers and 12 bullet tip markers, not 24 markers with dual tips — which I think was sort of an odd choice. The brush tips and bullet tips come in different colors, which is kinda weird to me but I’m glad to have 24 colors as opposed to just 12 repeated twice. Some of the colors are fairly similar to each other, which isn’t ideal to me with a set of 24. Overall, while these are perfectly serviceable markers I don’t feel the brand name makes them worth the price when you can easily find much larger sets of other brands for cheaper."
28089,28089_2,2,纸质媒介 (Paper & Pads),黑卡纸/本,dark paper,B0DLD1SHP9,Sharpie,5,"The water-based acrylic ink flows smoothly, and the colors are vibrant and opaque, even on dark paper.","I love that this set comes with different tip sizes, so I can experiment with fine details and bold strokes. The water-based acrylic ink flows smoothly, and the colors are vibrant and opaque, even on dark paper. I’ve tried them on paper, canvas, and even wood, and they worked great on all surfaces.

One thing to note is that some colors take a couple of layers to be fully opaque, but that’s expected with water-based markers. Also, shaking and priming the pens before use is necessary, but once you get the hang of it, it’s easy.

Overall, this is a fantastic set for beginners like me who want to explore acrylic markers without spending too much. I highly recommend them for anyone getting into painting or mixed media!"
28163,28163_2,2,勾线与细节 (Detailing & Outlining),铅笔/橡皮,pencil,B0DLKVD4TW,nauets,4,"The white and yellows do not cover light pencil lines, but the others do.","Very brilliant colors. The white and yellows do not cover light pencil lines, but the others do. The felt on the fine tip sheds so be sure you check the tip before putting it on your project!"
28172,28172_3,3,辅助与创意 (Tools & Accessories),火漆/装饰,stamps,B0DLKVD4TW,nauets,5,Work great for scrapbooking and cardmaking to color in certain parts of stamps on cardstock.,"This is a great small set of acrylic markers. Love the dual tip feature so you have a broad and fine tip for various applications. Work great for scrapbooking and cardmaking to color in certain parts of stamps on cardstock. Hoping they last awhile, would recommend. Nice color selection as well."
28179,28179_4,4,纸质媒介 (Paper & Pads),绘本/写生本,art journal,B0DLKVD4TW,nauets,5,I use them in my art journal and layer them with paints.,I can’t believe how well these pens write for the value. There is a wide variety of colors. I was hesitant to buy them because I thought they would be poor quality for the price but I was pleasantly surprised. I use them in my art journal and layer them with paints. They work perfectly.
28205,28205_1,1,涂色与创作 (Coloring & Greeting),成人涂色书,coloring book | adult coloring,B0DN5RLBKL,nauets,5,These are wonderful for coloring in adult coloring books.,These are wonderful for coloring in adult coloring books. No bleeding. Easy to manage and they look very vibrant. Will buy again.
28223,28223_2,2,涂色与创作 (Coloring & Greeting),成人涂色书,coloring book | adult coloring,B0DN5RLBKL,nauets,4,"These have been great for adult coloring books, but they will bleed through if another image is on the back side or next page.","These markers are smooth and release their pigment continuous flow.  These have been great for adult coloring books, but they will bleed through if another image is on the back side or next page.  Place a protective page between.  These tips don't last long on rough media, such as canvas and rocks that aren't completely smooth.  For the price there are good colors, shades or tints to blend, and the dual tip makes filling in pigment easy for details."
28226,28226_2,2,辅助与创意 (Tools & Accessories),镂空模板,stencils,B0DN5RLBKL,nauets,5,Great for edging and also work with stencils a lot better than a plain brush.,"When doing a lot of work on wood, including painting it, these little things are nice! Great for edging and also work with stencils a lot better than a plain brush."
28227,28227_9,9,辅助与创意 (Tools & Accessories),火漆/装饰,stamps,B0DN5RLBKL,nauets,4,I was testing out some new stamps designs today to see how they worked for some stamped flowers and some animals.,"I have a lot of acrylic markers/pens and it would seem like I wouldn't need yet another set, however, so much depends on their tips as to how well they work for what you are using them for. I like these dot tips in two sizes. The markers come with a color chart on the back of the box. The problem is, the markers are not numbered nor are their colors printed on them. This makes it difficult to know exactly which marker you are using. I have been using them the last couple of days. I made a Christmas tree just using dots in different colors of green for the branches, browns for the trunk, a gold star at the top and red lights. It was fun making it. I was testing out some new stamps designs today to see how they worked for some stamped flowers and some animals. At times I used the tip not to make dots but finer lines to color the stamps in. Some of the flowers I colored in and a few of the other designs showed through to the other side of the paper. I colored the rather large tree in my sketch book and had no bleed threw. I enjoyed using these markers, but it would be nice to be able to identify each color marker easily.<br><br>I appreciate the opportunity to try these markers. Thank you."
28227,28227_10,10,辅助与创意 (Tools & Accessories),火漆/装饰,stamps,B0DN5RLBKL,nauets,4,At times I used the tip not to make dots but finer lines to color the stamps in.,"I have a lot of acrylic markers/pens and it would seem like I wouldn't need yet another set, however, so much depends on their tips as to how well they work for what you are using them for. I like these dot tips in two sizes. The markers come with a color chart on the back of the box. The problem is, the markers are not numbered nor are their colors printed on them. This makes it difficult to know exactly which marker you are using. I have been using them the last couple of days. I made a Christmas tree just using dots in different colors of green for the branches, browns for the trunk, a gold star at the top and red lights. It was fun making it. I was testing out some new stamps designs today to see how they worked for some stamped flowers and some animals. At times I used the tip not to make dots but finer lines to color the stamps in. Some of the flowers I colored in and a few of the other designs showed through to the other side of the paper. I colored the rather large tree in my sketch book and had no bleed threw. I enjoyed using these markers, but it would be nice to be able to identify each color marker easily.<br><br>I appreciate the opportunity to try these markers. Thank you."
28306,28306_6,6,辅助与创意 (Tools & Accessories),贴纸/胶水,stickers,B0DPQ6WS34,HOTU,5,"I wrote my son's name on a water bottle stickers and expected it to fail....nope, dried like paint, even a bit raised.","My 12 yo daughter immediately started bargaining for these.  She knew exactly what they were and apparently they are very popular.  They are not writing pens, they're paint.  You shake them and press the tip so the paint bleeds into the stiff bristles.  They have a definite dry time but dry like paint.  I wrote my son's name on a water bottle stickers and expected it to fail....nope, dried like paint, even a bit raised.  They do say water based, so it may scrub off.  I wrote on his water bottle and let it dry, then sealed it with glaze and it worked like a dream.  No smudges when the glaze hit.  And the colors are shimmery and gorgeous.  I'm very impressed."
28312,28312_2,2,涂色与创作 (Coloring & Greeting),成人涂色书,coloring book,B0DPQ6WS34,HOTU,5,They are really glittery but aren't thick points so they work well in coloring books.,I really like these. They are really glittery but aren't thick points so they work well in coloring books. I dont really care that these are the kind where you have to press the tips in to get the ink flowing. I wish that aspect was more like markers. The pigments are bright and colorful with the right amount of shimmer. They do take a little time to dry so dont cover it to quickly. Great markers with great pigment
28316,28316_5,5,涂色与创作 (Coloring & Greeting),成人涂色书,coloring book | adult coloring,B0DPQ6WS34,HOTU,4,"Also, I would use a thicker paper or adult coloring book with a paper separating any other drawings, as they do bleed through a bit.","All 12 glitter markers work well and are so vibrant.  I love that these are water based and don’t have any strong smell either while using or when dried.  When priming each marker, I noticed some seemed a tad bit more watery than others, so be cautious when allowing younger children to prime the markers upon first use.  I ended up with a small puddle with a few of the colors.  Also, I would use a thicker paper or adult coloring book with a paper separating any other drawings, as they do bleed through a bit.
Overall, they dried nicely and fairly quickly on paper.  When you are first coloring with them, it’s hard to see the glitter, but after it dries, you clearly see a glittery sheen.  I used this to label some clear cups and they worked nicely for that, but did take a while to dry and the glitter was less noticeable on the plastic.
The pens themselves seem like a very nice quality, with a sturdy plastic and a cap that snaps on very well.  I used the markers after a few days of opening them and they were working as new.
The price seems fair for the nice quality and for the 12 vibrant colors."
28338,28338_3,3,纸质媒介 (Paper & Pads),重磅马克笔纸,thick paper,B0DPW68PPJ,HOTU,5,Since they are paint you will want either canvas or really thick paper!,"Great!!! The colors are beautiful, easy to use, and they work great! Since they are paint you will want either canvas or really thick paper! Luckily my coloring book of choice is thick cardstock-type so it was fine but with normal paper I imagine they will bleed! Brush tips are nice and they work well for casual coloring!"
28338,28338_4,4,涂色与创作 (Coloring & Greeting),成人涂色书,coloring book,B0DPW68PPJ,HOTU,5,Luckily my coloring book of choice is thick cardstock-type so it was fine but with normal paper I imagine they will bleed!,"Great!!! The colors are beautiful, easy to use, and they work great! Since they are paint you will want either canvas or really thick paper! Luckily my coloring book of choice is thick cardstock-type so it was fine but with normal paper I imagine they will bleed! Brush tips are nice and they work well for casual coloring!"
28339,28339_2,2,涂色与创作 (Coloring & Greeting),成人涂色书,coloring book,B0DPW68PPJ,HOTU,5,The 18 vibrant colors are perfect for her coloring books and creative projects.,"I got the HOTU Acrylic Paint Markers for my niece, and she absolutely loves them! The 18 vibrant colors are perfect for her coloring books and creative projects. The brush tips allow for smooth and precise strokes, and she enjoys using them for everything from fine details to bold lines. While the markers have great coverage, they do bleed through the paper, so I recommend drawing on one side only. They're non-toxic and odorless, making them safe for kids. A great gift for any young artist or DIY enthusiast!"
28366,28366_2,2,纸质媒介 (Paper & Pads),绘本/写生本,art journal,B0DQX43YQD,TBC The Best Crafts,5,"I got them to play with in my art journal, and they have been perfect for that use.","I’m very happy with these acrylic paint markers. I got them to play with in my art journal, and they have been perfect for that use. The paint flows out steadily and evenly. There were no blobs of paint and no waiting for the paint to flow, either. Just nice, even strokes of paint. The paint can’t be too thick in pens, or it wouldn’t work, but the paint isn’t so thin that it’s transparent. Some of the colors are a little more opaque than others depending on how quickly your hand is during the application of the paint. Layering a second coat would be easy enough for that, though, should it be a problem. For me, it wasn’t. I’m not using these for my canvases. It’s just for my journal. I feel like this set of acrylic markers is a fabulous bargain at the current price of $15.99. I very highly recommend them."
28406,28406_4,4,涂色与创作 (Coloring & Greeting),成人涂色书,coloring book | adult coloring,B0DSBF4KRY,Betem,5,"- The paint is highly pigmented and provides full coverage easily - Ink flows well, with no drips or dryness - Great value - No streaks when applying to larger areas Neutral: - The smaller tip is small, but not technically “fine.” You might have trouble if using those for adult coloring books with intricate details.","Absolutely recommended!

Pros:
- It promises 36 colors, and you get 36 colors. They’re all unique and stand out from one another.
- The paint is highly pigmented and provides full coverage easily
- Ink flows well, with no drips or dryness
- Great value
- No streaks when applying to larger areas

Neutral:
- The smaller tip is small, but not technically “fine.” You might have trouble if using those for adult coloring books with intricate details. See photo to get an idea of the size.

Cons:
- None!"
28408,28408_8,8,表面保护 (Finishing & Protection),密封胶,sealant,B0DSBF4KRY,Betem,5,"These can be used on fabric, paper, wood and rocks as well as other materials like glass and plant pots but I definitely recommend that most of these get sprayed or coated with some kind of sealant especially if used outside or around water.","If you never tried paint markers then these are the ones for you. I have a few different sets from other brands and I will say this set is by far the best. Not only are there a bunch of great colors in the set but having dual tips is really great. I love having the brush tip as well as the firm tip. Depending on what you are making each tip will come in handy.

The set of colors you get is fantastic. You of course get the basics but then you get lots of other hues to really make this a well rounded set not only for beginners but to pros as well. These can be used on fabric, paper, wood and rocks as well as other materials like glass and plant pots but I definitely recommend that most of these get sprayed or coated with some kind of sealant especially if used outside or around water. These are just acrylic markers and they will fade, chip etc depending on what was painted. So example, if you paint a rock, spray it with clear coating.

The tips are smooth and the paint goes on easily. They never drip, splat or clog. Colors are vibrant and have a great opaqueness to them so you don't have to layer to cover. However, depending on the material you use , you may have to apply a second coat.

Overall these are priced well, have dual tips and vibrant colors. definitely quality markers."
28408,28408_10,10,表面保护 (Finishing & Protection),亮油/保护喷雾,clear coat,B0DSBF4KRY,Betem,5,"So example, if you paint a rock, spray it with clear coating.","If you never tried paint markers then these are the ones for you. I have a few different sets from other brands and I will say this set is by far the best. Not only are there a bunch of great colors in the set but having dual tips is really great. I love having the brush tip as well as the firm tip. Depending on what you are making each tip will come in handy.

The set of colors you get is fantastic. You of course get the basics but then you get lots of other hues to really make this a well rounded set not only for beginners but to pros as well. These can be used on fabric, paper, wood and rocks as well as other materials like glass and plant pots but I definitely recommend that most of these get sprayed or coated with some kind of sealant especially if used outside or around water. These are just acrylic markers and they will fade, chip etc depending on what was painted. So example, if you paint a rock, spray it with clear coating.

The tips are smooth and the paint goes on easily. They never drip, splat or clog. Colors are vibrant and have a great opaqueness to them so you don't have to layer to cover. However, depending on the material you use , you may have to apply a second coat.

Overall these are priced well, have dual tips and vibrant colors. definitely quality markers."
28414,28414_1,1,纸质媒介 (Paper & Pads),绘本/写生本,sketchbook,B0DSBF4KRY,Betem,5,"I'm normally a brand snob, enjoying only the finest of my curated art tools and wanting nothing but the best for what I create in my sketchbook.","I'm normally a brand snob, enjoying only the finest of my curated art tools and wanting nothing but the best for what I create in my sketchbook. However, even though I hadn't heard of this brand before, I was really surprised by the quality of their markers. Compared to POSCA and Arrtx, these are closer to POSCA in terms of vibrancy. They pop off the page, plus they went on very smooth and opaque. Only one of the colors required a little touch up in my swatch book to get full coverage.

One huge selling point (and a gripe I have about most brands of markers/pens) is that these markers are labeled/numbered on both ends. Again, this is huge. I never understood why Arrtx made you put stickers on their paint markers and try to eyeball which sticker went with which color. I very much appreciated Betem's simple design here and the ease of use to quickly identify what each color is, whether the marker is up or down."
28414,28414_8,8,辅助与创意 (Tools & Accessories),贴纸/胶水,stickers,B0DSBF4KRY,Betem,5,I never understood why Arrtx made you put stickers on their paint markers and try to eyeball which sticker went with which color.,"I'm normally a brand snob, enjoying only the finest of my curated art tools and wanting nothing but the best for what I create in my sketchbook. However, even though I hadn't heard of this brand before, I was really surprised by the quality of their markers. Compared to POSCA and Arrtx, these are closer to POSCA in terms of vibrancy. They pop off the page, plus they went on very smooth and opaque. Only one of the colors required a little touch up in my swatch book to get full coverage.

One huge selling point (and a gripe I have about most brands of markers/pens) is that these markers are labeled/numbered on both ends. Again, this is huge. I never understood why Arrtx made you put stickers on their paint markers and try to eyeball which sticker went with which color. I very much appreciated Betem's simple design here and the ease of use to quickly identify what each color is, whether the marker is up or down."
28490,28490_1,1,涂色与创作 (Coloring & Greeting),成人涂色书,coloring book,B0DTVLT2JK,ARTISTRO,5,"Absolutely LOVE these markers, tried it on some coloring books.","Absolutely LOVE these markers, tried it on some coloring books. Will be trying it on canvas as well. I had the Metallic set first and loved them so much I bought this 72ct set and I love how bright, vivid, bold they look, especially over black and it flows out so smoothly."
28520,28520_2,2,辅助与创意 (Tools & Accessories),便携笔袋/盒,carrying case,B0DZ2RTY3P,Tongfushop,5,I love the color variety and bonus carrying case.,"This is a good value for the money and the product you receive. I love the color variety and bonus carrying case. The case makes for such easy storage and for those who like to put colors in particular order. It also makes it so much easier to grab the marker you need vs looking through a bin or bag.

The markers are good quality, nice tips, and didn't notice bleeding on the paper. Would be very good to use on non-porous surfaces but also just as well for porous surfaces. I would recommend and would order again."
28523,28523_1,1,辅助与创意 (Tools & Accessories),便携笔袋/盒,carrying case,B0DZ2RTY3P,Tongfushop,5,Beautiful assortment of colors and nice carrying case,Beautiful assortment of colors and nice carrying case
28526,28526_1,1,涂色与创作 (Coloring & Greeting),成人涂色书,coloring book,B0DZ2RTY3P,Tongfushop,4,They work well on canvas but on regular coloring book paper they pill.,"They work well on canvas but on regular coloring book paper they pill. I'm constantly pulling off pieces of tiny paper from the tip. The darker colors seems to last longer too, I've owned this set for about a week now and I already need a new orange. One of the biggest cons was that there's only 1 shade of red in this whole set. Overall they're a good ""get me by"" marker but there's probably better ones out there with a better variety of colors."
28535,28535_3,3,辅助与创意 (Tools & Accessories),便携笔袋/盒,carrying case,B0DZ2RTY3P,Tongfushop,5,"I love the carrying case so everything is contained and as long as you use the case, none of them should get lost.","I was looking for a set of markers like this to not only help touch up different items that I have that have acrylic pain and are either chipped or scratched, but to use when marking bolts on my car that need to be torqued.  The paint itself goes on smooth and dries quickly.  I love the carrying case so everything is contained and as long as you use the case, none of them should get lost.  For the price, I think these are a great deal"
28552,28552_3,3,辅助与创意 (Tools & Accessories),便携笔袋/盒,carrying case,B0DZ2RTY3P,Tongfushop,5,"The choice of colors is superb for most hobby and art projects, and they come organized in an inspiring manner in a convenient carrying case.","These 72 acrylic markers from seller Tongfushop form a quality set of vibrant, earth tone and metallic colors.  The non-toxic acrylic paint is opaque - even with the lighter shades.  The choice of colors is superb for most hobby and art projects, and they come organized in an inspiring manner in a convenient carrying case. At 36 cents per pen this set is a real buy."
28576,28576_2,2,纸质媒介 (Paper & Pads),水彩纸/多媒体纸,watercolor paper | cold press,B0DZN8RNB3,Guangna,5,I’m using the Baohong 300-gsm cold-pressed watercolor paper,Very good acrylic paint markers. I’m using the Baohong 300-gsm cold-pressed watercolor paper
28598,28598_2,2,纸质媒介 (Paper & Pads),水彩纸/多媒体纸,mixed media paper,B0F21K1CCX,DICEKOO,5,I’ve used them on mixed media paper and a canvas.,Good quality markers. I’ve used them on mixed media paper and a canvas. I will definitely buy these again.
28604,28604_2,2,纸质媒介 (Paper & Pads),水彩纸/多媒体纸,cold press,B0F21K1CCX,DICEKOO,5,"Includes a swatch card on Cold Press card stock, which is great except the numbers are chaotic.","Set of 240 acrylic brush markers with bright fresh colors, smooth flow, and a window to show how much pigment is left. Includes a swatch card on Cold Press card stock, which is great except the numbers are chaotic. You have to do a 'Where's Waldo?' search for each number to match them up. It's probably easier and faster to use a blank sheet to swatch them, although you may not need swatches since you can see the color on the bristles when you open the cap.Great range of colors, which is helpful because acrylic brushes dry fast and aren't as easy to blend as watercolors or tube acrylics.The price is about $0.50 per pen and sometimes less when they have discounts.Very versatile and fun to use. You can paint on almost anything... stones, glass, plastic, rocks cardboard, metal, paper... just remember to shake them well first. My only complaint is the order of the numbers on the swatch card, but it's not concerning enough to take off a star. The paints themselves are good."
28613,28613_5,5,辅助与创意 (Tools & Accessories),便携笔袋/盒,holder,B0F21K1CCX,DICEKOO,5,The pens themselves seal very nicely and are easy to remove from the holder and replace them when done.,"QUICK LOOK: We've got quite a few artists around here and have gone through our fair share of markers, brushes, medium, etc of all types. Normally when you see a set like this from a brand you arent' 100% sure of, you end up with a mediocre product that doesn't meet expectations. I'm happy to report that these markers exceeded on all fronts and work great on different types of mediums. There's a staggering number of colors to choose from making them ideal to work with simple or advanced projects. The pens themselves seal very nicely and are easy to remove from the holder and replace them when done. This is a well thought out product for function as well as ease of use.We've used these for a few weeks now and have seen no degradation of the quality of these pens. VERY easy to recommend these for anyone looking to expand their acrylic painting / drawing horizons!THE GOOD STUFF:- Well made pens that have a nice tip and work great- No leakage from the pens- Nice feel in the hand- Easy to put caps on and take off and replace in holder- Staggering number of colors to choose from- Excellent valueTHE NOT SO GOOD STUFF:- Nothing to report here - these work better than some of the more expensive sets out there!"
28613,28613_7,7,辅助与创意 (Tools & Accessories),便携笔袋/盒,holder,B0F21K1CCX,DICEKOO,5,VERY easy to recommend these for anyone looking to expand their acrylic painting / drawing horizons!THE GOOD STUFF:- Well made pens that have a nice tip and work great- No leakage from the pens- Nice feel in the hand- Easy to put caps on and take off and replace in holder- Staggering number of colors to choose from- Excellent valueTHE NOT SO GOOD STUFF:- Nothing to report here - these work better than some of the more expensive sets out there!,"QUICK LOOK: We've got quite a few artists around here and have gone through our fair share of markers, brushes, medium, etc of all types. Normally when you see a set like this from a brand you arent' 100% sure of, you end up with a mediocre product that doesn't meet expectations. I'm happy to report that these markers exceeded on all fronts and work great on different types of mediums. There's a staggering number of colors to choose from making them ideal to work with simple or advanced projects. The pens themselves seal very nicely and are easy to remove from the holder and replace them when done. This is a well thought out product for function as well as ease of use.We've used these for a few weeks now and have seen no degradation of the quality of these pens. VERY easy to recommend these for anyone looking to expand their acrylic painting / drawing horizons!THE GOOD STUFF:- Well made pens that have a nice tip and work great- No leakage from the pens- Nice feel in the hand- Easy to put caps on and take off and replace in holder- Staggering number of colors to choose from- Excellent valueTHE NOT SO GOOD STUFF:- Nothing to report here - these work better than some of the more expensive sets out there!"
28616,28616_7,7,勾线与细节 (Detailing & Outlining),铅笔/橡皮,pencil,B0F21K1CCX,DICEKOO,5,Then she designed a wildflower bouquet with a pencil.,"Ignore the pen’s numbering system. We grouped them by color.  We filled out the  included chart where you mark the color in the box. Filling it out was actually fun and we got a feel for how the brush tips worked, since we are not artistic but love things like this anyway.  My youngest granddaughter at 12 decided to make a Mother’s Day card and, not because I am her grandmother, it turned out beautiful. First she made a border around the edge of the plain white card. Then she designed a wildflower bouquet with a pencil. Once satisfied she carefully colored in the flowers. I plan on making cards this way for some upcoming birthdays.  I’m very excited to begin.  My granddaughter likes the colors. The pens are waterproof and quick drying with a soft brush tip. There are 240 colors. Paint on paper, canvas, rock, wood, or eggs. There were no problems using the pens. Have fun creating."
28625,28625_1,1,涂色与创作 (Coloring & Greeting),成人涂色书,adult coloring,B0F21K1CCX,DICEKOO,5,These work beautifully for adult coloring and are fun to use with a great flow.,These work beautifully for adult coloring and are fun to use with a great flow. Very high quality marker.
28628,28628_9,9,辅助与创意 (Tools & Accessories),便携笔袋/盒,holder,B0F21K1CCX,DICEKOO,5,They are made of paper rather than held inside of a canvas holder like some other brands.,"This is an amazing selection of colors - more than I have ever seen in a collection before.  I personally just grab a color in the general range of blue and test it to see if it is what I want to use.  I have read that others are totally frustrated by the fact that these paint brush-pens are not labeled and there is no semblance of order in the numbering.  But if you look at the colors on the outside top of the pen you have a pretty good idea of the hue and can experiment with the color.  I have rearranged mine in the box to generally group together the general color on a basic color wheel ( red, purple, blue, green, yellow, orange) and then the metallics and other odd ones out at the end.  This works perfectly well for me and happy with these.  I like the fact that the paint  dries appropriately fast allowing for layering without having to wait any length of time.  The only thing I don't love about(but don't hate) is the container these pens are in.  They are made of paper rather than held inside of a canvas holder like some other brands.  But perhaps this is the tradeoff for having the largest set I have ever owned.  All in all, I think this is a great set and a good value for the money."
28642,28642_4,4,纸质媒介 (Paper & Pads),水彩纸/多媒体纸,mixed media paper,B0F21K1CCX,DICEKOO,5,"I'm using cheap mixed media paper and it doesn't bleed through, either--these are absolutely amazing and I can't recommend them enough.","Absolutely amazing product. I was skeptical at first given the generic packaging, but the paint markers are some of the best I've ever used, absolitely rivaling Posca and other big brands. Most colors go on smooth the first time, though many require a second coat (standard depending on the medium you're painting on and the color you choose), and light colors go onto dark without an issue. I'm using cheap mixed media paper and it doesn't bleed through, either--these are absolutely amazing and I can't recommend them enough."
28658,28658_1,1,表面保护 (Finishing & Protection),密封胶,mod podge,B0F24N6MRC,IVSUN,5,I bought and received these last week but it wasn't until today that I tried them out so these are the acrylic pens on a 6x6x1.5-in canvas I absolutely love these I did do a light glaze of mod podge over after it's dry,I bought and received these last week but it wasn't until today that I tried them out so these are the acrylic pens on a 6x6x1.5-in canvas I absolutely love these I did do a light glaze of mod podge over after it's dry
28662,28662_3,3,辅助与创意 (Tools & Accessories),便携笔袋/盒,carrying case,B0F24N6MRC,IVSUN,5,Their carrying case is sturdy and keeps them well protected.<br><br>The paint itself isn't completely opaque.,"I was greatly excited about the variety of colors in this set. It's a wide enough variety to be versatile for beginners, without the investment of larger professional sets.<br>These acrylic paint pens write smoothly right out of the package without any need for priming. Their carrying case is sturdy and keeps them well protected.<br><br>The paint itself isn't completely opaque. It takes a few layers before it reaches full opacity, but that means you can make subtle adjustments to the tone if you want to by underpainting with a different base color."
28672,28672_2,2,辅助与创意 (Tools & Accessories),便携笔袋/盒,carrying case,B0F24N6MRC,IVSUN,4,"The carrying case is convenient, even for just home use.","Why did you pick this product vs others?:<br>I chose these because there was a large assortment of colors, both metallic and typical. The carrying case is convenient, even for just home use. It keeps them organized and sorted. The pens have plenty of ink, but some seem to lack the juiciness after several uses. It should be noted that the non-metallic ones have a very matte finish which was surprising and not mentioned in the description. It’s not bad, but if you’re expecting a finish other than matte, these might not be for you.&#160;"
28673,28673_2,2,涂色与创作 (Coloring & Greeting),成人涂色书,coloring book | adult coloring,B0F24N6MRC,IVSUN,5,With the adult coloring books we have using them to highlight the edges and borders it works great.,"These markers are great. With the adult coloring books we have using them to highlight the edges and borders it works great. my only complaint with them is that there is no number or indication on them that tell you what color they are. You get a color sheet that tells you the color and the look of the marker color but if you don't put them back in the same spot you might end up grabbing a different color than you want so you'll have to label them yourself which is a pain. There isn't a bad smell to the markers that you sometimes get with these types of paint pens so you can go extended sessions of coloring. The size of them is what you would expect about the size of the smaller sharpie pen. I haven't colored long enough with them to see if they last longer with out them drying out like you do get from time to time. The marker tips are small and allow color to fill the tip adequately for your coloring. I love the little case that you get with them to keep them all in order and it zips up, with a carrying handle. It feels like a cd case back in the 90s but feels great and it would be easy if your like me hosting or going to color parties"
28687,28687_12,12,涂色与创作 (Coloring & Greeting),成人涂色书,coloring book | adult coloring,B0F24N6MRC,IVSUN,4,I plan to use them in my adult coloring books.,"This is a nice quality set of paint pens. The case is sturdy &amp; i’m very happy with the color selection. I like the dual tips too. I gave it 4 stars because while most of the colors are pretty opaque, the white isn’t. The silver &amp; gold are also not very shiny. Also they include a pre-printed color sheet &amp; then on the flip side you can fill in your own, however the pens aren’t even numbered (not named either) so I think it would be hard to make your own swatch sheet. I think this is a great set for beginners but could use some improvements. Would make for a nice gift though. I plan to use them in my adult coloring books."
28728,28728_4,4,表面保护 (Finishing & Protection),亮油/保护喷雾,fixative,B0F4WTK6LL,DICEKOO,5,".To be fair, I have not tried these on all of those yet - and I would probably wait for a few until I get a really good fixative.","I do a lot of painting - across lots of media.  I paint wood, canvas, fabric, stone, shoes, clothing, hats, metal plates. . .To be fair, I have not tried these on all of those yet - and I would probably wait for a few until I get a really good fixative. . . But I have tried quite a few of the colours and. . .they are surprisingly bright and vibrant - even on the wood.  They bonded well so far with: wood, the plastic, canvas, and fabric.  The tips are small enough to get a decent amount of detail - assuming you have a decent to better than average steadiness in your hands.  There are an insane amount of colours - some more subtle and some incredibly different - I'm still playing around to figure out which to use for what, but I did appreciate the fact they included a few little boards that you can effectively use as test swatches for the colours (though. . .you could just use scrap cardboard or whatever you have on hand. . .but still nice).The case holding it is nice.  Simple unzip, and the markers essentially just cascade and unfold - and as I noted. . .there are a lot.  But they did hold in place until putting them out, so not too difficult to keep organized either.They are not ""cheap"" in terms of total cost. . .but when you consider you are getting over 200. . .the price actually seems pretty fair, too.  Once I get a protective fixative to test on it, I could say more, but right now. . .these are pretty great."
28728,28728_25,25,表面保护 (Finishing & Protection),亮油/保护喷雾,fixative,B0F4WTK6LL,DICEKOO,5,"Once I get a protective fixative to test on it, I could say more, but right now.","I do a lot of painting - across lots of media.  I paint wood, canvas, fabric, stone, shoes, clothing, hats, metal plates. . .To be fair, I have not tried these on all of those yet - and I would probably wait for a few until I get a really good fixative. . . But I have tried quite a few of the colours and. . .they are surprisingly bright and vibrant - even on the wood.  They bonded well so far with: wood, the plastic, canvas, and fabric.  The tips are small enough to get a decent amount of detail - assuming you have a decent to better than average steadiness in your hands.  There are an insane amount of colours - some more subtle and some incredibly different - I'm still playing around to figure out which to use for what, but I did appreciate the fact they included a few little boards that you can effectively use as test swatches for the colours (though. . .you could just use scrap cardboard or whatever you have on hand. . .but still nice).The case holding it is nice.  Simple unzip, and the markers essentially just cascade and unfold - and as I noted. . .there are a lot.  But they did hold in place until putting them out, so not too difficult to keep organized either.They are not ""cheap"" in terms of total cost. . .but when you consider you are getting over 200. . .the price actually seems pretty fair, too.  Once I get a protective fixative to test on it, I could say more, but right now. . .these are pretty great."
28734,28734_6,6,辅助与创意 (Tools & Accessories),便携笔袋/盒,carrying case,B0F4WTK6LL,DICEKOO,5,"These are ready to use right out of the nifty carrying case it comes in, which I really appreciated.","I am really liking this acrylic paint marker set. I really like the many, many different colors that you receive in this set. The colors are vibrant and color smoothly. I have used them on many different mediums, including lamp shades and glasses, and am happy with the results. I will say that on glass, it does eventually wash off, but it takes awhile if we are careful not to use the sponge aggressively on the area with the paint. These are ready to use right out of the nifty carrying case it comes in, which I really appreciated. The marker nibs work well, but after a bit of use start to get flimsy at the tip. They do include 20 replacement tips so that when they start to get mushy at the end, it can easily be fixed without losing an entire marker. This is a pricey set, but I love the versatility this provides with the smooth coverage and color options. I would definitely get these again."
28737,28737_2,2,涂色与创作 (Coloring & Greeting),成人涂色书,coloring book | adult coloring,B0F4WTK6LL,DICEKOO,5,They're perfect for small projects and adult coloring books.,"I like these little acrylic pens. They're perfect for small projects and adult coloring books. They're blendable if you're quick enough, or you can use a damp brush for further blending. The tips are nice, and it comes with extra nibs in case you're using them for painting on rough surfaces that will wear the nibs out faster. The bag they come in is ok, but doesn't have any structure to it, so it's pretty floppy. The picture is a little misleading since it looks like it's more of a case than a bag.  But that's a small thing. I think it's easier to have a bag to take with you than a box, and it allows for storing them horizontally like they should be. I like the direct ink system. It makes for even flow. It's a nice set overall."
28739,28739_6,6,涂色与创作 (Coloring & Greeting),成人涂色书,coloring book,B0F4WTK6LL,DICEKOO,5,"It will make it easier for you when you're trying to find a specific color based on the color card.I have used these markers so far on paper on cardboard, on plastic and on leaves and they work as if I was coloring in a coloring book.","These markers are worth their value. I like how every single marker has its own elastic band. When the set first came in, all of the markers were not in order, so while I was filling in the swatch card, I put the markers into the order that matches the color cards. I also gave each row.A label by using the white marker. I recommend actually taking the time to do this step. It will make it easier for you when you're trying to find a specific color based on the color card.I have used these markers so far on paper on cardboard, on plastic and on leaves and they work as if I was coloring in a coloring book. I love that the markers do not bleed through on thin coloring books. The pictures i'm showing are of a color by number coloring book. I wanted to use this one so you can see how well the colors cover the printed letter or number. The majority of the colors do cover the black font of the number/letter code in the pixel boxes. There are only a small handful of colors that you may need to layer up. A perfect example is the wheat color in the photos. You can still see the letter g through the paint.Because these are acrylic markers, always store your markers horizontally.If you do not want them to dry up. The set comes with twenty extra nibs, so if you find a marker's nib gets frayed, you can replace it. The zippered bag comes in handy too. It makes the markers easier to lug around, to store away, and is more appealing than a box of markers."
28739,28739_7,7,涂色与创作 (Coloring & Greeting),成人涂色书,coloring book,B0F4WTK6LL,DICEKOO,5,I love that the markers do not bleed through on thin coloring books.,"These markers are worth their value. I like how every single marker has its own elastic band. When the set first came in, all of the markers were not in order, so while I was filling in the swatch card, I put the markers into the order that matches the color cards. I also gave each row.A label by using the white marker. I recommend actually taking the time to do this step. It will make it easier for you when you're trying to find a specific color based on the color card.I have used these markers so far on paper on cardboard, on plastic and on leaves and they work as if I was coloring in a coloring book. I love that the markers do not bleed through on thin coloring books. The pictures i'm showing are of a color by number coloring book. I wanted to use this one so you can see how well the colors cover the printed letter or number. The majority of the colors do cover the black font of the number/letter code in the pixel boxes. There are only a small handful of colors that you may need to layer up. A perfect example is the wheat color in the photos. You can still see the letter g through the paint.Because these are acrylic markers, always store your markers horizontally.If you do not want them to dry up. The set comes with twenty extra nibs, so if you find a marker's nib gets frayed, you can replace it. The zippered bag comes in handy too. It makes the markers easier to lug around, to store away, and is more appealing than a box of markers."
28739,28739_8,8,涂色与创作 (Coloring & Greeting),成人涂色书,coloring book,B0F4WTK6LL,DICEKOO,5,The pictures i'm showing are of a color by number coloring book.,"These markers are worth their value. I like how every single marker has its own elastic band. When the set first came in, all of the markers were not in order, so while I was filling in the swatch card, I put the markers into the order that matches the color cards. I also gave each row.A label by using the white marker. I recommend actually taking the time to do this step. It will make it easier for you when you're trying to find a specific color based on the color card.I have used these markers so far on paper on cardboard, on plastic and on leaves and they work as if I was coloring in a coloring book. I love that the markers do not bleed through on thin coloring books. The pictures i'm showing are of a color by number coloring book. I wanted to use this one so you can see how well the colors cover the printed letter or number. The majority of the colors do cover the black font of the number/letter code in the pixel boxes. There are only a small handful of colors that you may need to layer up. A perfect example is the wheat color in the photos. You can still see the letter g through the paint.Because these are acrylic markers, always store your markers horizontally.If you do not want them to dry up. The set comes with twenty extra nibs, so if you find a marker's nib gets frayed, you can replace it. The zippered bag comes in handy too. It makes the markers easier to lug around, to store away, and is more appealing than a box of markers."
28741,28741_3,3,辅助与创意 (Tools & Accessories),便携笔袋/盒,carrying case,B0F4WTK6LL,DICEKOO,5,"The ink is quick-drying and lightfast, which helps projects last without fading.The carrying case keeps everything organized, making it easy to take on the go.","This set includes 240 Acrylic Paint Markers with Case in a wide spectrum of colors, plus two extras for blending. The soft brush tips glide smoothly, providing control for detailed work or bold strokes. The ink is quick-drying and lightfast, which helps projects last without fading.The carrying case keeps everything organized, making it easy to take on the go. Perfect for rock painting, canvas, or DIY crafts, it’s a versatile set that sparks creativity."
28747,28747_2,2,辅助与创意 (Tools & Accessories),便携笔袋/盒,carrying case,B0F4X32HC4,Astriscribe,4,"The clever design of the box, which functions as a sturdy carrying case with dividers, is an excellent touch.","From the moment I unboxed this marker set, I was impressed. The clever design of the box, which functions as a sturdy carrying case with dividers, is an excellent touch. It keeps the markers organized and prevents them from rolling around—a small detail that makes a big difference. I immediately put these pens to work, using them to add detailed embellishments to my epoxy crafts and to sign my acrylic artwork.

What truly stands out about this set is its thoughtful design and fantastic performance. The markers are a comfortable size, and I appreciate being able to see the ink levels clearly. They were ready to use right out of the box; all it took was a quick shake, and they were working perfectly. The pack also comes with extra tips, and I found the fine tips to be incredibly versatile—perfect for creating both crisp, thin lines and filling in larger areas. On top of all that, the set includes a wide and vibrant range of eye-catching colors that really make my work pop.

The only real drawback I found was the drying time, which takes about 5 minutes for the ink to fully set. When I was layering multiple colors in a single design, I had to be patient and wait between applications to avoid smudging or bleeding.

Overall, this is a great set that I would recommend to both beginners and advanced artists or crafters. The vibrant colors also make them useful for everyday tasks like labeling and organizing around the house or office. It’s a versatile and high-quality product, as long as you're prepared for a little extra drying time when working on intricate, multi-layered projects."
28753,28753_5,5,勾线与细节 (Detailing & Outlining),铅笔/橡皮,rubber,B0F4X32HC4,Astriscribe,5,"They're exactly what I expected, and they do the job I needed them to do (painting on PU leather and rubber for shoe customization.)","Great pens.  Colors are opaque, not see-through, and overall they match the expected colors quite well aside from a couple of the lighter greens, which are a bit on the yellow side

Extra replacement tips are included, which is nice. The tips also seem quite firm, so hopefully they'll outlast the acrylic itself.

I got these free as part of the Amazon Vine program but I would have been satisfied with them even if I had paid the listing price.  They're exactly what I expected, and they do the job I needed them to do (painting on PU leather and rubber for shoe customization.)"
28795,28795_4,4,涂色与创作 (Coloring & Greeting),成人涂色书,coloring book,B0F4XFTXMV,WELLOKB,5,"Perfect for drawing, coloring books, or school projects.","I bought these colors for my daughter, and we both love them! The colors are bright, smooth, and easy to blend. They don’t break easily, and the box has a nice variety of shades. Perfect for drawing, coloring books, or school projects. Totally worth it for the price!"
28816,28816_1,1,涂色与创作 (Coloring & Greeting),成人涂色书,coloring book,B0F4XFTXMV,WELLOKB,5,I love using them for my coloring books.,"I love using them for my coloring books. Comparing to other brands I own, these are literally the best quality. The colors are so brigh! I like that they come in a bag so it’s easy to storage but also easy to grab them and take them somewhere if you need."
28834,28834_3,3,纸质媒介 (Paper & Pads),绘本/写生本,sketchbook,B0F4XFTXMV,WELLOKB,5,Perfect for me and my sketchbook.,"I loved these markers, their color is really vibrant but they don't damage the paper. They have a dual tip: fine and thick. Perfect for me and my sketchbook. I loved them!!"
28850,28850_4,4,涂色与创作 (Coloring & Greeting),成人涂色书,coloring book | adult coloring,B0F4XFTXMV,WELLOKB,5,She really likes to use them on her adult coloring books.,I used these for multiple things. They were great for marking for my crafts and woodwork. I also let my wife use them. She really likes to use them on her adult coloring books. Bright colors.
28855,28855_4,4,涂色与创作 (Coloring & Greeting),成人涂色书,coloring book,B0F4XFTXMV,WELLOKB,5,"They also work great on rocks, fabric, and even coloring books.","I got this set of 80 acrylic paint markers because I’ve been getting more into DIYs and little art projects lately and they’ve been amazing! The colors are super vibrant, and I love that each pen has a dual tip, so you can switch between fine lines and bold strokes easily.

I first tried them on glass and wood, and they came out so smooth and pigmented. They also work great on rocks, fabric, and even coloring books. It’s such a fun set whether you’re painting pumpkins for fall, decorating gifts, or just relaxing with some creative time.

Honestly, it’s one of those products that make you want to create more 💛"
28860,28860_1,1,涂色与创作 (Coloring & Greeting),成人涂色书,coloring book,B0F4XFTXMV,WELLOKB,5,"I highly recommend this Acrylic Paint Markers, they come in 80 colors acrylic markers with dual tip paint pen good for fabric, painting rocks,wood,glass,coloring books, DIY craft art school supplies, and pumpkin painting .Strong coverage and non-blead,is fast drying and fade- resistant with color code caps.Im absolutely in love with this markers for their rich,vibrant colors that glides smoothly on surface and the dual tip that offer both fine and tick lines.","I highly recommend this Acrylic Paint Markers, they come in 80 colors acrylic markers with dual tip paint pen good for fabric, painting rocks,wood,glass,coloring books, DIY craft art school supplies, and pumpkin painting .Strong coverage and non-blead,is fast drying and fade-
resistant with color code caps.Im absolutely in love with this markers for their rich,vibrant colors that glides smoothly on surface and the dual tip that offer both fine and tick lines. This markers its exceeded my expectations! Im very happy with my purchase."
28877,28877_3,3,涂色与创作 (Coloring & Greeting),成人涂色书,coloring book,B0F5G5T7Y2,WELLOKB,5,I use them both in crafts and in coloring books and the finish is vibrant and durable.,"I loved these double-pointed acrylic paint markers because they offer a lot of variety of colors (80 in total) and they adapt to different surfaces such as wood, glass, fabric or paper. The brush tip allows soft and detailed strokes, while the other tip is ideal for filling. I use them both in crafts and in coloring books and the finish is vibrant and durable."
28916,28916_5,5,涂色与创作 (Coloring & Greeting),成人涂色书,coloring book,B0F5G5T7Y2,WELLOKB,5,"Perfect for crafts, coloring books, or more advanced art projects.","This acrylic paint marker set is amazing. The 80 colors are vibrant, well-pigmented, and provide great coverage on different surfaces like wood, glass, rocks, fabric, and paper. The dual tips are very convenient: the fine tip works perfectly for details and outlining, while the brush tip makes smooth strokes and easy blending. The paint dries quickly, doesn’t smudge, and leaves a durable finish. Perfect for crafts, coloring books, or more advanced art projects. Excellent quality and highly recommended for anyone who enjoys art and creativity"
28922,28922_8,8,辅助与创意 (Tools & Accessories),便携笔袋/盒,carrying case,B0F5G5T7Y2,WELLOKB,4,They did arrive in a carrying case.,"Just received. Note that they are acrylic ink, not paint, according to the package. I'm impressed by the color range and saturation. The ink also did not smear after drying. Important for mixed media. I tested on an old book page, yupo, alcohol ink paper, and a note pad that was within reach. Dual tips are handy. They did arrive in a carrying case. The only drawback I saw is the slow dry time on mixed media."
28934,28934_1,1,涂色与创作 (Coloring & Greeting),成人涂色书,coloring book,B0F5G5T7Y2,WELLOKB,5,"I loved these colors, they are very fine and double-tipped, the acrylic paint markers are permanent for wood, glass, rocks, paper, coloring books, ceramics and many more, the box has 80, it is incredible how beautiful they are, I recommend them, you need to have them at home.","I loved these colors, they are very fine and double-tipped, the acrylic paint markers are permanent for wood, glass, rocks, paper, coloring books, ceramics and many more, the box has 80, it is incredible how beautiful they are, I recommend them, you need to have them at home."
28941,28941_5,5,辅助与创意 (Tools & Accessories),便携笔袋/盒,carrying case,B0F5G5T7Y2,WELLOKB,5,The carrying case keeps everything organized and easy to bring along.,"These acrylic paint markers are perfect for all kinds of creative projects. The dual tips make them really versatile, the fine tip is great for outlining and details, while the brush tip covers larger areas smoothly. The colors are bright, vibrant, and dry quickly without smudging. I like that they work well on so many surfaces like wood, rocks, glass, and fabric. The carrying case keeps everything organized and easy to bring along. Overall, they’re fun to use, high quality, and perfect for both kids and adults who love crafting or art."
28949,28949_4,4,涂色与创作 (Coloring & Greeting),成人涂色书,coloring book,B0F5G5T7Y2,WELLOKB,5,They’re also great for kids’ coloring books since the colors are bright and easy to use.,"I’m really happy with the acrylic paint markers I bought! They’re permanent and work beautifully on wood, glass, rock, and paper. The set comes with 80 vibrant colors, giving me so many options for any project. They’re also great for kids’ coloring books since the colors are bright and easy to use. I love how portable and convenient the markers are—perfect for art, crafts, or creative fun anywhere."
28951,28951_6,6,辅助与创意 (Tools & Accessories),便携笔袋/盒,carrying case,B0F5G5T7Y2,WELLOKB,5,The carrying case keeps everything organized and easy to take anywhere.,"Great Quality and Beautiful Colors!
I’m very happy with this set of WELL0KB acrylic markers. The 80 colors are vibrant and cover smoothly on wood, glass, rocks, and paper. Both the brush tip and fine tip work perfectly for detailed designs or filling in larger areas. The ink dries quickly and doesn’t smudge. The carrying case keeps everything organized and easy to take anywhere. Excellent value for the price—highly recommend for artists, crafters, or anyone who loves creating colorful projects!"
28975,28975_2,2,纸质媒介 (Paper & Pads),绘本/写生本,sketchbook,B0F5WMP62Z,Coogert,5,The ink didn’t bleed through my sketchbook pages either.,"The markers lay down color so smoothly, especially on the wood—no weird clumping or streaks. The ink didn’t bleed through my sketchbook pages either. There are 24 different shades, including some really nice neutrals and bold colors. I didn’t even realize one end had a dot tip until I saw how easy it was to make perfect little circles on a Halloween pumpkin I had leftover. Super fun to play around with."
28988,28988_9,9,辅助与创意 (Tools & Accessories),调色/混色,paint tray,B0F5WMP62Z,Coogert,5,"In addition, there is no water cup to knock over, paint trays to clean, and there is no mess caused by spilling paint.","The acrylic paint that is included within each pen is extremely pigmented and rich, and it applies without skipping or blotting, making it easy to apply.  Even when applied to dark surfaces such as painted wood and black pebbles, the coverage and brightness of the product proved to be very impressive to me.  A fine tip for precise work and a dot tip for bold patterns or filling space are both included in the dual tip design, which is a complete and utter success.

 This collection has a ton of different applications.  To this point, we have utilized them for a variety of purposes, including but not limited to painting on rocks, making porcelain coasters, applying fabric patches, and even decorating Easter eggs.  When applied to surfaces that are somewhat rough or curved, the paint dries quickly, does not smear, and maintains its integrity well.  A handful of the pieces have been hand-washed, and the patterns have not been affected in any way.

 The fact that these markers do not produce any mess is one of the finest things about them in comparison to traditional paint and brushes.  In addition, there is no water cup to knock over, paint trays to clean, and there is no mess caused by spilling paint.  Just remove the cover, doodle, and have fun!  As a result, they are ideal for completing work quickly or for producing while on the move.

 Also, they are wonderful for children.  The paint is non-toxic and odorless, which is something that I really appreciate, and my kid is thrilled with how simple it is to create bright patterns.  In terms of family crafting nights, it's a creative win-win situation!

 Before using the pens, you need give them a good shake to ensure that the ink is distributed uniformly. This is the one little problem that I have seen.  As soon as you do that, the outcomes are always going to be amazing."
28989,28989_9,9,表面保护 (Finishing & Protection),密封胶,sealant,B0F5WMP62Z,Coogert,5,"They’re fade-resistant and waterproof, too, which works great for glassware and ceramic dishes that will be washed (I can apply a spray sealant on top for extra protection).","I love to get creative and paint on all kinds of different surfaces. These acrylic markers are perfect for painting on glass, wood, ceramic, pottery, leather, fabric, plastic, and even rocks! I feel like I can use these markers on pretty much anything.

This is a decent set of 24 really pretty, vibrant colors, including all the primaries, secondaries, and some metallics. The pens have dual tips, one larger bullet-shaped tip, and one smaller pointed tip. They are great for dot-painting, as well as for lines, color fill, and intricate details. It’s easy to layer colors on top of colors because they are opaque (like I can apply yellow on top of blue). Plus, the bright colors really pop on darker backgrounds.

They’re fade-resistant and waterproof, too, which works great for glassware and ceramic dishes that will be washed (I can apply a spray sealant on top for extra protection). The paint covers well and dries fast. They are a nice alternative to water-based or alcohol-based markers because they are so versatile. This is a great set for anyone with a creative streak – kids or adults alike!"
29004,29004_1,1,纸质媒介 (Paper & Pads),黑卡纸/本,black cardstock,B0F5WMP62Z,Coogert,5,"The opaque coverage is amazing—I used them on black cardstock and wood, and the colors stayed vibrant without needing multiple layers.","The opaque coverage is amazing—I used them on black cardstock and wood, and the colors stayed vibrant without needing multiple layers. Even when layering different shades, the bottom color doesn’t bleed through.

The quick-drying formula is a huge plus, especially for outdoor sketching or when I’m working on multiple surfaces. Once dry, the paint is waterproof and fade-resistant, which gives me peace of mind when gifting my art.

I love the dual tips—the dot tip is great for filling in larger areas or creating fun textures, while the fine tip is perfect for details, outlines, and lettering. I’ve used them on everything from rocks and mugs to sneakers and glass, and they work beautifully on all surfaces"
29016,29016_1,1,勾线与细节 (Detailing & Outlining),极细勾线笔,fineliner,B0F5WMP62Z,Coogert,5,I noted how consistently the ink flowed the instant I opened the black fineliner and drew a delicate vine over river stone.,"I noted how consistently the ink flowed the instant I opened the black fineliner and drew a delicate vine over river stone. There was no spatter at the beginning, and there was no unexpected fade midway through a curve. Simply giving the tip a little shake was all that was required to prime it, and after that, the line density remained consistent throughout the whole process. During the process of filling the petals, the accompanying dot tip came into action; a small touch resulted in precise polka dots, while a heavier press resulted in significant circles that were ideal for the centers. Changing the tips of your pencil in the middle of a stroke is as natural as switching between different grades of pencil, but there is no need to roll around the table looking for a third pen. It would seem like a little spread to have twenty-four different hues, but when it is stacked, it really amounts to hundreds of different tones. After letting the first layer dry completely before applying the second coat, I painted the jar lantern with a combination of teal and pastel yellow on day two. As a result of each layer sitting on top of the previous one without blending into the mud, the gradients were clear and produced a pleasant glow when a tea light flickered within. This demonstrates that the pigmentation is robust enough to stand on its own rather than only serving as accents, since even the lighter colors, which are often weaker in other markers, covered the black glass with confidence."
29016,29016_6,6,勾线与细节 (Detailing & Outlining),铅笔/橡皮,pencil,B0F5WMP62Z,Coogert,5,"Changing the tips of your pencil in the middle of a stroke is as natural as switching between different grades of pencil, but there is no need to roll around the table looking for a third pen.","I noted how consistently the ink flowed the instant I opened the black fineliner and drew a delicate vine over river stone. There was no spatter at the beginning, and there was no unexpected fade midway through a curve. Simply giving the tip a little shake was all that was required to prime it, and after that, the line density remained consistent throughout the whole process. During the process of filling the petals, the accompanying dot tip came into action; a small touch resulted in precise polka dots, while a heavier press resulted in significant circles that were ideal for the centers. Changing the tips of your pencil in the middle of a stroke is as natural as switching between different grades of pencil, but there is no need to roll around the table looking for a third pen. It would seem like a little spread to have twenty-four different hues, but when it is stacked, it really amounts to hundreds of different tones. After letting the first layer dry completely before applying the second coat, I painted the jar lantern with a combination of teal and pastel yellow on day two. As a result of each layer sitting on top of the previous one without blending into the mud, the gradients were clear and produced a pleasant glow when a tea light flickered within. This demonstrates that the pigmentation is robust enough to stand on its own rather than only serving as accents, since even the lighter colors, which are often weaker in other markers, covered the black glass with confidence."
29039,29039_16,16,涂色与创作 (Coloring & Greeting),贺卡/信封,greeting cards,B0F5WMP62Z,Coogert,5,We had a great time coloring Easter eggs and crafting homemade greeting cards when I shared them with my younger siblings.,"I had high hopes for these dual-tip acrylic paint markers, and they have exceeded my expectations in every way!  For a few forthcoming craft projects, I decided to get this 24-color set, and after using it for the first time, I realized that I had made an excellent decision.  It is a wonderful jewel because of the diversity, quality, and ease of use that this kit provides.

 Each pen has been meticulously created with two distinct tips: a fine point for writing and detail work, and a rounded dot tip for coloring, blending, or generating ornamental dots. Both tips are made to be used in conjunction with one another.  The flexibility to flip between the two without having to use separate markers is a huge time saver for me, and it also helps to keep my art tools organized and uncluttered.

 The acrylic ink is of the highest possible quality.  It has a pigmented appearance, is opaque, and applies evenly and without skipping.  I've successfully applied them to a variety of items, including plastic planter pots, wooden coasters, glass jars, and canvas bags.  In addition to adhering nicely, the paint dries rapidly and does not peel or break after it has dried.  Even on darker surfaces, it performs admirably, which is something that truly astonished me.

 There are a total of twenty-four hues, and each one is vivid, enthusiastic, and packed with pigment.  This palette has every hue that I require, from bright yellows and pastels to deep blues and purples, and everything in between.  Any time I'm working on a design that requires a lot of attention to detail or something that is whimsical and daring, I can always find the perfect hue in this collection.

 In particular, I adore the fact that products are safe and suitable for children.  We had a great time coloring Easter eggs and crafting homemade greeting cards when I shared them with my younger siblings."
29056,29056_3,3,纸质媒介 (Paper & Pads),黑卡纸/本,black paper,B0F5WMP62Z,Coogert,5,"The colors are so bright and cover perfectly, even on dark rocks or black paper.","I really love my new Acrylic Paint Markers! They are super cool and fun to use. The colors are so bright and cover perfectly, even on dark rocks or black paper. I painted a rock with a rainbow design, and it only took one coat because the markers are opaque. The paint dried in just a few seconds, so I didn’t have to wait forever, which is great when I am excited to draw more.

The markers have two tips: a 1–5 mm dot tip and a 1 mm fine tip. I used the fine tip to draw tiny details on my pumpkin at Halloween, and it worked really well. Then I switched to the dot tip to fill in the big areas on my canvas project for art class. The tips are strong and don’t bend, so they stayed steady while I painted.

I used the markers on wood, glass, and fabric, and the paint stuck well and didn’t fade. After everything dried, the pictures looked like real artwork. My friends were impressed. I think these paint pens are awesome for any art project."
29070,29070_1,1,涂色与创作 (Coloring & Greeting),成人涂色书,coloring book | adult coloring,B0F6D1PQFN,Artecho,5,I ordered these to use in adult coloring books and for colorizing stamped images as well as various other art applications.,"I ordered these to use in adult coloring books and for colorizing stamped images as well as various other art applications. I LOVE them.

There is no shaking, priming or pumping required. Simply uncap the pen and start using it. The paint flows effortlessly from both sides and the coverage is excellent; very smooth, consistent and opaque.

The fine tip is great for writing and filling in larger areas while the brush tip allows me to create fine details and to easily get into tight spaces. The paint itself dries quickly and the color range is very nice.

Each pen is numbered (the number is on the top of the cap) and a pre-labeled DIY swatch chart is included. And as if that wasn't enough, they come in a good quality zippered case with individual loops for the pens so that you can organize them in whichever way suits you best.

I would definitely pick up another one if I ever get to the point of using up most of the colors. I think this set is well worth the spend."
29072,29072_5,5,涂色与创作 (Coloring & Greeting),贺卡/信封,envelopes,B0F6D1PQFN,Artecho,5,"I will be using these pens to embellish hand made cards, note pads and envelopes, and I am sure there will be other applications that arise as well.","I was eager for these acrylic pens to arrive, and they did not fail to delight.  All 72 colors have both the fine and brush nibs (one on each side of the pen) with a cap to keep them fresh, and make putting pen to paper and other media a smooth, flowing experience that leaves behind an opaque color that is fun to make and joyful to see.  The colors are just beautiful!  There are also 2 metallic colors to add shining gold or silver highlights where you want them.  I will be using these pens to embellish hand made cards, note pads and envelopes, and I am sure there will be other applications that arise as well.  These pens really make you want to create something unique that is colorful and beautiful, and I plan to use them to do just that over and over again.

They come in a nice case with a zipper to keep all the pens together and protect them.  Each pen has an elastic holder to keep it in place and to keep the set organized.  Mine did not have a color chart which some reviewers have referenced, but I don’t really need that.  The case and the pens themselves display the colors admirably.  I love these pens and highly recommend."
29072,29072_8,8,辅助与创意 (Tools & Accessories),便携笔袋/盒,holder,B0F6D1PQFN,Artecho,5,Each pen has an elastic holder to keep it in place and to keep the set organized.,"I was eager for these acrylic pens to arrive, and they did not fail to delight.  All 72 colors have both the fine and brush nibs (one on each side of the pen) with a cap to keep them fresh, and make putting pen to paper and other media a smooth, flowing experience that leaves behind an opaque color that is fun to make and joyful to see.  The colors are just beautiful!  There are also 2 metallic colors to add shining gold or silver highlights where you want them.  I will be using these pens to embellish hand made cards, note pads and envelopes, and I am sure there will be other applications that arise as well.  These pens really make you want to create something unique that is colorful and beautiful, and I plan to use them to do just that over and over again.

They come in a nice case with a zipper to keep all the pens together and protect them.  Each pen has an elastic holder to keep it in place and to keep the set organized.  Mine did not have a color chart which some reviewers have referenced, but I don’t really need that.  The case and the pens themselves display the colors admirably.  I love these pens and highly recommend."
29074,29074_7,7,涂色与创作 (Coloring & Greeting),贺卡/信封,greeting cards,B0F6D1PQFN,Artecho,5,"Perfect for seasonal window art, mirror messages, mason jar labels, handmade gifts, greeting cards, and crafts.","Beautiful palette of rich, gorgeous paint markers. What’s a paint marker? I had no clue, but the vivid colors and multimedia options made this set irresistible. They feel like markers but deliver the impact of paint: not messy, just richer and more saturated, with precise application.
The double-tip pens give you options, fine or bold, and every color I tried was vibrant and beautiful. Yes, they work on glass! Perfect for seasonal window art, mirror messages, mason jar labels, handmade gifts, greeting cards, and crafts. The glass application can be removed with a stiff brush, fingernail, or dish soap.
I tested them on foil (hello, freezer meals!), fabric (school/camp labeling), and even Halloween pumpkins. Smooth cotton worked great; textured fabric was less precise but still held up through the washer and dryer.
On smooth surfaces, you can wipe away while still moist, no mess. Once dry, it can be scraped off or removed with solvent. Porous surfaces like fabric are more permanent, so use with care. Kids can absolutely use this if supervised and wearing art clothes or coverups.
For cleanup: Dawn dish soap and Goo Gone both worked. Hand soap removed it from skin easily. The only lasting stains were on porous surfaces like fabric and paper. For more permanent crafts on smooth surfaces, a topcoat might help seal your designs.
This set is exactly what you need to create all your art, all purpose, from practical to creative, from freezer meals to wearable crafts, from wall art and graphic designs to custom tees and woodcraft. One set, endless possibilities."
29078,29078_5,5,涂色与创作 (Coloring & Greeting),成人涂色书,coloring book,B0F6D1PQFN,Artecho,5,"I'm going to be using these in my Emelie Lidehall Oberg coloring book, which has great quality paper and these acrylic pens won't cause the paper to warp.","This review is for the 72 count of Artecho acrylic paint pens.  I just received these, but so far I am very pleased with them.

I found them to all flow smoothly and freely.  A good array of colors in a convenient organizer.  I'm going to be using these in my Emelie Lidehall Oberg coloring book, which has great quality paper and these acrylic pens won't cause the paper to warp."
29080,29080_11,11,表面保护 (Finishing & Protection),亮油/保护喷雾,fixative,B0F6D1PQFN,Artecho,3,"Once fully dried, the acrylic has the best staying-power on matte surfaces without using a fixative.","Since I enjoy all kinds of crafts and have crafty kids, I was excited to try this set of acrylic markers from Artecho. To summarize, I think it is a decent value for mixed-media use, especially for use with kids. However, a lack of quality control and many similar colors may not satisfy an adult artist.

Pros: I have used many types of non-toxic and paint markers in the past on a variety of mediums, and was thrilled to receive 72 colors in this set. The brush heads are smooth and a delight to work with. The fine tips most resemble traditional press-down paint marker tips, though you don't have to press these down to work - a real improvement! The rainbow of colors is very attractive in the protective, easy-to-transport case. All markers can be easily accessed when the case is open.

Now for the drawbacks. Some of the paints look best on shiny surfaces, but tend to rub off when touched, even after drying. Once fully dried, the acrylic has the best staying-power on matte surfaces without using a fixative. Some of the colors are really beautiful and smooth (""carmine"", ""sapphire""). Others are weakly pigmented or look muddy (""watermelon"", ""emerald""). The weak pigments don’t cover darker surfaces or lines, so beware if you’re trying to layer. I was super disappointed at the noticeable difference between the color of the brush and fine tip on many of the markers. See the picture of the color chart: the upper half of each box is the brush side, and the lower half of the box is the fine tip. In most cases, the brush color was quite a bit more pigmented and vibrant than the fine tip color. This difference means I cannot switch between tip types and expect my work to look consistent.

The numbering system and color names seem illogical, and the markers are not organized in the case according to either the numbering or the color chart. Many of the names inadequately reflect the actual color; for example, ""brown"" is a light pink, and ""indigo"" is a greenish gray. ""Blackberry"" and ""crimson"" are both pale pink. In fact, 18 of the markers are pink tones, including ""beige"", ""camel"", and ""earth red"", and similar in appearance. As the paints are not true to the color of their lids, it is hard to find particular shades unless you rearrange them and use a color chart. However, the included chart lists 120 colors, and there are only 72 in this set, leaving many blank boxes. The color chart is also printed on shiny paper, so the colors tend to smear.

Overall, I think the value of this introductory set is fine at its current price point (24 u.s.d. at the time of review). The markers will be good for painting on stones, wood, and other mixed media crafts with kids (especially kids who like pink), and I think they'll hold up through multiple projects. However, if you're a serious artist or looking to add to your existing stock of acrylic markers, I don't recommend this set from Artecho."
29081,29081_1,1,涂色与创作 (Coloring & Greeting),成人涂色书,coloring book,B0F6D1PQFN,Artecho,4,I purchased a Horror Coloring Book filled with zombies and monsters for my 10 year old son (hashtag: #notwinningfatheroftheyear) and we quickly realized the normal bright and vibrant colored pencils and markers he had wouldn't cut it.,"I purchased a Horror Coloring Book filled with zombies and monsters for my 10 year old son (hashtag: #notwinningfatheroftheyear) and we quickly realized the normal bright and vibrant colored pencils and markers he had wouldn't cut it. These are great and have a broad range of colors.

My only nit is that the pens don't list a color or number on them - you have to go by the color of the lid and in many cases they don't really represent the color of the pen. You end up doing some trial and error.  My son and I worked on the drawing in the picture and you can see a few places where we tested a few colors."
29083,29083_3,3,辅助与创意 (Tools & Accessories),便携笔袋/盒,carrying case,B0F6D1PQFN,Artecho,5,"I love the Artecho set because right off the bat, it comes in a professional, standard black artist's zipping carrying case.","There are so many brands to choose from now days when choosing an Acrylic Marker Set. But there is something to be said for a HIGH QUALITY set, backed by a profession company tailored to art.

I love the Artecho set because right off the bat, it comes in a professional, standard black artist's zipping carrying case. Slots to fit 72 markers with ease. There is a center fold out portion so it's compact. Each marker is specially numbered, & with the set comes a color card indicator. This is where each color is identified by number & the artist is able to color in a small square for reference.

These are dual tip markers- Fine Tip, & Brush Tip. Generally, me personally, when I use them, I start with my Fine Tip for either outlining, or beginning a design then fill in with Brush Tip.

These are decadent pens! Rich colours that provide a lot of ink flow. I have another set by another company, & the quality is sub- par in comparison. You do not have to shake these, or worry about ink bleeds, or pressing down too hard to get ink out. Simply Colour/ create your design with ease as if you were using a colored pencil. These really do give matte finish acrylic pigment. They blend well with eachother too. I have used them on canvas and a hard cardstock colouring book & truly this is real high quality acrylic ink.

I was waiting for the perfect set, and when this fell in my lap i couldn't have been more delighted. Its an absolute 5 star for professional artists, intermediate & beginners, all. Great for trips as it's already got a convenient case. easy to pack on the daily in a handbag or backpack, as it measures roughly 13"" long & 7"" wide 2-3"" deep.

It a remarkable find, and others stands out above the other acrylic pen set by far!"
29083,29083_14,14,勾线与细节 (Detailing & Outlining),铅笔/橡皮,pencil,B0F6D1PQFN,Artecho,5,Simply Colour/ create your design with ease as if you were using a colored pencil.,"There are so many brands to choose from now days when choosing an Acrylic Marker Set. But there is something to be said for a HIGH QUALITY set, backed by a profession company tailored to art.

I love the Artecho set because right off the bat, it comes in a professional, standard black artist's zipping carrying case. Slots to fit 72 markers with ease. There is a center fold out portion so it's compact. Each marker is specially numbered, & with the set comes a color card indicator. This is where each color is identified by number & the artist is able to color in a small square for reference.

These are dual tip markers- Fine Tip, & Brush Tip. Generally, me personally, when I use them, I start with my Fine Tip for either outlining, or beginning a design then fill in with Brush Tip.

These are decadent pens! Rich colours that provide a lot of ink flow. I have another set by another company, & the quality is sub- par in comparison. You do not have to shake these, or worry about ink bleeds, or pressing down too hard to get ink out. Simply Colour/ create your design with ease as if you were using a colored pencil. These really do give matte finish acrylic pigment. They blend well with eachother too. I have used them on canvas and a hard cardstock colouring book & truly this is real high quality acrylic ink.

I was waiting for the perfect set, and when this fell in my lap i couldn't have been more delighted. Its an absolute 5 star for professional artists, intermediate & beginners, all. Great for trips as it's already got a convenient case. easy to pack on the daily in a handbag or backpack, as it measures roughly 13"" long & 7"" wide 2-3"" deep.

It a remarkable find, and others stands out above the other acrylic pen set by far!"
29139,29139_1,1,辅助与创意 (Tools & Accessories),便携笔袋/盒,carrying case,B0F7L6VLXH,WUO,5,These markers come with a fancy carrying case that disassembles to display all of the markers for use and then snaps back together for transport.,"These markers come with a fancy carrying case that disassembles to display all of the markers for use and then snaps back together for transport. It also comes with a few projects to start with - paint by number pictures and a couple of wooden ornaments - as well as comprehensive tutorials for blending colors and more.

It’s very good to have swatch pages in both black and white and these markers work well on wood, rock, glass and more.

That being said, the points of the brush tips were a little bit soft and at times the one-coat coverage could have been better. Not suitable for writing letters or details; better to get fine point or felt tip markers for that."
29140,29140_12,12,辅助与创意 (Tools & Accessories),便携笔袋/盒,holder,B0F7L6VLXH,WUO,4,I do like the pen holder.,"This is a very nice set of acrylic markers. There are 36 markers with a brush tip that by the pressure you use when using them you will get thin to fat lines. You can also make dots with the tips of the pens. I was able to swatch out all the colors in my swatch book and on the included white and black swatch papers. You also get some other items to color which I haven't done yet. I only had trouble with one pen, B88, where I could not get the cap off even with gripping it with a silicon gripper. I finally had to ask my husband to see if he could remove the cap and with some big effort, he was able to. When I looked closely at the pen once the cap was off, it was evident that there had been a ink leak that had dried and basically glued the cap on.

I do like the assortment of colors. I like how they swatched in my book and the white swatch card that came with the pens. The black swatch card the colors seemed to be streaky with the coverage not being very good. I do like the pen holder. It is easy to open each tray and to put them back. The colors come out opaque. You get a silver and a gold pen as well as black and white.

I do appreciate the opportunity to try out these pens. Thank you"
29141,29141_3,3,涂色与创作 (Coloring & Greeting),成人涂色书,coloring book | adult coloring,B0F7L6VLXH,WUO,5,Ideal for adult coloring books.,The 36 colors pop on canvas and fabric. The brush tip is smooth. Ideal for adult coloring books.
29145,29145_7,7,纸质媒介 (Paper & Pads),水彩纸/多媒体纸,watercolor paper,B0F7L6VLXH,WUO,5,-one coat coverage on white art and watercolor paper.,"What fun colors and results.
Pros:36 vibrant colors including silver and gold.
-dry quickly, no smearing
-soft brush point, easy to control the flow. You can shake it without it splattering everywhere.
-window in pen lets you see if color is uniform.
-anti rolling feature on level surfaces.
-one coat coverage on white art and watercolor paper. Permanent, no color transfer.
-works on texture magic paper, no fading, no color transfer to skin when wet (see ice cream photo).
-cost effective, versatile.
Cons:
-carrying case a bit tricky to put together
-not all colors cover evenly on black board.
Overall these are easy and fun to use and some of the colors are beautiful. They work on wood, rocks and paper with no bleeding."
29145,29145_11,11,辅助与创意 (Tools & Accessories),便携笔袋/盒,carrying case,B0F7L6VLXH,WUO,5,Cons: -carrying case a bit tricky to put together -not all colors cover evenly on black board.,"What fun colors and results.
Pros:36 vibrant colors including silver and gold.
-dry quickly, no smearing
-soft brush point, easy to control the flow. You can shake it without it splattering everywhere.
-window in pen lets you see if color is uniform.
-anti rolling feature on level surfaces.
-one coat coverage on white art and watercolor paper. Permanent, no color transfer.
-works on texture magic paper, no fading, no color transfer to skin when wet (see ice cream photo).
-cost effective, versatile.
Cons:
-carrying case a bit tricky to put together
-not all colors cover evenly on black board.
Overall these are easy and fun to use and some of the colors are beautiful. They work on wood, rocks and paper with no bleeding."
29165,29165_6,6,辅助与创意 (Tools & Accessories),火漆/装饰,gold leaf,B0F8GNQS2W,TECADA,5,I attached the first study I did with crayon and gold leaf.Highly recommend this brand of Acrylic Markers.,"I Love these markers. Unlike a very popular brand, these don't leak. The leaking and the shiny finish is what stopped me from trying other acrylic markers for so long.I wish I'd tried these first. They have a nice matte finish, and the colors are bright, consistent, and rich with no streaks.I must have tested them on everything I could find, wood, glass, paper...On a T-shirt, I forgot to heat set but the colors stayed vivid even after washing.The brush tip is perfect for precision and broad strokes. They also work well with all media that I've tried. I attached the first study I did with crayon and gold leaf.Highly recommend this brand of Acrylic Markers. Looking forward to creating many more mixed media pieces with them."
29181,29181_4,4,辅助与创意 (Tools & Accessories),贴纸/胶水,stickers,B0F8GNQS2W,TECADA,3,The side stickers were already open.,Bought my first set on TikTok shop and wanted the bigger set. So ordered this set and was disappointed in them. These felt used. The side stickers were already open. Many markets didn’t work well or at all. Didn’t come with extra tips. Think they are also stored upright which directions say to keep marker horizontal. Would have sent back but was waiting on a few colors to finish a project. Maybe it’s just this seller or these were already a retuned item. Will buy on TikTok shop next time.
29183,29183_4,4,表面保护 (Finishing & Protection),亮油/保护喷雾,top coat,B0F8GNQS2W,TECADA,4,"Adherence to paper and canvas is quite good, but the dried paint can easily be scraped off of coated surfaces, so the recommendation by the manufacturer to utilize a clear top coat is a wise one.","This is a very nice set of 168 acrylic paint pens, offering a nice color palette.  The paint flows very smoothly, and has good coverage. The tips are suitable for a wide variety of painting styles, including calligraphy. Adherence to paper and canvas is quite good, but the dried paint can easily be scraped off of coated surfaces, so the recommendation by the manufacturer to utilize a clear top coat is a wise one. Given how easily the paint can be scraped, I'm skeptical about the longevity on plastic or glass.The set does come with a few replacement nibs, should you need them.  I'll note that one of the pens was dried out, with both the nib and the internal wick clogged with dried acrylic paint, and it could not be salvaged. It's possible that the cap wasn't fully sealed during shipment.At the price per pen, I wouldn't expect professional quality, so I'm satisfied."
29185,29185_2,2,涂色与创作 (Coloring & Greeting),成人涂色书,coloring book | adult coloring,B0F8GNQS2W,TECADA,5,I recently got an adult coloring book.,"This 168 set of acrylic paint markers are awesome. I recently got an adult coloring book. Previous pages I use a different type of marker. The page I'm working on now is with these acrylic markers and man.... what a difference. The colors of these markers are bright and pop vs the other markers I used. The inks dries quickly and doesn't smudge. These markers are also soft, juicy and smooth. I'm a thrifty person but think for 168 of these markers for the cost is a great value."
29317,29317_4,4,纸质媒介 (Paper & Pads),黑卡纸/本,black paper,B0FCMN4V45,Prudiut,5,"The metallic colors are absolutely gorgeous—vibrant, shiny, and they really pop, especially on black paper and dark surfaces.","I’m so impressed with this 12-pack of metallic markers! Each pen has a dual tip—one end is a flexible brush tip that really feels like using a paintbrush, and the other is a finer point that's great for more detailed work. Both tips are loaded with rich, highly pigmented ink that glides on smoothly.

The metallic colors are absolutely gorgeous—vibrant, shiny, and they really pop, especially on black paper and dark surfaces.

I originally bought these for making Halloween props (which they’re perfect for), but there are so many ways to use them—scrapbooking, card-making, labeling, you name it. The quick-dry, alcohol-based ink helps prevent smudging, which is a big plus for detailed crafting.

Overall, these are high-quality, fun to use, and super versatile. Highly recommend for any DIYer or artist looking to add some metallic flair to their work!"
29319,29319_3,3,纸质媒介 (Paper & Pads),水彩纸/多媒体纸,watercolor paper,B0FCMN4V45,Prudiut,5,"I have tested them on wood, rocks, watercolor paper and black drawing.","This 12 pack of dual tip metallic markers are very pretty with a good variety of shades to choose from. They are not as vibrant as the images show; I have tested them on wood, rocks, watercolor paper and black drawing. The ink/paint flows smoothly from both the fine and brush tips on all tested surfaces and there was no bleed through on either type of paper even with two coats. One coat was enough for my wooden coasters and rock projects; however, I used two coats on some spots on the coasters for a deeper color. Some of the colors definitely look more metallic than others and the colors on the back of the box do not match the actual markers making it was difficult to distinguish some of them; names of colors on the pens would have been more helpful. I colored over the chart on the back with each marker so that I could see the difference; red and rose red are confusing me still. I love the colors regardless and these are a nice addition to my growing collection of paint pens. I would absolutely recommend these and $8.99 is a great price for this 12 pack though I’d personally have chosen the 24 pack if it had been offered to me and would be more likely to purchase that for its $14.99 price tag."
29322,29322_2,2,纸质媒介 (Paper & Pads),黑卡纸/本,black paper,B0FCMN4V45,Prudiut,5,Haiducul likes to take notes on black paper.,"Mrs. Haiducul likes to take notes on black paper. To each their own, I say. But it does mean that she is always on the lookout for pens that will stand out on black. She was so impressed with these, that they immediately replaced the set she had been working with. She found the colors to be nicely vibrant, the pen nibs to be good for controlled lines and wider coverage, and that there was, in fact, a noticeable metallic sheen to the colors.

Only time will tell as to whether they dry out too quickly or the nibs wear too fast, and if either of those things become evident I will jump back in here and update, but after a week of use, these are quite nice with no discernible issues. And for $8 bucks? That makes these a really good value, as well.

So yeah, these were a hit and get a full five stars."
29323,29323_3,3,纸质媒介 (Paper & Pads),黑卡纸/本,dark paper,B0FCMN4V45,Prudiut,5,"The colors are vibrant and really pop, especially on dark paper, and I’ve even used them on wood and glass with great results.","These metallic markers are such a fun addition to my crafting and coloring projects! I love that they have both a fine tip for details and a brush tip for bold strokes, it makes them so versatile. The colors are vibrant and really pop, especially on dark paper, and I’ve even used them on wood and glass with great results. They dry quickly, don’t smudge, and the metallic finish adds a gorgeous shimmer to anything I create. Such a great set for anyone who enjoys crafting or DIY projects!"
29324,29324_1,1,纸质媒介 (Paper & Pads),水彩纸/多媒体纸,watercolor paper,B0FCMN4V45,Prudiut,5,These pens draw smoothly and cleanly - whether you’re using regular sketch paper or thicker watercolor paper.,"These pens draw smoothly and cleanly - whether you’re using regular sketch paper or thicker watercolor paper.

The only issue is I wouldn’t mind the colors being a bit more vibrant. The metallic doesn’t really come through. They’re a little on the muddy side.

Still, it’s a good set to have for those into hobby drawing."
29334,29334_8,8,纸质媒介 (Paper & Pads),黑卡纸/本,black paper,B0FDF4LG33,Grabie,5,"Aside from maybe 4 or 5 of the palest shades though, most of these markers will likely work well on black paper and other darker surfaces.<br>The brush tips are very nice.","This set of acrylic markers has exceeded my expectations. They are easy to use (no priming, no shaking, just uncap and get to creating!), and they write beautifully. They would be awesome for general painting applications on pretty much any surface but would also function very nicely for hand lettering.<br>They dry quickly - but not instantly, so be careful not to smudge them. Wait a few seconds, though and after that they stay put.<br>The color range of these markers is really interesting. They're all vibrant and well-pigmented, and there is a range of both standard bright shades, a few fluorescents, and even a really nice range of Morandi-style muted tones that are just gorgeous. There are also a gold and silver metallic that shine so nicely!<br>They generally provide good coverage, though some of the paler shades are a lot more translucent than I'd like (but it seems that's a problem across almost every brand, save a few. I put down some black and then tried the white over the top and it was not opaque at all. Aside from maybe 4 or 5 of the palest shades though, most of these markers will likely work well on black paper and other darker surfaces.<br>The brush tips are very nice. They're not all exactly consistent in firmness or in juiciness, but none of them were dry and all of them are quite functional (just some are juicier than others).<br>I'm concerned a bit about how long these will last since each pen contains two different colors, so the capacity for each color may be less than you would find in a single-color pen, but time will tell!<br>I look forward to trying their single-color acrylic markers soon, too. These rival most of the other brands that I own, and I can't say enough good things about not having to prime and shake before use."
29336,29336_6,6,纸质媒介 (Paper & Pads),绘本/写生本,art journal,B0FDF4LG33,Grabie,5,"The colors dry quickly and don’t bleed, which is a huge plus.<br><br>Whether you’re into art journaling, canvas painting, or decorating DIY gifts, this set is a total game changer.","These Grabie 120 Colors Dual Tone Brush Tip Acrylic Markers completely exceeded my expectations! As a hobby artist and DIY crafter, I’m always on the lookout for tools that inspire creativity—and this set absolutely delivers. With 60 double-tipped markers offering 120 colors, the variety is amazing. Each marker features two beautifully coordinated shades that blend effortlessly and add so much dimension to my work.<br><br>The brush tips are flexible yet precise, making them perfect for everything from lettering and detailing to larger color fills. I’ve used them on canvas, wood, fabric, and even rocks, and the coverage is smooth and consistent every time. The colors dry quickly and don’t bleed, which is a huge plus.<br><br>Whether you’re into art journaling, canvas painting, or decorating DIY gifts, this set is a total game changer. It comes beautifully packaged, making it an awesome gift for any creative person in your life. I’ll definitely be ordering from Grabie again—highly recommend!"
29337,29337_6,6,纸质媒介 (Paper & Pads),重磅马克笔纸,thick paper,B0FDF4LG33,Grabie,5,"Not only can I use this for painting, I can use this for nail art, canvas, thick paper, stone and possibly unglazed ceramics.","This is such a good set of acrylic markers! This is my second product from this company and they haven’t disappointed me yet. I have been into watercolor recently as a form of therapy. The colors are very vivid and the felt tips are sturdy and won’t easily fall apart or fray. It is quick drying and could be used for so many projects. Not only can I use this for painting, I can use this for nail art, canvas, thick paper, stone and possibly unglazed ceramics. I don’t suggest using it on regular printing paper as it will bleed on the other side. Overall such a great deal for how many colors you get. Sixty colored pens on both sides makes it 120 colors for you to enjoy. This is a great buy for crafters, artist or beginners like me."
29339,29339_8,8,表面保护 (Finishing & Protection),密封胶,sealant,B0FDF4LG33,Grabie,5,"on rocks, glass paper, vinyl, plastic, etc (given you have a sealant) and I'm still finding extra uses for them, like adding details to coloring pages, or fixing some art when I've gone outside the lines with the medium I'm using, or even to bring back the original color on clay that's darkened too much.<br><br>They're very opaque, so you do need to be careful when coloring in pages;","I have the smaller 36 pack of dual Grabie markers, so when I saw they had come out with a larger pack, I grabbed them up.:)<br><br>They are the same size and quality as the smaller pack, although the coloring on the marker packaging is different (relief). They also seem to have gone through a color name and number change for some of the colors that were included in the 36; you'll find most of the 36 pack here (with some that look slightly different). This pack covers a wide variety of colors, and there weren't really any (for this coloring anyways) that I was wishing were included.<br><br>I absolutely love that these don't have to be primed, and they have brush tips instead of hard nibs. The downside is that if you aren't careful (and honestly, even if you are), the tips of the brushes can break down farely quickly, which makes more detailed work very hard. They can also get bits of dried paint on them, so be prepared to pick the little bits off.<br>As of writing this, I don't think Grabie offers replacement tips, but I believe they are pretty similar to another brands brush tips, that you can buy replacements for, fairly cheap.<br><br>The really lovely thing about these is that they don't bleed through (like some acrylics have separation liquid that leaks through). You can easily color a double sided page, and have zero issues come through the back (given your paper quality, super thin types might show through, I'm unsure).<br><br>There's mutliple ways to use these; on rocks, glass paper, vinyl, plastic, etc (given you have a sealant) and I'm still finding extra uses for them, like adding details to coloring pages, or fixing some art when I've gone outside the lines with the medium I'm using, or even to bring back the original color on clay that's darkened too much.<br><br>They're very opaque, so you do need to be careful when coloring in pages; you'll want to have a fineliner ready to go over lines if you color over, as these will either soften the lines, or completely wipe them out. You need to be slow while coloring portions in, because if you are fast, you'll get streaks or blotches in the paint (like some areas of my coloring page; book is A Million Kittens). Do make sure to shake them prior to using to blend them.<br><br>My main gripe is that they really downgraded on the carry case packaging. I love the 36 pack case; it's softer plastic and textured, with no sharp edges, and it's easy to pull the markers out (and put them back).<br>With this larger pack, the packaging is a thicker, cheaper plastic that I can't get the markers out, or put them away, without scraping my hands up from the sharp opening. It can be frustrating. I really wish they'd stayed with the same packaging.<br><br>I do really like these and they've gone into my travel art bag. My original pack has yet to run out of ink, so they seem like they last a good bit.  I'll have to report back if/when they do."
29339,29339_9,9,勾线与细节 (Detailing & Outlining),极细勾线笔,fineliner,B0FDF4LG33,Grabie,5,"you'll want to have a fineliner ready to go over lines if you color over, as these will either soften the lines, or completely wipe them out.","I have the smaller 36 pack of dual Grabie markers, so when I saw they had come out with a larger pack, I grabbed them up.:)<br><br>They are the same size and quality as the smaller pack, although the coloring on the marker packaging is different (relief). They also seem to have gone through a color name and number change for some of the colors that were included in the 36; you'll find most of the 36 pack here (with some that look slightly different). This pack covers a wide variety of colors, and there weren't really any (for this coloring anyways) that I was wishing were included.<br><br>I absolutely love that these don't have to be primed, and they have brush tips instead of hard nibs. The downside is that if you aren't careful (and honestly, even if you are), the tips of the brushes can break down farely quickly, which makes more detailed work very hard. They can also get bits of dried paint on them, so be prepared to pick the little bits off.<br>As of writing this, I don't think Grabie offers replacement tips, but I believe they are pretty similar to another brands brush tips, that you can buy replacements for, fairly cheap.<br><br>The really lovely thing about these is that they don't bleed through (like some acrylics have separation liquid that leaks through). You can easily color a double sided page, and have zero issues come through the back (given your paper quality, super thin types might show through, I'm unsure).<br><br>There's mutliple ways to use these; on rocks, glass paper, vinyl, plastic, etc (given you have a sealant) and I'm still finding extra uses for them, like adding details to coloring pages, or fixing some art when I've gone outside the lines with the medium I'm using, or even to bring back the original color on clay that's darkened too much.<br><br>They're very opaque, so you do need to be careful when coloring in pages; you'll want to have a fineliner ready to go over lines if you color over, as these will either soften the lines, or completely wipe them out. You need to be slow while coloring portions in, because if you are fast, you'll get streaks or blotches in the paint (like some areas of my coloring page; book is A Million Kittens). Do make sure to shake them prior to using to blend them.<br><br>My main gripe is that they really downgraded on the carry case packaging. I love the 36 pack case; it's softer plastic and textured, with no sharp edges, and it's easy to pull the markers out (and put them back).<br>With this larger pack, the packaging is a thicker, cheaper plastic that I can't get the markers out, or put them away, without scraping my hands up from the sharp opening. It can be frustrating. I really wish they'd stayed with the same packaging.<br><br>I do really like these and they've gone into my travel art bag. My original pack has yet to run out of ink, so they seem like they last a good bit.  I'll have to report back if/when they do."
29362,29362_14,14,表面保护 (Finishing & Protection),密封胶,sealant,B0FFY5YXBZ,colourmotor,5,Plan to use a sealant or similar to protect your paintings done with these markers.,"I love paint markers. I'm not sure there's an entirely logical process here... I don't use them anywhere near as much as I should given how many I've gotten, but I identified as an artist in my youth, and having fun art supplies readily available is a lot like breathing fresh air for me.I have ordered at least a half dozen paint marker packs through Vine, including several other sets from GuangNa. Generally, they earn 4 stars from me. I have been very frustrated by their lack of true green shades in their other sets. This set covers it. Wow, does it cover it.Some things you should know if you get this: Numbers are in the 600s, 700s, and 800s. For numbers that could be easily confused, they put a small dot in the upper left to indicate the top of the number. I show this in my video.For filling in your own color card, the row closest to it was almost entirely the left side, and you gradually move right as you go through each row. There are exceptions, but this helped me save time searching for the correct square once I realized.You may note the colors are not exact matches of the printed colors in many cases. I don't know why they don't make a color card and take a picture of it, but this discrepancy has been very normal with already primed paint markers.These acrylic paint markers come primed. You do not need to shake/press to prepare them for use, and these are much easier to control than the kinds that require priming. However, these are also more matte in appearance when dried and relatively easy to scratch. Plan to use a sealant or similar to protect your paintings done with these markers. It's a question of trade-offs. I prefer the ease of use these provide even knowing more work is necessary to protect my creations. You may not.Regardless, I'm thrilled with the color selection of these markers. I can't wait to do more with them!"
29378,29378_3,3,勾线与细节 (Detailing & Outlining),铅笔/橡皮,pencil,B0FJF9TFQJ,Amamao,5,"They play nicely with uv resin, colored pencil, microns and sharpies.The amount of money you pay for the variety and quality of ink is stunning.","I think I actually got these from Amazon Vine so I didn't pay for them initially, but I'm about to buy them again. I purchased them in December 2024 and I'm writing this review in December 2025, and I've used these for a bunch of projects so far.The paint is buildable, and some of the lighter colors can be sheer on dark backgrounds, but given enough time, they do build up to become opaque. They play nicely with uv resin, colored pencil, microns and sharpies.The amount of money you pay for the variety and quality of ink is stunning. The pictures I've attached are both pieces I've done for my clients."
29381,29381_5,5,纸质媒介 (Paper & Pads),水彩纸/多媒体纸,watercolor paper,B0FJF9TFQJ,Amamao,5,"They also work well on watercolor paper, and I’ll be using them for mixed media art too.","This was my first time using markers on 3D prints, and they worked great. The color went on smooth and even with no streaks or clumps. I used them on a Santa and Rudolph I printed for Christmas, and they turned out way better than I expected. The only thing I didn’t like was the printing on the caps—it’s either too faint or too close in color to see easily, so I ended up labeling the barrels myself. They also work well on watercolor paper, and I’ll be using them for mixed media art too. None of my markers came dried out. They were all juicy and ready to go."
29385,29385_7,7,纸质媒介 (Paper & Pads),绘本/写生本,sketchbook,B0FPC5CLN9,Grabie,4,"The paint is opaque and dries fast, making it great for layering but not for blending.The set includes a small sketchbook with about 20 thick cardstock pages in white, gray, purple, and black, plus two swatch sheets.I do like paint pens, but I got these mostly for my kids.","This is a nice set of fine tip acrylic markers with a good range of colors. The pens are a little hard. On a fresh pen you can see the paint slowly saturating the tip and one side usually fills faster. The pens work well once started and lay down consistent, clean lines. The firm tips feel durable but wear down with heavy use. My 10 year old used the black for outlining and the tip widened from 0.7 mm to about 2 mm, though it still works fine. The paint is opaque and dries fast, making it great for layering but not for blending.The set includes a small sketchbook with about 20 thick cardstock pages in white, gray, purple, and black, plus two swatch sheets.I do like paint pens, but I got these mostly for my kids. They were super excited and love them. Overall it feels worth the price and works nicely for arts and crafts."
29390,29390_2,2,涂色与创作 (Coloring & Greeting),成人涂色书,coloring book,B0FPC5CLN9,Grabie,5,"I’ve used them to label notebooks, on page tabs where I wanted a little color, on the office coffee Keurig, on plastic cups, on rocks, and on regular paper and coloring books.They dry relatively fast, however, they are not for layering.","These are acrylic paint pens with a variety of applications.I’ve used these for so many things. I’ve used them to label notebooks, on page tabs where I wanted a little color, on the office coffee Keurig, on plastic cups, on rocks, and on regular paper and coloring books.They dry relatively fast, however, they are not for layering. You get an opaque finish with one coat on both non/porous and porous surfaces, but you really can’t go over it again with the same color or another color. It will pull the original layer off on non-porous and it will soak right through on porous.I still like them. They give a nice fine point for exact application and bright colors for your crafts."
29394,29394_2,2,纸质媒介 (Paper & Pads),重磅马克笔纸,thick paper,B0FPC5CLN9,Grabie,5,Pens work great and the included book has nice thick paper that is great for acrylic.,This kit is super cute and was very well received by our teen artist. Pens work great and the included book has nice thick paper that is great for acrylic. The book included pages to test each of the colors to see how they look on paper next to each other which is neat. Paint came out of the markers smoothly and did not bleed. It dried rather quickly and created a very bright and vibrant image. We are very happy with the quality!
29399,29399_12,12,纸质媒介 (Paper & Pads),绘本/写生本,sketchbook,B0FPC5CLN9,Grabie,4,"On some of the colors you cannot see the numbers at all, so I abandoned the numbers entirely while swatching them.I absolutely love the little sketchbook that came with this set.","The markers in this set are fantastic. They're highly pigmented, include rich and intense colors, with a good range for a set of 18. You do need to prime them prior to using, and make sure to shake them really well before each use. If you do that, you will not be disappointed in their performance.They are quite opaque, even the white. Again, if you don't shake them well enough, you won't get good coverage with them. The white marker rivals the opacity of the white Posca marker. Not completely 100% opaque, but pretty darn close. With a second coat, you get great coverage.The pens are a little spattery if you're not super careful with them. I'm guessing that this is due to the plastic nib. If you're very careful, you can sort of control that, though.I will say that I really dislike the numbering system. The numbers are sometimes impossible to read, and they seem to be backwards, so to read them correctly you'd have to read them by looking inside the cap. On some of the colors you cannot see the numbers at all, so I abandoned the numbers entirely while swatching them.I absolutely love the little sketchbook that came with this set. It has multiple colors of paper and it's nice, heavy paper, very cardstock-like and has the tiniest bit of tooth. The swatch template included is really creative, and I really appreciate that they provide both a black and white swatch page so you can see how each color performs on both dark and light surfaces (and the colors look VERY different on each).The ink dries pretty quickly with a single coat. With multiple coats (like if you need full coverage on dark paper) does take longer.Generally, these markers work great and I will be using them often.These markers would make a great gift for coloring enthusiasts or the artist in your life, whether they're a beginner or  more experienced.Overall, I highly recommend these markers!"
29399,29399_15,15,纸质媒介 (Paper & Pads),黑卡纸/本,dark paper,B0FPC5CLN9,Grabie,4,"With multiple coats (like if you need full coverage on dark paper) does take longer.Generally, these markers work great and I will be using them often.These markers would make a great gift for coloring enthusiasts or the artist in your life, whether they're a beginner or more experienced.Overall, I highly recommend these markers!","The markers in this set are fantastic. They're highly pigmented, include rich and intense colors, with a good range for a set of 18. You do need to prime them prior to using, and make sure to shake them really well before each use. If you do that, you will not be disappointed in their performance.They are quite opaque, even the white. Again, if you don't shake them well enough, you won't get good coverage with them. The white marker rivals the opacity of the white Posca marker. Not completely 100% opaque, but pretty darn close. With a second coat, you get great coverage.The pens are a little spattery if you're not super careful with them. I'm guessing that this is due to the plastic nib. If you're very careful, you can sort of control that, though.I will say that I really dislike the numbering system. The numbers are sometimes impossible to read, and they seem to be backwards, so to read them correctly you'd have to read them by looking inside the cap. On some of the colors you cannot see the numbers at all, so I abandoned the numbers entirely while swatching them.I absolutely love the little sketchbook that came with this set. It has multiple colors of paper and it's nice, heavy paper, very cardstock-like and has the tiniest bit of tooth. The swatch template included is really creative, and I really appreciate that they provide both a black and white swatch page so you can see how each color performs on both dark and light surfaces (and the colors look VERY different on each).The ink dries pretty quickly with a single coat. With multiple coats (like if you need full coverage on dark paper) does take longer.Generally, these markers work great and I will be using them often.These markers would make a great gift for coloring enthusiasts or the artist in your life, whether they're a beginner or  more experienced.Overall, I highly recommend these markers!"
29401,29401_1,1,涂色与创作 (Coloring & Greeting),成人涂色书,coloring book,B0FPC5CLN9,Grabie,4,These markers are great!Love love LOVE the extra fine tips for doodling or adding details to coloring books or other art.,"These markers are great!Love love LOVE the extra fine tips for doodling or adding details to coloring books or other art. In comparison with the Grabie dual brush tip acrylic markers, these do have to be shaken and primed but they prime without too much effort. They come with a marker pad that includes both white and black swatch sheets, which I appreciate.Because they are extra fine tip markers, they are better for detail work than for covering large areas of color. I like using them over alcohol markers or the other, wider tip Grabie acrylic markers I mentioned above, but the mushroom doodle attached to this review was all done with these extra fine tip markers.The colors in this 18 marker set are absolutely beautiful but I do want to note that there’s not really a true red included. If that’s an issue for you, these markers are sold in larger sets.This set would be an easy five stars if Grabie would just label the markers with color names or codes. I understand that not labeling them probably lowers manufacturing costs but it also greatly impacts enjoyment when you have to keep markers in order at all times so you’ll know what each one looks like on the swatch sheet.Overall, this is a great set though and I love Grabie art products."
