review_id,primary_segment,Asin,Brand,Nation,Rating,pain_dimension,pain_tag,matched_keywords,Content
14,多表面diy/定制群,B001ANVDMA,posca,US,5,色彩饱和度与混合,负面-暗淡/褪色,pale,"I used Posca markers to paint on wooden pen holder, These are the best paint markers I've ever tried! The tips of the markers are durable and doesn't break easily like other markers I tried. Also the paint won't fade or change color by time. I recommend that you use a piece of plastic film to blend the colors on it and use it as a palette before you apply it on your project."
14,多表面diy/定制群,B001ANVDMA,posca,US,5,笔身与易用性,负面-材质/做工差,break,"I used Posca markers to paint on wooden pen holder, These are the best paint markers I've ever tried! The tips of the markers are durable and doesn't break easily like other markers I tried. Also the paint won't fade or change color by time. I recommend that you use a piece of plastic film to blend the colors on it and use it as a palette before you apply it on your project."
22,儿童/课堂使用群,B001ANVDMA,posca,US,5,笔身与易用性,负面-材质/做工差,break,These markers do have a “ball” inside of them for the paint/ink to come out easily/gather up and also these markers aren’t made for kids they could break it also you have to use these markers Lightly.
29,精细绘画/插画创作群,B001ANVDMA,posca,US,5,色彩饱和度与混合,负面-暗淡/褪色,pale,These paints work really well and they are thick. Limited palette means I'll have to rethink future illustrations but that's apart of the challenge. I enjoy using them on watercolor paper but they are versatile and don't bleed.
63,多表面diy/定制群,B001ANVDMA,posca,US,3,笔头耐用性,负面-寿命不匹配,dried out,"The white and black markers didn't even work.  I barely got to use them before they were dried out.  Other than that, they work well on the rocks we painted and were easy to draw with.  Not happy about the two main colors i needed not working but what can you do once you get them?"
75,精细绘画/插画创作群,B001ANVDMA,posca,US,5,色彩饱和度与混合,负面-遮盖力差/透明,watery,"these are fantastic for fine detail in smaller paintings or sketches<br>very opaque<br>a couple of pigments were very watery at first, but then the colour got thicker<br>love them and will definitely re-purchase"
117,多表面diy/定制群,B001ANVDMA,posca,US,5,性价比,负面-价格昂贵,expensive,"Although a bit more expensive than other acrylics, well worth the money as they are ahead of the rest in quality.  I have used them on paper, cardboard, and windows but mostly on rocks and they are incredible."
123,儿童/课堂使用群,B001ANVDMA,posca,US,5,性价比,负面-价格昂贵,expensive,"These markers are very expensive, but very good quality for a young artist. Would not recommend for small children or just to buy. Would purchase again if needed."
164,精细绘画/插画创作群,B001ANVDMA,posca,US,1,性价比,负面-价格昂贵,expensive,I bought these as WATERPROOF and they totally water soluble!  I ruined an expensive needlepoint canvas by using these to change a few details on the canvas as I found them to run terribly after they were dry.  Run away!!!!!!
296,多表面diy/定制群,B001ANVDMA,posca,US,5,笔头耐用性,负面-寿命不匹配,dry out,"These are awesome for drawing on surfaces other than paper.  We used all summer to draw on rocks and create really cool pebble people and characters.  Easy to use, and don't seem to dry out."
332,精细绘画/插画创作群,B001ANVDMA,posca,US,5,笔身与易用性,负面-握持不适,too wide,"I love these pens! The colors are vibrant, and the fine point allows you to create those little details that you'd never get with a brush. I'm pretty sure I saw ""extra fine point"" somewhere, which I hope exists, as I'd love to make even smaller marks with them sometimes. I purchased the medium point as well, but they're a bit too wide, even though the quality is there.Overall, if you're a mixed media artist looking to create those fine details with paint, you can't go wrong with this set."
340,多表面diy/定制群,B001ANVDMA,posca,US,1,笔头耐用性,负面-寿命不匹配,dried out,all the pens seemed to be dried out.  One of them broke and the tip came right out.  I did get a refund. but was hoping I could use these pens for rock painting.  my next purchase will be at Hobby Lobby or even Walmart
426,精细绘画/插画创作群,B001ANVDMA,posca,US,5,笔头耐用性,负面-磨损/分叉,fray,"We use these paint pens for our hobby of painting smooth river stones, and they are terrific.  The tips are firm and don't fray.  The only caution I would give is that you get the best and smoothest line if you 'pull' the pen toward you.  If you 'push' the line away from you (as you would if you're writing the letter ""O""), you will get some feathering unless you ease up on the pressure.  Or, if you are drawing, just turn the stone so you are drawing the pen toward you rather than pushing it away from you.We have these pens in the Extra Fine point, the Fine point, and the Medium point, and we seldom use the tiny brushes anymore.  These pens allow us (and even our 92 year old Nana) to do fine detail work, and we love them!Note:  We always put a spray coat of sealer on our stones to protect the artwork."
444,儿童/课堂使用群,B001ANVDMA,posca,US,5,性价比,负面-价格昂贵,expensive,Popular pens with my students… but just too expensive to hand out freely
465,多表面diy/定制群,B001ANVDMA,posca,US,4,流畅性,负面-出墨过多/漏墨,blotchy,I just got these today so I haven't used them very much but I love them!!I bought these to use to paint rocks and they work perfectly. The tip is the perfect size. It's fine point but not so fine that it's like a pen.The paint in these markers is very smooth. It dries pretty fast although it will smear. One thing I don't like is that it dries a little too fast for me while trying to paint in a large area so it leaves the painted area looking slightly blotchy. It does take a second coat well however.Overall I think that these are very good paint markers and I definitely recommend them!! I also ordered the Extra Fine Point Uni-Posca Paint Marker Pens and I can't wait for those to get here!!
465,多表面diy/定制群,B001ANVDMA,posca,US,4,绘画表现,负面-涂色不均,blotchy,I just got these today so I haven't used them very much but I love them!!I bought these to use to paint rocks and they work perfectly. The tip is the perfect size. It's fine point but not so fine that it's like a pen.The paint in these markers is very smooth. It dries pretty fast although it will smear. One thing I don't like is that it dries a little too fast for me while trying to paint in a large area so it leaves the painted area looking slightly blotchy. It does take a second coat well however.Overall I think that these are very good paint markers and I definitely recommend them!! I also ordered the Extra Fine Point Uni-Posca Paint Marker Pens and I can't wait for those to get here!!
514,多表面diy/定制群,B001ANVDMA,posca,US,4,墨水特性,负面-消耗快,runs out quickly,Great colors and good coverage.  We've been using them to paint rocks and have loved the results.  My only complaint is that they do not last long.  I'm not sure if the paint just runs out quickly or they dry up.
532,多表面diy/定制群,B001ANVDMA,posca,US,5,性价比,负面-价格昂贵,expensive,"I bought lots of paint pens.  These are much more expensive, but TOP OF THE LINE, and worth it for Art work,  I don’t use these for rock painting.  These are quality shiny finish.  I use them on ceramics.They can be refilled.  Google a YouTube video"
687,多表面diy/定制群,B001ANVDMA,posca,US,5,墨水特性,负面-气味难闻,strong smell,"I love these markers!! Am using them to paint on rocks, and they are very handy! Great colors, no blobs, no strong smell! Just what I wanted."
790,精细绘画/插画创作群,B001ANVDMA,posca,US,5,墨水特性,负面-消耗快,run out of paint,These are great for painting rocks and making fine details.  So much easier than cleaning actual paint and brushes and they go on the rocks easy and very vibrant color.  I have had these for awhile and they have yet to run out of paint.  They also blend and dry very quickly.
791,纸面手账/装饰书写群,B001ANVDMA,posca,US,5,笔头耐用性,负面-寿命不匹配,dried out,"I love Posca pens! I already had a thicker tip set but wanted these thinner ones too. I’ve had my other set for over a year and the tips have not dried out like other types of paint pens do. These are great for adding details to paintings - you can make marks on top of any type of media (acrylic, watercolor, gouache). The tips don’t get ruined from writing on top of acrylic paint like sharpie markers do (I use those too). The colors are great too!Update: it has been nearly 3 years and most of my pens are still going strong. That’s amazing! I still recommend these pens. Get yourself some today for all your mixed media and/or lettering needs."
845,填色/大面积上色群,B001ANVDMA,posca,US,4,色彩饱和度与混合,负面-暗淡/褪色,pale,"Hello everyone! My name is Aspen, @Paraslider on Twitter, I'm an artist and animator entering college this year, and I'd like to say I've been using these for 2 years now and they still work fine to this day. Some problems arose with the paint itself, which I'll get into later.For now, I'll start off with a brief introduction to how these pens work. Posca pens are notable for their usage in graffiti and street art, so the pen nibs are pretty much made to go through the wringer. As long as the surface you're going on isn't *too* toothy, like a broken brick or something, you can expect the nib to last a while. That being said; if you plan to use these on any kind of paper, expect the paper to pill. Pilling is the result of the pen nib being so abrasive on the paper's surface that it rips up the paper's surface/tooth. It won't destroy the paper by any means if it's watercolor paper or heavier weight paper, but printer paper is never ideal for these. The way you activate these is fairly simple-- you just press the nib down on a surface a bunch until the paint fills the nib, alternating between shaking the pen (cap on, of course) and pumping the nib like crazy until you get a nice, clean, consistent stroke.Let it be known, though, you will be shaking these pens a lot. I don't want to understate this in the slightest. You will spend a lot of time shaking these pens. If your batch is particularly fussy, hours even. When I tell you I've spent upwards of an hour or two just shaking and pumping my pens for the second piece of art in particular, please believe me there. Once that's done, you should be smoothly sailing. If not, I can only refer you to Kasey Golden's posca pen videos on YouTube for troubleshooting and tips.For clarity, I'll describe the processes behind each of these art pieces, as the size you're working on and the surface material matters greatly.1- The first painting (the side profile of my OC, grey background) is something I was able to do with just this 15 pen set, and it was my first go with these, done around late 2018. Watercolor paper, 7x7 inch size if I remember correctly, and yes, the paper pilled here and there. It wasn't at all a distraction or a major flaw of the markers, and it turned out perfectly fine. It sort of feels like eraser shavings, and if you like the texture the pilling produces, feel free to keep it! if not, it's really easy to wipe off after the paint dries.As can be seen, with just the base 15 markers, a lot can be done. If you're looking for a challenge and can work in a limited color palette, this set can take you far. The colors dry opaque and are super vibrant as expected. The coverage, especially for 3M size, is really nice and it dries down smooth and matte, no streaks abound. Poscas are renowned for their ability to create flat, sleek color blocks, so if that's your thing, you'll love these.2- This next piece (pattern background, 4 characters) was a lot larger than the first one, and was done on a 16x20 inch canvas and it was completed around a month or two ago. It's clear that I expanded the color count here, and you can totally buy different colors of posca pens on amazon for relatively cheap if you get them in packs. Individual pens, however, tend to be a lot pricier and more of a hassle to get, like 6-10 bucks a pop. Unlike the paper, there was no pilling at all on a canvas surface and was overall a much smoother experience. It took a bit of getting used to the canvas's surface, but it was a really fun project regardless.Aside from all the troubleshooting I had to do.You see, herein lies my major point of contention with these paint pens, but I'm sure this isn't just limited to posca, but all paint pens in general. I was painting this on an angle, and the canvas was stationed on an easel. Because of gravity, you can expect some of your pens to go rogue on you. They may appear to dry out or get streaky, but this is just due to the orientation of your canvas. This can typically be fixed by pumping the nib and shaking, but I will admit even after a while of this, some pens just don't want to cooperate. Some might stay watery, and others might stay streaky, and some might just die on you, and that's when I suggest a replacement. For instance, the navy blue and regular blue colors here were really temperamental, but after some deep, mindful, therapeutic thoughts such as ""goddamnit, please let me finish this before these die on me"" I was able to power through. Don't give up on your pens because they're showing signs of wear, because there's a chance they might still work/can be revived.TL:DR; These pens are spectacular for any artist of any skill level, but they aren't perfect and have some flaws. The orientation of the pen and your canvas affects the flow of the paint. In general, you won't see these problems with a majority of your pens, but every once in a while this may occur to a few in your batch. These are lovely for color laydown and produce consistent vibrant hues. They are definitely an investment though, so consider how you intend to use them and if it's worth the cost. These will make a lovely gift for any artist or creative!"
845,填色/大面积上色群,B001ANVDMA,posca,US,4,色彩饱和度与混合,负面-遮盖力差/透明,watery | streaky,"Hello everyone! My name is Aspen, @Paraslider on Twitter, I'm an artist and animator entering college this year, and I'd like to say I've been using these for 2 years now and they still work fine to this day. Some problems arose with the paint itself, which I'll get into later.For now, I'll start off with a brief introduction to how these pens work. Posca pens are notable for their usage in graffiti and street art, so the pen nibs are pretty much made to go through the wringer. As long as the surface you're going on isn't *too* toothy, like a broken brick or something, you can expect the nib to last a while. That being said; if you plan to use these on any kind of paper, expect the paper to pill. Pilling is the result of the pen nib being so abrasive on the paper's surface that it rips up the paper's surface/tooth. It won't destroy the paper by any means if it's watercolor paper or heavier weight paper, but printer paper is never ideal for these. The way you activate these is fairly simple-- you just press the nib down on a surface a bunch until the paint fills the nib, alternating between shaking the pen (cap on, of course) and pumping the nib like crazy until you get a nice, clean, consistent stroke.Let it be known, though, you will be shaking these pens a lot. I don't want to understate this in the slightest. You will spend a lot of time shaking these pens. If your batch is particularly fussy, hours even. When I tell you I've spent upwards of an hour or two just shaking and pumping my pens for the second piece of art in particular, please believe me there. Once that's done, you should be smoothly sailing. If not, I can only refer you to Kasey Golden's posca pen videos on YouTube for troubleshooting and tips.For clarity, I'll describe the processes behind each of these art pieces, as the size you're working on and the surface material matters greatly.1- The first painting (the side profile of my OC, grey background) is something I was able to do with just this 15 pen set, and it was my first go with these, done around late 2018. Watercolor paper, 7x7 inch size if I remember correctly, and yes, the paper pilled here and there. It wasn't at all a distraction or a major flaw of the markers, and it turned out perfectly fine. It sort of feels like eraser shavings, and if you like the texture the pilling produces, feel free to keep it! if not, it's really easy to wipe off after the paint dries.As can be seen, with just the base 15 markers, a lot can be done. If you're looking for a challenge and can work in a limited color palette, this set can take you far. The colors dry opaque and are super vibrant as expected. The coverage, especially for 3M size, is really nice and it dries down smooth and matte, no streaks abound. Poscas are renowned for their ability to create flat, sleek color blocks, so if that's your thing, you'll love these.2- This next piece (pattern background, 4 characters) was a lot larger than the first one, and was done on a 16x20 inch canvas and it was completed around a month or two ago. It's clear that I expanded the color count here, and you can totally buy different colors of posca pens on amazon for relatively cheap if you get them in packs. Individual pens, however, tend to be a lot pricier and more of a hassle to get, like 6-10 bucks a pop. Unlike the paper, there was no pilling at all on a canvas surface and was overall a much smoother experience. It took a bit of getting used to the canvas's surface, but it was a really fun project regardless.Aside from all the troubleshooting I had to do.You see, herein lies my major point of contention with these paint pens, but I'm sure this isn't just limited to posca, but all paint pens in general. I was painting this on an angle, and the canvas was stationed on an easel. Because of gravity, you can expect some of your pens to go rogue on you. They may appear to dry out or get streaky, but this is just due to the orientation of your canvas. This can typically be fixed by pumping the nib and shaking, but I will admit even after a while of this, some pens just don't want to cooperate. Some might stay watery, and others might stay streaky, and some might just die on you, and that's when I suggest a replacement. For instance, the navy blue and regular blue colors here were really temperamental, but after some deep, mindful, therapeutic thoughts such as ""goddamnit, please let me finish this before these die on me"" I was able to power through. Don't give up on your pens because they're showing signs of wear, because there's a chance they might still work/can be revived.TL:DR; These pens are spectacular for any artist of any skill level, but they aren't perfect and have some flaws. The orientation of the pen and your canvas affects the flow of the paint. In general, you won't see these problems with a majority of your pens, but every once in a while this may occur to a few in your batch. These are lovely for color laydown and produce consistent vibrant hues. They are definitely an investment though, so consider how you intend to use them and if it's worth the cost. These will make a lovely gift for any artist or creative!"
845,填色/大面积上色群,B001ANVDMA,posca,US,4,笔头耐用性,负面-寿命不匹配,dry out,"Hello everyone! My name is Aspen, @Paraslider on Twitter, I'm an artist and animator entering college this year, and I'd like to say I've been using these for 2 years now and they still work fine to this day. Some problems arose with the paint itself, which I'll get into later.For now, I'll start off with a brief introduction to how these pens work. Posca pens are notable for their usage in graffiti and street art, so the pen nibs are pretty much made to go through the wringer. As long as the surface you're going on isn't *too* toothy, like a broken brick or something, you can expect the nib to last a while. That being said; if you plan to use these on any kind of paper, expect the paper to pill. Pilling is the result of the pen nib being so abrasive on the paper's surface that it rips up the paper's surface/tooth. It won't destroy the paper by any means if it's watercolor paper or heavier weight paper, but printer paper is never ideal for these. The way you activate these is fairly simple-- you just press the nib down on a surface a bunch until the paint fills the nib, alternating between shaking the pen (cap on, of course) and pumping the nib like crazy until you get a nice, clean, consistent stroke.Let it be known, though, you will be shaking these pens a lot. I don't want to understate this in the slightest. You will spend a lot of time shaking these pens. If your batch is particularly fussy, hours even. When I tell you I've spent upwards of an hour or two just shaking and pumping my pens for the second piece of art in particular, please believe me there. Once that's done, you should be smoothly sailing. If not, I can only refer you to Kasey Golden's posca pen videos on YouTube for troubleshooting and tips.For clarity, I'll describe the processes behind each of these art pieces, as the size you're working on and the surface material matters greatly.1- The first painting (the side profile of my OC, grey background) is something I was able to do with just this 15 pen set, and it was my first go with these, done around late 2018. Watercolor paper, 7x7 inch size if I remember correctly, and yes, the paper pilled here and there. It wasn't at all a distraction or a major flaw of the markers, and it turned out perfectly fine. It sort of feels like eraser shavings, and if you like the texture the pilling produces, feel free to keep it! if not, it's really easy to wipe off after the paint dries.As can be seen, with just the base 15 markers, a lot can be done. If you're looking for a challenge and can work in a limited color palette, this set can take you far. The colors dry opaque and are super vibrant as expected. The coverage, especially for 3M size, is really nice and it dries down smooth and matte, no streaks abound. Poscas are renowned for their ability to create flat, sleek color blocks, so if that's your thing, you'll love these.2- This next piece (pattern background, 4 characters) was a lot larger than the first one, and was done on a 16x20 inch canvas and it was completed around a month or two ago. It's clear that I expanded the color count here, and you can totally buy different colors of posca pens on amazon for relatively cheap if you get them in packs. Individual pens, however, tend to be a lot pricier and more of a hassle to get, like 6-10 bucks a pop. Unlike the paper, there was no pilling at all on a canvas surface and was overall a much smoother experience. It took a bit of getting used to the canvas's surface, but it was a really fun project regardless.Aside from all the troubleshooting I had to do.You see, herein lies my major point of contention with these paint pens, but I'm sure this isn't just limited to posca, but all paint pens in general. I was painting this on an angle, and the canvas was stationed on an easel. Because of gravity, you can expect some of your pens to go rogue on you. They may appear to dry out or get streaky, but this is just due to the orientation of your canvas. This can typically be fixed by pumping the nib and shaking, but I will admit even after a while of this, some pens just don't want to cooperate. Some might stay watery, and others might stay streaky, and some might just die on you, and that's when I suggest a replacement. For instance, the navy blue and regular blue colors here were really temperamental, but after some deep, mindful, therapeutic thoughts such as ""goddamnit, please let me finish this before these die on me"" I was able to power through. Don't give up on your pens because they're showing signs of wear, because there's a chance they might still work/can be revived.TL:DR; These pens are spectacular for any artist of any skill level, but they aren't perfect and have some flaws. The orientation of the pen and your canvas affects the flow of the paint. In general, you won't see these problems with a majority of your pens, but every once in a while this may occur to a few in your batch. These are lovely for color laydown and produce consistent vibrant hues. They are definitely an investment though, so consider how you intend to use them and if it's worth the cost. These will make a lovely gift for any artist or creative!"
845,填色/大面积上色群,B001ANVDMA,posca,US,4,绘画表现,负面-涂色不均,streak | streaky,"Hello everyone! My name is Aspen, @Paraslider on Twitter, I'm an artist and animator entering college this year, and I'd like to say I've been using these for 2 years now and they still work fine to this day. Some problems arose with the paint itself, which I'll get into later.For now, I'll start off with a brief introduction to how these pens work. Posca pens are notable for their usage in graffiti and street art, so the pen nibs are pretty much made to go through the wringer. As long as the surface you're going on isn't *too* toothy, like a broken brick or something, you can expect the nib to last a while. That being said; if you plan to use these on any kind of paper, expect the paper to pill. Pilling is the result of the pen nib being so abrasive on the paper's surface that it rips up the paper's surface/tooth. It won't destroy the paper by any means if it's watercolor paper or heavier weight paper, but printer paper is never ideal for these. The way you activate these is fairly simple-- you just press the nib down on a surface a bunch until the paint fills the nib, alternating between shaking the pen (cap on, of course) and pumping the nib like crazy until you get a nice, clean, consistent stroke.Let it be known, though, you will be shaking these pens a lot. I don't want to understate this in the slightest. You will spend a lot of time shaking these pens. If your batch is particularly fussy, hours even. When I tell you I've spent upwards of an hour or two just shaking and pumping my pens for the second piece of art in particular, please believe me there. Once that's done, you should be smoothly sailing. If not, I can only refer you to Kasey Golden's posca pen videos on YouTube for troubleshooting and tips.For clarity, I'll describe the processes behind each of these art pieces, as the size you're working on and the surface material matters greatly.1- The first painting (the side profile of my OC, grey background) is something I was able to do with just this 15 pen set, and it was my first go with these, done around late 2018. Watercolor paper, 7x7 inch size if I remember correctly, and yes, the paper pilled here and there. It wasn't at all a distraction or a major flaw of the markers, and it turned out perfectly fine. It sort of feels like eraser shavings, and if you like the texture the pilling produces, feel free to keep it! if not, it's really easy to wipe off after the paint dries.As can be seen, with just the base 15 markers, a lot can be done. If you're looking for a challenge and can work in a limited color palette, this set can take you far. The colors dry opaque and are super vibrant as expected. The coverage, especially for 3M size, is really nice and it dries down smooth and matte, no streaks abound. Poscas are renowned for their ability to create flat, sleek color blocks, so if that's your thing, you'll love these.2- This next piece (pattern background, 4 characters) was a lot larger than the first one, and was done on a 16x20 inch canvas and it was completed around a month or two ago. It's clear that I expanded the color count here, and you can totally buy different colors of posca pens on amazon for relatively cheap if you get them in packs. Individual pens, however, tend to be a lot pricier and more of a hassle to get, like 6-10 bucks a pop. Unlike the paper, there was no pilling at all on a canvas surface and was overall a much smoother experience. It took a bit of getting used to the canvas's surface, but it was a really fun project regardless.Aside from all the troubleshooting I had to do.You see, herein lies my major point of contention with these paint pens, but I'm sure this isn't just limited to posca, but all paint pens in general. I was painting this on an angle, and the canvas was stationed on an easel. Because of gravity, you can expect some of your pens to go rogue on you. They may appear to dry out or get streaky, but this is just due to the orientation of your canvas. This can typically be fixed by pumping the nib and shaking, but I will admit even after a while of this, some pens just don't want to cooperate. Some might stay watery, and others might stay streaky, and some might just die on you, and that's when I suggest a replacement. For instance, the navy blue and regular blue colors here were really temperamental, but after some deep, mindful, therapeutic thoughts such as ""goddamnit, please let me finish this before these die on me"" I was able to power through. Don't give up on your pens because they're showing signs of wear, because there's a chance they might still work/can be revived.TL:DR; These pens are spectacular for any artist of any skill level, but they aren't perfect and have some flaws. The orientation of the pen and your canvas affects the flow of the paint. In general, you won't see these problems with a majority of your pens, but every once in a while this may occur to a few in your batch. These are lovely for color laydown and produce consistent vibrant hues. They are definitely an investment though, so consider how you intend to use them and if it's worth the cost. These will make a lovely gift for any artist or creative!"
845,填色/大面积上色群,B001ANVDMA,posca,US,4,表面/介质表现,负面-在石头上表现差,streaky,"Hello everyone! My name is Aspen, @Paraslider on Twitter, I'm an artist and animator entering college this year, and I'd like to say I've been using these for 2 years now and they still work fine to this day. Some problems arose with the paint itself, which I'll get into later.For now, I'll start off with a brief introduction to how these pens work. Posca pens are notable for their usage in graffiti and street art, so the pen nibs are pretty much made to go through the wringer. As long as the surface you're going on isn't *too* toothy, like a broken brick or something, you can expect the nib to last a while. That being said; if you plan to use these on any kind of paper, expect the paper to pill. Pilling is the result of the pen nib being so abrasive on the paper's surface that it rips up the paper's surface/tooth. It won't destroy the paper by any means if it's watercolor paper or heavier weight paper, but printer paper is never ideal for these. The way you activate these is fairly simple-- you just press the nib down on a surface a bunch until the paint fills the nib, alternating between shaking the pen (cap on, of course) and pumping the nib like crazy until you get a nice, clean, consistent stroke.Let it be known, though, you will be shaking these pens a lot. I don't want to understate this in the slightest. You will spend a lot of time shaking these pens. If your batch is particularly fussy, hours even. When I tell you I've spent upwards of an hour or two just shaking and pumping my pens for the second piece of art in particular, please believe me there. Once that's done, you should be smoothly sailing. If not, I can only refer you to Kasey Golden's posca pen videos on YouTube for troubleshooting and tips.For clarity, I'll describe the processes behind each of these art pieces, as the size you're working on and the surface material matters greatly.1- The first painting (the side profile of my OC, grey background) is something I was able to do with just this 15 pen set, and it was my first go with these, done around late 2018. Watercolor paper, 7x7 inch size if I remember correctly, and yes, the paper pilled here and there. It wasn't at all a distraction or a major flaw of the markers, and it turned out perfectly fine. It sort of feels like eraser shavings, and if you like the texture the pilling produces, feel free to keep it! if not, it's really easy to wipe off after the paint dries.As can be seen, with just the base 15 markers, a lot can be done. If you're looking for a challenge and can work in a limited color palette, this set can take you far. The colors dry opaque and are super vibrant as expected. The coverage, especially for 3M size, is really nice and it dries down smooth and matte, no streaks abound. Poscas are renowned for their ability to create flat, sleek color blocks, so if that's your thing, you'll love these.2- This next piece (pattern background, 4 characters) was a lot larger than the first one, and was done on a 16x20 inch canvas and it was completed around a month or two ago. It's clear that I expanded the color count here, and you can totally buy different colors of posca pens on amazon for relatively cheap if you get them in packs. Individual pens, however, tend to be a lot pricier and more of a hassle to get, like 6-10 bucks a pop. Unlike the paper, there was no pilling at all on a canvas surface and was overall a much smoother experience. It took a bit of getting used to the canvas's surface, but it was a really fun project regardless.Aside from all the troubleshooting I had to do.You see, herein lies my major point of contention with these paint pens, but I'm sure this isn't just limited to posca, but all paint pens in general. I was painting this on an angle, and the canvas was stationed on an easel. Because of gravity, you can expect some of your pens to go rogue on you. They may appear to dry out or get streaky, but this is just due to the orientation of your canvas. This can typically be fixed by pumping the nib and shaking, but I will admit even after a while of this, some pens just don't want to cooperate. Some might stay watery, and others might stay streaky, and some might just die on you, and that's when I suggest a replacement. For instance, the navy blue and regular blue colors here were really temperamental, but after some deep, mindful, therapeutic thoughts such as ""goddamnit, please let me finish this before these die on me"" I was able to power through. Don't give up on your pens because they're showing signs of wear, because there's a chance they might still work/can be revived.TL:DR; These pens are spectacular for any artist of any skill level, but they aren't perfect and have some flaws. The orientation of the pen and your canvas affects the flow of the paint. In general, you won't see these problems with a majority of your pens, but every once in a while this may occur to a few in your batch. These are lovely for color laydown and produce consistent vibrant hues. They are definitely an investment though, so consider how you intend to use them and if it's worth the cost. These will make a lovely gift for any artist or creative!"
1130,精细绘画/插画创作群,B001ANVDMA,posca,US,4,流畅性,负面-出墨过多/漏墨,bleed through,"I like POSCA markers for illustration and flat, cell shade graphic art. Works great in my Moleskine sketchbook (the one with the thicker smooth pages). No bleed through the pages. Opaque, matte finish. Wish there were more colors though. This set has 15 markers, which is a fine starter set, but lacks some colors for gradient (like a light purple or a darker beige). I supplement by layering  Prismacolor colored pencil and Tombow brush markers to achieve shadows."
1159,纸面手账/装饰书写群,B001ANVDMA,posca,US,5,笔头耐用性,负面-寿命不匹配,dry out,"I've tried multiple different brands of acrylic markers for my paintings and these are definitely the best! They don't dry out nearly as fast as other brands I've tried. I use them for paintings on canvas, cardstock, and vinyl records - they're perfect for any surface! :)"
1214,纸面手账/装饰书写群,B001ANVDMA,posca,US,5,流畅性,负面-出墨过多/漏墨,bleed through,My SIL loves them so much! Perfect gift for any artist! They don’t bleed through her bullet journal and they dry quickly.
1238,纸面手账/装饰书写群,B001ANVDMA,posca,US,3,性价比,负面-价格昂贵,pricey though | expensive | pricey,"Not sure what I expected, but they are just expensive markers to me. I bought them to paint rocks, and (perhaps I was just naive) they don't act like paint. There is no ability to blend so basically I am using markers. They do work WELL. The colours come onto the rocks really well. I'm disappointed with the colours. They are not true. The red is more soft and orangey for example. The green is really bright. If the colours were nicer they do work well for lettering or somewhat fine lines. They're pretty pricey though. Overall - they do work really well, just not what I wanted. Hope that is helpful!"
1258,填色/大面积上色群,B001ANVDMA,posca,US,5,笔头表现,负面-细节控制差,too thick,I liked these markers – it was fun to branch out into a new medium.  They laid down color more like paint and less like a marker.  I used them to color in adult coloring books and was happy that they didn’t bleed through the pages.  I wished I had gotten the extra fine point set because these were a little too thick to stay in the lines for some of the colorings – might work better for backgrounds.
1258,填色/大面积上色群,B001ANVDMA,posca,US,5,流畅性,负面-出墨过多/漏墨,bleed through,I liked these markers – it was fun to branch out into a new medium.  They laid down color more like paint and less like a marker.  I used them to color in adult coloring books and was happy that they didn’t bleed through the pages.  I wished I had gotten the extra fine point set because these were a little too thick to stay in the lines for some of the colorings – might work better for backgrounds.
1258,填色/大面积上色群,B001ANVDMA,posca,US,5,笔身与易用性,负面-握持不适,too thick,I liked these markers – it was fun to branch out into a new medium.  They laid down color more like paint and less like a marker.  I used them to color in adult coloring books and was happy that they didn’t bleed through the pages.  I wished I had gotten the extra fine point set because these were a little too thick to stay in the lines for some of the colorings – might work better for backgrounds.
1262,多表面diy/定制群,B001ANVDMA,posca,US,5,绘画表现,负面-涂色不均,streak | streaking,We love them they write clearly on glass without streaking. The Markers last about a year before they start drying out.The marker wipes off the glass with a sanitation wipe and a paper towel to dry glass. A little expensive but very good quality.
1262,多表面diy/定制群,B001ANVDMA,posca,US,5,性价比,负面-价格昂贵,a little expensive | expensive,We love them they write clearly on glass without streaking. The Markers last about a year before they start drying out.The marker wipes off the glass with a sanitation wipe and a paper towel to dry glass. A little expensive but very good quality.
1296,纸面手账/装饰书写群,B001ANVDMA,posca,US,5,性价比,负面-价格昂贵,pricey,"My daughter is an artist . She suggested these to me for a restoration  project that I needed to touch up lettering . It worked perfect . Shake vigorously, depress tip to load and the flow is consistent and the colors are vibrant even on black material. I gave 5 stars on value though pricey , but the professional results match the value . Yeah my daughter got them now."
1333,多表面diy/定制群,B001ANVDMA,posca,US,2,墨水特性,负面-易褪色/不防水,scratches off,"Arrived much later than originally quoted on check out (shipped from Japan but Amazon should be more accurate with delivery times).  I bought these for a DIY mug project and the pens are nice (ink flows well, vibrant colours) but not good for coffee mugs.  The ink scratches off with the lightest touch, even after letting dry for 3 days and baking.  I also previously purchased water-based markers from Pebeo, which are FAR more durable than these oil-based markers..."
1346,纸面手账/装饰书写群,B001ANVDMA,posca,US,5,流畅性,负面-出墨过多/漏墨,bleed through,"My granddaughters love these paint markers.However, If you want to use them for bible jouranling, they do bleed through a little bit. So I wouldn't recommend them for journaling.But the kids love them, they are good quality, great colors and the look of the markers are a lot of fun."
1367,填色/大面积上色群,B001ANVDMA,posca,US,2,性价比,负面-价格昂贵,rip off,"I don’t know why I continue to buy Posca because they are such a rip off. I just recently bought these markers and they are already out of paint because the markers arrived not even half way full. Also every pack of Poscas I buy, the black flakes off of whatever surface I’m drawing on. It doesn’t matter how much I shake it or prime the tip it always dries and flakes. I don’t think I can ever justify buying Posca markers again and will now be refilling my current paint markers with diluted acrylic paint."
1370,多表面diy/定制群,B001ANVDMA,posca,US,5,流畅性,负面-出墨过多/漏墨,bleed through,"These were recommended by some artist friends of mine. As water-based paint, they dry quickly, though slightly longer when writing on slick surfaces like polished rocks. The paint can be scratched off slick surfaces when dry.  The paint doesn't bleed through paper, unlike alcohol-based markers.  Haven't found these in local stores, but comparable ones found in local art supply stores are at least twice the cost.The downsides - if you can't read Jaoanese you're on your own reading the packaging. And I wish they came in more colours."
1481,纸面手账/装饰书写群,B001ANVDMA,posca,US,5,笔身与易用性,负面-材质/做工差,break,"Like the headline said, the color of the paint is great and they are super fun to use. Much easier than breaking out the paints for a lot of hand lettering projects and the results are great."
1570,精细绘画/插画创作群,B001ANVDMA,posca,US,5,笔头耐用性,负面-寿命不匹配,dry out,"These pens are a joy to use.  I use a water color background on cards I make and these pens are used for the final details.  My granddaughter and I sat for hours one night, just doodling with them and in making her memory book she keeps at my house.  The paint doesn't dry out too quickly, making it easy to blend colors so they are great for illustrations too.  I also purchased the medium point set to complement this fine point one.  I liked them so much I even ordered some single pens of other colors.  Once the paint is primed into the point of the pen, it flows easily and evenly.  So far I have not experienced any globing of the paint during application.  It is always nice when you find an item that delivers on quality and function and I might add, these pens put the ""fun"" in function."
1619,多表面diy/定制群,B001ANVDMA,posca,US,1,笔头耐用性,负面-寿命不匹配,dried up,"I bought to write on rocks, package came when said it would come BUT every single pen was dried up and didn't make even the slightest color."
1630,精细绘画/插画创作群,B001ANVDMA,posca,US,5,笔头表现,负面-细节控制差,too thick,This set is great for anyone looking to add to their collection or for beginners. The pens are the perfect size for medium to large pieces but the nib is a bit too thick for those super fine details.
1630,精细绘画/插画创作群,B001ANVDMA,posca,US,5,笔身与易用性,负面-握持不适,too thick,This set is great for anyone looking to add to their collection or for beginners. The pens are the perfect size for medium to large pieces but the nib is a bit too thick for those super fine details.
1632,多表面diy/定制群,B001ANVDMA,posca,US,4,笔头耐用性,负面-寿命不匹配,dry out,"I haven't had any of the issues using these pens. first time getting them: You need to shake them, cap facing down for 3 minutes tops, and I mean a *real* shake. if you've ever had old acrylic paint in a bottle, and you had to shake them to stir it up, you know how much *umph* I'm talking about here. then you get a paper towel and fold it up, maybe even a piece of wax paper underneath if you worried about oozing pen paint everywhere, and you push the pen tip down on the dry towel. Hold it down for a good minute. This is the more laborious part because each pen tip may or may not be more dry/wet than the others. so it could seem like your pen is defective, but most likely you haven't put enough pressure on the tip for the paint to saturate the tip. I'd do circles or figure 8's so it doesn't feel like you're waiting for a proverbial elevator's worth of time for your pen to be functional. once the pen is saturated you'll all set, you might notice times where the tip will dry out, and you just dap it with the damp towel to fix that, if the paint is dried then a soft scrub with a damp towel may be needed. You might notice times where you start to get streaks, which means the pen needs a break. Cap it, shake it cap side down for a minute or so then you should be good to go. Now that the troubleshooting is over with here's my actual review.REVIEW:I bought these for multiple projects, rock painting, signing paintings, touching up miniatures, etc. these worked best on flat surfaces. those round mandala rocks that are everywhere didn't work well in my experience. after I got a sense of flow from the paint in the pen it was easier to write and color with it, but I didn't like the actual look on the pen since the paint is a matte finish. i was hoping for a glossier paint. the pigments in the paint are higher than anything else I own though, and I found myself just buying crystal clear gloss spray, and running out of paint in the pens before ever having a blowout and ink running out of my pens. I think that just has to do with individual pressure people put on their pens, it's a balance of firm enough like holding a screwdriver so it didn't shake when you use it, and remember there's a canister of paint in a pen, and slamming the tip down is just opening a socket for the paint, so using all your hand/arm power to press down would make the paint run free.So in conclusion, if you take the time needed these pens work great, they're made for drawing and painting on canvas or thicker ""art"" paper. That said rock art is doable just tricky sometimes, and coloring mugs or shoes could also be a viable use for these."
1632,多表面diy/定制群,B001ANVDMA,posca,US,4,笔身与易用性,负面-材质/做工差,break,"I haven't had any of the issues using these pens. first time getting them: You need to shake them, cap facing down for 3 minutes tops, and I mean a *real* shake. if you've ever had old acrylic paint in a bottle, and you had to shake them to stir it up, you know how much *umph* I'm talking about here. then you get a paper towel and fold it up, maybe even a piece of wax paper underneath if you worried about oozing pen paint everywhere, and you push the pen tip down on the dry towel. Hold it down for a good minute. This is the more laborious part because each pen tip may or may not be more dry/wet than the others. so it could seem like your pen is defective, but most likely you haven't put enough pressure on the tip for the paint to saturate the tip. I'd do circles or figure 8's so it doesn't feel like you're waiting for a proverbial elevator's worth of time for your pen to be functional. once the pen is saturated you'll all set, you might notice times where the tip will dry out, and you just dap it with the damp towel to fix that, if the paint is dried then a soft scrub with a damp towel may be needed. You might notice times where you start to get streaks, which means the pen needs a break. Cap it, shake it cap side down for a minute or so then you should be good to go. Now that the troubleshooting is over with here's my actual review.REVIEW:I bought these for multiple projects, rock painting, signing paintings, touching up miniatures, etc. these worked best on flat surfaces. those round mandala rocks that are everywhere didn't work well in my experience. after I got a sense of flow from the paint in the pen it was easier to write and color with it, but I didn't like the actual look on the pen since the paint is a matte finish. i was hoping for a glossier paint. the pigments in the paint are higher than anything else I own though, and I found myself just buying crystal clear gloss spray, and running out of paint in the pens before ever having a blowout and ink running out of my pens. I think that just has to do with individual pressure people put on their pens, it's a balance of firm enough like holding a screwdriver so it didn't shake when you use it, and remember there's a canister of paint in a pen, and slamming the tip down is just opening a socket for the paint, so using all your hand/arm power to press down would make the paint run free.So in conclusion, if you take the time needed these pens work great, they're made for drawing and painting on canvas or thicker ""art"" paper. That said rock art is doable just tricky sometimes, and coloring mugs or shoes could also be a viable use for these."
1632,多表面diy/定制群,B001ANVDMA,posca,US,4,绘画表现,负面-涂色不均,streak,"I haven't had any of the issues using these pens. first time getting them: You need to shake them, cap facing down for 3 minutes tops, and I mean a *real* shake. if you've ever had old acrylic paint in a bottle, and you had to shake them to stir it up, you know how much *umph* I'm talking about here. then you get a paper towel and fold it up, maybe even a piece of wax paper underneath if you worried about oozing pen paint everywhere, and you push the pen tip down on the dry towel. Hold it down for a good minute. This is the more laborious part because each pen tip may or may not be more dry/wet than the others. so it could seem like your pen is defective, but most likely you haven't put enough pressure on the tip for the paint to saturate the tip. I'd do circles or figure 8's so it doesn't feel like you're waiting for a proverbial elevator's worth of time for your pen to be functional. once the pen is saturated you'll all set, you might notice times where the tip will dry out, and you just dap it with the damp towel to fix that, if the paint is dried then a soft scrub with a damp towel may be needed. You might notice times where you start to get streaks, which means the pen needs a break. Cap it, shake it cap side down for a minute or so then you should be good to go. Now that the troubleshooting is over with here's my actual review.REVIEW:I bought these for multiple projects, rock painting, signing paintings, touching up miniatures, etc. these worked best on flat surfaces. those round mandala rocks that are everywhere didn't work well in my experience. after I got a sense of flow from the paint in the pen it was easier to write and color with it, but I didn't like the actual look on the pen since the paint is a matte finish. i was hoping for a glossier paint. the pigments in the paint are higher than anything else I own though, and I found myself just buying crystal clear gloss spray, and running out of paint in the pens before ever having a blowout and ink running out of my pens. I think that just has to do with individual pressure people put on their pens, it's a balance of firm enough like holding a screwdriver so it didn't shake when you use it, and remember there's a canister of paint in a pen, and slamming the tip down is just opening a socket for the paint, so using all your hand/arm power to press down would make the paint run free.So in conclusion, if you take the time needed these pens work great, they're made for drawing and painting on canvas or thicker ""art"" paper. That said rock art is doable just tricky sometimes, and coloring mugs or shoes could also be a viable use for these."
1662,纸面手账/装饰书写群,B001ANVDMA,posca,US,5,流畅性,负面-出墨过多/漏墨,too much ink,"Very bright, good ink, goes on smoothly as long as you don’t put too much in on at once. I use them for bullet journaling, 60 gsm paper, as opposed to a canvas and they can shred the paper if too much ink is put down at once. The thickness of the tip is just right for laying down “large” areas of color and doing details. I put ‘large’ in quotes because as I said I use a bullet journal which is not a very large area (A5). (The white lines in the pictures were done with a Jelly Roll, and the moon was done with artist loft pain, NOT Posca!!)"
1687,精细绘画/插画创作群,B001ANVDMA,posca,US,3,色彩饱和度与混合,负面-遮盖力差/透明,watery | runny,"I feel like 3 stars is a fair score for this product. They are certainly very good pens but not perfect. My yellow pen was too runny and watery (same with the black), some of the pens feel dry and peel despite me periodically shaking the pen to make it moist, and FYI I'd recommend using water color paper over regular paper when drawing or coloring with POSCA. Aside from that they're very smooth, vibrant and make your artwork pop. I love how colorful they make my characters look and I definitely recommend them to other artists as well. :)"
1690,精细绘画/插画创作群,B001ANVDMA,posca,US,4,流畅性,负面-出墨过多/漏墨,bleed through,"Note: They are water based, NOT oil-based! That was kind of my fault for not reading it close enough, not a problem with the product, but it was still a bit frustrating because I had to return them because I need oil-based pens for my projects (which I noticed too late). Also, when I pushed the tip down to get the paint out into the brush part (the nib, if you will) out came A LOT of ink. I had huge rainbow puddles of water-based paint on my paper towel threatening to bleed through it and ruin my counter tops. Then, I had to be careful with opening them, because if opened them too fast, there would be more water-based paint squirting all over the kitchen. They were however, a really nice thickness to do moderately fine details, and they came in a really good variety of colors, more than I thought I could use in a lifetime! Well, not really but the point is, there was a lot of them! If you need water-based pens, get them because they are really bright, and a really good price."
1743,多表面diy/定制群,B001ANVDMA,posca,US,5,墨水特性,负面-易褪色/不防水,washes away,"Color on color(light color on dark color blotch )super,super  bright colors ,writes on almost every surface porous surface good but color on ceramic washes away  ,not even on plastic surface"
1749,多表面diy/定制群,B001ANVDMA,posca,US,5,流畅性,负面-出墨过多/漏墨,bleed through,"These are excellent! It takes a while for them to be shipped, though, not the usual lightning fast I'm accustomed to with Amazon.I bought them to color easter eggs, but they work great on so many surfaces.They are very opaque, so you can put a light color over a dark. They work marvelously on paper, there is zero bleed through. They are a good complement to Copic markers to add light over dark. I have used them with good success on leather shoes. They don't work great on fabrics, like cotton t-shirts, however, because it soaks in, maybe if you put some kind of fabric primer on first it would work better for that.I accidentally bought the fine, instead of extra fine, but you can get a fairly thin line with these.This pen is something I may have wanted all my life. I love them. My only problem with them is I wish there were more colors!"
1757,精细绘画/插画创作群,B001ANVDMA,posca,US,5,性价比,负面-价格昂贵,bit pricey | pricey,My daughter loves the details she can paint with these fine point pens. A bit pricey but seems to be very good quality.
1885,儿童/课堂使用群,B001ANVDMU,posca,US,5,性价比,负面-价格昂贵,costly,"My granddaughter likes these. She like artist stuff and I haven’t seen any of her work with these markers yet, but I used one and there nice. A little costly for kids, but I’ll see if there worth it down the road ."
1886,儿童/课堂使用群,B001ANVDMU,posca,US,5,性价比,负面-价格昂贵,a little expensive | expensive,My kids love these markers.  They draw on balloons very well.  A little expensive but worth it.
2070,儿童/课堂使用群,B001ANVDMU,posca,US,4,容量,负面-容量小/消耗快,ran out of ink,"I bought these for my daughter, and she absolutely loved them. The only problem is the black ran out of ink very fast. Shipping was fast. Overall I do recommend 👍🏼"
2071,纸面手账/装饰书写群,B001ANVDMU,posca,US,5,笔头表现,负面-笔头磨损分叉,clogged,Awesome pens that write over acrylic paint without getting clogged. Just what I wanted for art journalling!
2149,多表面diy/定制群,B001ANVDMU,posca,US,3,笔头耐用性,负面-寿命不匹配,dried out,Nice markers that write well and have nice colors- BUT they run out of ink very quickly.  We've had them for a little over a month with sporadic use to paint rocks.... and they are either dried out or out of ink.  Disappointing for the price.
2176,多表面diy/定制群,B001ANVDMU,posca,US,5,流畅性,负面-出墨过多/漏墨,bleed through,"I design earrings and painting small scale is difficult and time-consuming. I bought the 0.7 markers recently once I had saved up enough and read enough reviews. I wasn't disappointed. These broaden my possibilities and spark my creativity and confidence, and they provide consistent, rich opaque coverage.Having ordered both these and the 0.7 in December in the Midwest, it was important to warm them to room temperature and shake thoroughly. It does take the paint take a while to flow. Press firmly at an angle and keep an eye on them to know when the paint has saturated the drawing tip.These have better paint quality than Painter's pens and don't bleed through like Sharpies. Work well on smooth wood without bleeding and paper without curling too much. I will give more feedback if I use them on fabric."
2201,多表面diy/定制群,B001ANVDMU,posca,US,5,流畅性,负面-出墨过多/漏墨,splatter,"I love these pens! I ordered this set and a set of the medium point and they all have worked well so far. These are great for adding details or writing words on painted rocks. They dry quickly and leave a nice, crisp line. Just make sure your surface is smooth. Otherwise you need to use dots to make your lines. Otherwise it will skip and splatter a bit. (Think flipping a paintbrush with paint on it)"
2314,多表面diy/定制群,B001ANVDMU,posca,US,5,流畅性,负面-出墨过多/漏墨,splatter,"Used as a bridal shower activity! Wrote the bride and grooms name and ""Truths and Actions"" underneath on the outside of a wooden jenga box. Had guests write questions and actions on the blocks with the Uni-posca paint pens. They only bled in the grains if the guests dragged too hard or pressed too much paint out. If dragged the wrong way on unfinished wood, they splatter when the tip gets caught on the grain. Just be careful and you can get great results!Got both these and the ultra-fine ones. Great colors and hopefully these will last a while! Plan on trying on rocks, soon."
2317,儿童/课堂使用群,B001ANVDMU,posca,US,1,笔头耐用性,负面-寿命不匹配,dried up,Bought for my son and me because we saw alot of videos with these. The light blue dried up within a handful of uses.
2391,精细绘画/插画创作群,B001ANVDMU,posca,US,5,性价比,负面-价格昂贵,expensive,"I love these acrylic pens!!! I have tried all different brands and even high-end, expensive acrylic pens from art stores marketing them as superior ""art pens"", and Posca pens outshine those in both quality and longevity. I have made several artworks with these and I'm obsessed. I love that I can get a nice consistent line, and that I can draw over dark colors with lighter ones without compromising the quality of the color (although you do need to wait for each color to dry before layering up to avoid the colors bleeding together). Great purchase - will buy again, and next time will most likely get the fine tip pens in the same colors to do smaller detail line work. If you are on the fence about getting these pens, go ahead and get them! They are very affordable for the quality that you get."
2406,多表面diy/定制群,B001ANVDMU,posca,US,1,墨水特性,负面-易褪色/不防水,comes off easily,This did not work for my application. It comes off easily. And layers on and does not level so nothing looks flat. I tried it on plastic.This has been disappointing for me. Especially since I waited so long to try these.
2406,多表面diy/定制群,B001ANVDMU,posca,US,1,墨水特性,负面-金属效果差,looks flat,This did not work for my application. It comes off easily. And layers on and does not level so nothing looks flat. I tried it on plastic.This has been disappointing for me. Especially since I waited so long to try these.
2441,多表面diy/定制群,B001ANVDMU,posca,US,5,色彩饱和度与混合,负面-遮盖力差/透明,watery | runny,"Thrilled with these pens.  My only complaint is the white pen is a bit watery/runny.  Otherwise, they are great for painting on fabric!"
2449,儿童/课堂使用群,B001ANVDMU,posca,US,5,墨水特性,负面-易褪色/不防水,not waterproof,"Strong covering, vibrant colors, not waterproof but my kids anyway use it for design on sneakers and t-shirts"
2449,儿童/课堂使用群,B001ANVDMU,posca,US,5,场景表现,负面-不能多表面DIY,not waterproof,"Strong covering, vibrant colors, not waterproof but my kids anyway use it for design on sneakers and t-shirts"
2531,儿童/课堂使用群,B001ANVDMU,posca,US,5,笔头表现,负面-笔头磨损分叉,wore out,"Some colors, such as red, wore out, dried out before any others. For children painting rocks, this means a whole new set must be ordered."
2531,儿童/课堂使用群,B001ANVDMU,posca,US,5,笔头耐用性,负面-寿命不匹配,dried out,"Some colors, such as red, wore out, dried out before any others. For children painting rocks, this means a whole new set must be ordered."
2542,精细绘画/插画创作群,B001ANVDMU,posca,US,5,笔头耐用性,负面-磨损/分叉,fray,"We use these paint pens for our hobby of painting smooth river stones, and they are terrific.  The tips are firm and don't fray.  The only caution I would give is that you get the best and smoothest line if you 'pull' the pen toward you.  If you 'push' the line away from you (as you would if you're writing cursive and you are writing the letter ""O""), you will get some feathering unless you ease up on the pressure.  Or, if you are drawing, just turn the stone so you are drawing the pen toward you rather than pushing it away from you.We have these pens in the Extra Fine point, the Fine point, and the Medium point, and we seldom use the tiny brushes anymore.  These pens allow us (and even our 92 year old Nana) to do fine detail work, and we love them!"
2588,多表面diy/定制群,B001ANVDMU,posca,US,4,性价比,负面-价格昂贵,overpriced,Rock painting has become popular where I live so I bought this to do more detailed designs.  They work well but I think they are a bit overpriced.
2597,多表面diy/定制群,B001ANVDMU,posca,US,5,流畅性,负面-出墨过多/漏墨,ink gushes out,"This is my go to painting pen for all craft items. I specifically love to paint rocks with these pens. A finer tip is best for details. Some of the pens paint does flow thicker and is not consistent with each one (for example white ink flows thin and slow, while blue ink gushes out). I would hope next time better quality control is done. It might be ink, I don't know. Still, I love these paint pens!"
2677,儿童/课堂使用群,B001ANVDMU,posca,US,4,性价比,负面-价格昂贵,expensive,These are for my daughter and she loves how precise her designs can be with these pens. They are expensive so minus one star
2692,多表面diy/定制群,B001ANVDMU,posca,US,1,性价比,负面-价格昂贵,waste of money | a waste of money,"So I bought these markers to write on a canvas tote bag after reading in many reviews that they work well on canvas. I saw a few reviews that mentioned these markers writing well SPECIFICALLY on canvas bags, which I know are rougher than painting canvas. Well. I am so confused because they did not work at all. I repeat DO NOT USE FOR DECORATING CANVAS TOTE BAGS. The marker got all messed up, it was hard to even use on the canvas, and the paint rubbed out after drying for 3 days, which you can see in the photo. All that took was my finger. Get it wet and its even worse. Not sure what I am going to do with these, I hope I use them at some point but now I am nervous they will be worthless on other surfaces. This was a waste of money for me, unfortunately. I probably would have been better off going to a craft store and talking to a real person who knows what they're doing."
2712,儿童/课堂使用群,B001ANVDMU,posca,US,4,流畅性,负面-出墨过多/漏墨,too much ink,"I bought a few of these at Joann’s then saw the pack here on Amazon and bought them for my son. He uses different drawing techniques and loves to use his poscas to fill in big spaces. The downfall is they do bleed and sometimes way too much ink is released, but overall he loves them."
2786,纸面手账/装饰书写群,B001ANVDMU,posca,US,4,色彩饱和度与混合,负面-暗淡/褪色,pale,"I like these pens a lot for my art journal. There is one problem for me, however. I live in Golden, Colorado at an altitude of 5800+ feet above sea level. When you pump the pen, the ink spurts out using about a full teaspoon of paint. I am assuming this is related to the elevated pressure at higher altitudes. I have learned to pump them in a palette well or other container or all that paint will splash everywhere including the art I am working on. If you have a solution, I would love to hear it."
2818,儿童/课堂使用群,B001ANVDMU,posca,US,1,流畅性,负面-出墨过多/漏墨,leaked,"Not a very good product. When I pushed the pen down to fill the tip, the marker leaked and I got a huge blur of color on my painting. The same thing happened a couple times during drawing. Might be good for children but not comparable to other acrylic markers I used (e.g. molotov). I would not buy those again."
2848,多表面diy/定制群,B001ANVDMU,posca,US,2,笔头耐用性,负面-寿命不匹配,dried out,"I loved my Uni Posca markers for 3+ years. I’ve own 3-4 sets of medium and fine tip Uni Posca. However, my latest order leaves me disappointed and looking for other replacement brands.Red marker-dried out after two days of causal rock painting. It seems like it wasn’t filled with enough paint.Yellow and White- Not as opaque as before.In order to use yellow, I have to apply a white base first. White, I have to apply 2-3 layers before I can get a good coverage. Formula change?I hope it’s just a bad batch but for the money I don’t want to risk buying another defective marker or bad coverage markers. I won’t be buying again anytime soon."
2923,精细绘画/插画创作群,B001ANVDMU,posca,US,5,性价比,负面-价格昂贵,expensive,"Pros: I love these markers so much!! I’ve been using them to draw on smooth paper (lightly and with ample drying time in between to prevent paper pilling) and to color handmade clay charms (sculpey). It works amazingly on clay and feels so nice to work with, I can’t wait to do more! On paper, it takes a bit of delicacy and patience but the results also look beautiful. The potential uses of these markers are endless!Cons: Despite being very good quality, they are still pretty expensive. Also, I would recommend getting the finer tip ones if you want to use these for drawing, as the medium tip makes it difficult to do details."
3164,多表面diy/定制群,B001ANVDMU,posca,US,5,多样性与适配性,负面-可拓展性差 (Poor expandability),limited number of colors available,"I've placed 7 different Uni-posca paint marker orders.  That should tell you how great they are.  I have them in various sizes.  They are the best paint markers I've ever owned!  They last forever, have high-quality nibs, & never leak or run.  I decided to order some Elmer's paint markers so I could get some metallic & neon colors & was sorely disappointed in them, I'm spoiled after using the Uni-posca.  I use these paint pens for painting on rocks, painting on tiny stretched canvases, decorating gift boxes, on lettering wooden plaques, and on wooden blocks.  They are excellent for all my painting projects!Pros:VERY long-lastingQuality nibsGood coverageNo leaksNo pools of paint on projectsVibrant colorsOpacityGreat valueDry quicklyCons:The ONLY con is the limited number of colors available"
3297,儿童/课堂使用群,B001ANVDMU,posca,US,4,笔头耐用性,负面-寿命不匹配,dried up,These work great.  I bought 3 boxes to use with students on a wooden sign project.  Not one ran out... Worried about how long they will last - have not checked to see if they have dried up or not.
3464,多表面diy/定制群,B001ANVDMU,posca,US,5,性价比,负面-价格昂贵,expensive,"While these are pretty expensive, they are worth it! We use them to paint rocks so we have worn the tips on some, they still work but do not draw a fine line....but I expected that."
3479,多表面diy/定制群,B001ANVDMU,posca,US,5,性价比,负面-价格昂贵,expensive,"Attached some work I did using these markers. One was on like a wooden canvas sort of thing and the other one was on a welding helmet.My mom bought this for me from this seller and honestly the markers are pretty good.Quality -~is pretty good if you’re a beginner or someone who is just doing a small project.~decent set of colors~GREAT QUALITY FOR THE PRICE~I do feel like most of the time the ink looks chalky (at least on plastic)~oh and the tips usually fallout if you puncture a piece of paper(but you can just stick it back inside)~white seems to have the least best quality from the rest which is unfortunateThat being said, this is my first set of acrylic markers I used but I’m still giving them 5 stars despite the flaws because they’re inexpensive and fun to use:-)"
3546,儿童/课堂使用群,B001ANVDMU,posca,US,3,性价比,负面-价格昂贵,price is high | overpriced,My kids want these pens because they saw from YouTube.  It’s actually not easy to use.  Need to shake for a long time.  And price is high but not as long last than other color pens like marker.  I think they are overpriced.
3594,多表面diy/定制群,B001ANVDMU,posca,US,5,色彩饱和度与混合,负面-遮盖力差/透明,runny,"Update: It is 2020 and I am still using these paint pens 4 years later. Only one has run out and one became super runny, but the rest are still working fine!!! They get light usage, and I keep them stored, tip up, in the original box. Other paint pens from the big craft stores have had to be replaced multiple times, these are like that pink bunny!!!Awesome paint pens. I have used them in several projects on wood, canvas, paper, and plastic. The paint does not bleed and it dries quickly. I found the colors to be true to their caps.  I wish they had additional shades of the included colors. As stated, these are not fine tip, but depending on how you hold them you can get various line thicknesses.The directions are written in Japanese, but a.) if you're ordering paint pens, you probably know how to use them, and b.) if you don't it will take you about 20 seconds to locate directions on the net.This is a great value compared to what you'd pay at the craft store."
3604,填色/大面积上色群,B001ANVDMU,posca,US,5,流畅性,负面-出墨过多/漏墨,bleed through,"I just received these yesterday, and I did a color test on the blank pages of one of the coloring books that I have, no bleed through, but also take in mind, these are water based.  And yes, go to Posca website for more info, it is a fabulous resource! I would compare the point on the med posca toa sharpie that you have used a couple of times.  Colors are opaque."
3638,儿童/课堂使用群,B001ANVDMU,posca,US,5,色彩饱和度与混合,负面-遮盖力差/透明,runny,Easy to use.  Great for kids projects. Not runnyHighly recommend.
3666,纸面手账/装饰书写群,B001ANVDMU,posca,US,4,流畅性,负面-出墨过多/漏墨,too wet,"Colors are bright and pretty, but for some reason these make most of the papers tear, possibly too wet. Used on 70 lb cardstock and paper seems to peel on use of Poscas."
3738,多表面diy/定制群,B001ANVDMU,posca,US,5,性价比,负面-价格昂贵,expensive,"I LOVE THESE MARKERS!!I have never bought expensive (in my terms more than I would normally spend) markers but these are so wonderful!!They have done great on fabric, great outlines on some of my acrylic paintings when I need a consistent line for like pokemon/cartoon characters.Also the lighter colors go over dark fairly well and if you were to mess up your paintings with a dark color (oops) they will fix/cover the problem fairly well without having to apply a thick layer of paint over and over!!"
3803,精细绘画/插画创作群,B001ANVDMU,posca,US,5,性价比,负面-价格昂贵,expensive,My teenage son loves to draw especially Anime characters and he is always looking for colors that make his drawings “pop” off the page. These are the ones and very comparable to more expensive ones sold at Michael’s stores or any other art supply places! Grab these you or the person in your life that loves to draw will not be disappointed!!!
3909,儿童/课堂使用群,B001ANVDMU,posca,US,5,笔头耐用性,负面-寿命不匹配,dried up,Got these for my daughter and they are great. I'm not the artist myself but I've tried them while crafting with her and I happen to like them too. Only gripe is the gray was a dud that seemed to have arrived with the paint dried up.
4086,儿童/课堂使用群,B001ANVDMU,posca,US,5,色彩饱和度与混合,负面-暗淡/褪色,faded,This was a Birthday gift for my daughter. I know she has been asking me to buy her this for about a year. I finally gave in and researched the product from youtube. I instantly became addicted and understood why she wanted this specific product.I bought them for her and I must say the product is PHENOMENAL.  She has already decorated a wood based object and the colors have not faded. The colors are vibrant and all out long lasting.Would definitely recommend this product to anyone who is very artsy and creative.
4131,多表面diy/定制群,B001ANVDMU,posca,US,2,性价比,负面-价格昂贵,expensive,"To me, this is not what they state, seems like more of a chalk marker than anything.  Works better on paper, used this on smooth rocks, they worked fine, then I sealed this with clear nail polish (as I always do with paints) and they completely melted.  The look, feel and chalky application, is so similar to the expensive chalk paint markers I have.  That's not what I thought I was getting with these."
4323,多表面diy/定制群,B001ANVDMU,posca,US,1,流畅性,负面-出墨过多/漏墨,splatter,I waited a long time to order these because they’re expensive but for my birthday I asked my hubby for the pens. I was so excited to receive them but as soon as I tried using them (I paint kindness rocks) the paint just pours out of them. A couple splattered as I took the lid off which ruined my project and got paint everywhere. I love the vibrant colors of Posca but I’m shocked they are so horrible to use. And very very upset they don’t have a return policy! I’ve never bought anything on Amazon that could not be returned if defective. It really says a lot about Posca. If they had a superior product they wouldn’t be afraid to take returns. So bummed!
4323,多表面diy/定制群,B001ANVDMU,posca,US,1,性价比,负面-价格昂贵,expensive,I waited a long time to order these because they’re expensive but for my birthday I asked my hubby for the pens. I was so excited to receive them but as soon as I tried using them (I paint kindness rocks) the paint just pours out of them. A couple splattered as I took the lid off which ruined my project and got paint everywhere. I love the vibrant colors of Posca but I’m shocked they are so horrible to use. And very very upset they don’t have a return policy! I’ve never bought anything on Amazon that could not be returned if defective. It really says a lot about Posca. If they had a superior product they wouldn’t be afraid to take returns. So bummed!
4338,儿童/课堂使用群,B001ANVDMU,posca,US,5,流畅性,负面-出墨过多/漏墨,bleed through,"Fantastic markers for little artists!! Colors are vibrant (not sheer at all), they last FOREVER if you remember to put the caps back on, and the assortment of colors is great.The tips are fine vs. thick, which my kids like because of the sharper lines. They WILL bleed through paper though, so be careful what surface you color on!!Great gift for kids, they're my go-to at Christmas and birthdays!"
4375,精细绘画/插画创作群,B001ANVDMU,posca,US,3,笔头表现,负面-硬度/不可替换,too soft,"To start the pens, you shake them and then tap the tip enough to push the tip in slightly to let ink out.  Too soft and you will be there all night.  Too hard and you have a puddle of ink.  Luckily I put something under my scratch paper, but it was all over my hands.  Once started, it works great for a while, then it needs a refresher.  The medium tip is similar to a magic marker in coverage.  A fine tip may have been more what we wanted, or in addition to get more refined details.  Right now my artwork looks like it did in 2nd grade with this."
4375,精细绘画/插画创作群,B001ANVDMU,posca,US,3,笔头耐用性,负面-形变/软化,too soft,"To start the pens, you shake them and then tap the tip enough to push the tip in slightly to let ink out.  Too soft and you will be there all night.  Too hard and you have a puddle of ink.  Luckily I put something under my scratch paper, but it was all over my hands.  Once started, it works great for a while, then it needs a refresher.  The medium tip is similar to a magic marker in coverage.  A fine tip may have been more what we wanted, or in addition to get more refined details.  Right now my artwork looks like it did in 2nd grade with this."
4376,多表面diy/定制群,B001ANVDMU,posca,US,5,性价比,负面-价格昂贵,pricey,These work well when painting rocks. Great for fine detail. The red and brown Colors are not true and disappointing but the rest are very good. They are pricey.
4393,精细绘画/插画创作群,B001ANVDMU,posca,US,5,性价比,负面-价格昂贵,expensive,"I know these are usually a pretty expensive product, but let me tell you that it is truly worth the money. I use these EVERY single day for my artwork, even if only for one or two details. Perfect for anything and everything I need. I flows well with most other types of media. I will always use POSCA!"
4465,儿童/课堂使用群,B001AS6P4G,posca,US,4,笔头耐用性,负面-寿命不匹配,dry out,"One of my Illustration students told me about Posca markers. I loved the brilliance of the colors and the solid shapes made possible with these markers. Bought them for my granddaughter to decorate a wall in her bedroom ( with parents blessing, of course!). I hope they work. No info at all except in Japanese, which makes perfect sense because they are from Japan.  Still challenging to discern instructions. The felt pen tips are white and dry, I assume one simply presses and strokes the pen until the ink saturates it. I've not done that because they are a gift and I don't want to mail them having been opened up for fear they might leak or dry out. They look great. I hope they work. A little guidance would have been welcome."
4543,多表面diy/定制群,B001AS6P4G,posca,US,1,色彩饱和度与混合,负面-遮盖力差/透明,watered down,"Product came on time but the quality is Awful, just Awful.  These are not the real deal at all, definitely a knock off. The ""Japanese Import"" should have given it away. These are watered down, chips off, and takes a lot of coats to become opaque.  By the time you add the 4th or 5th layer it's falling apart.  They person who used it on the car probably had luck because of the texture of the unfinished parts of the car is rough, but for canvas art, glassware, and metal, stay away.  Waste of money. The picture I'm adding is after three coats on canvas using pink, just to give you an idea.  The real brand is an Australian based company.  Google it and find a European art store that sells them."
4543,多表面diy/定制群,B001AS6P4G,posca,US,1,性价比,负面-价格昂贵,waste of money,"Product came on time but the quality is Awful, just Awful.  These are not the real deal at all, definitely a knock off. The ""Japanese Import"" should have given it away. These are watered down, chips off, and takes a lot of coats to become opaque.  By the time you add the 4th or 5th layer it's falling apart.  They person who used it on the car probably had luck because of the texture of the unfinished parts of the car is rough, but for canvas art, glassware, and metal, stay away.  Waste of money. The picture I'm adding is after three coats on canvas using pink, just to give you an idea.  The real brand is an Australian based company.  Google it and find a European art store that sells them."
4795,儿童/课堂使用群,B001AS6P4G,posca,US,4,墨水特性,负面-易褪色/不防水,not permanent,"I originally ordered this pack of markers for marking various industrial items, but quickly found out the paint used in this product is not permanent at all. (Not to mention the fact that the writing nibs on them are soft and obviously built for art paper/canvases.) These markers would definitely be perfect for any school projects/creating posters as they are fairly opaque and apply to surfaces with ease. The marker body and valve are both made of plastic, but this doesn't seem to affect the performance at all. Overall, I'd have to say they are perfect markers for light art uses, but I would not recommend them for outdoor and/or alternative surface use. I really enjoyed the paint used in these markers on paper, so I'm looking forward to purchasing the smaller sized markers from this company for later projects!"
4854,多表面diy/定制群,B001AS6P4G,posca,US,5,多样性与适配性,负面-可拓展性差 (Poor expandability),limited number of colors available,"I've placed 7 different Uni-posca paint marker orders.  That should tell you how great they are.  I have them in various sizes.  They are the best paint markers I've ever owned!  They last forever, have high-quality nibs, & never leak or run.  I decided to order some Elmer's paint markers so I could get some metallic & neon colors & was sorely disappointed in them, I'm spoiled after using the Uni-posca.  I use these paint pens for painting on rocks, painting on tiny stretched canvases, decorating gift boxes, on lettering wooden plaques, and on wooden blocks.  They are excellent for all my painting projects!Pros:VERY long-lastingQuality nibsGood coverageNo leaksNo pools of paint on projectsVibrant colorsOpacityGreat valueDry quicklyCons:The ONLY con is the limited number of colors available"
4904,多表面diy/定制群,B001AS6P4G,posca,US,2,流畅性,负面-漆感差/稀薄/起泡,paint bubbles up,I bougjt these to paint rocks and they did not work. The paint bubbles up and did not stick.
4934,多表面diy/定制群,B001VB4T86,posca,US,4,色彩饱和度与混合,负面-遮盖力差/透明,watery,"Bright colors, the paint dries quickly, and colors layer together beautifully. I love them! However, I have to give them 4 stars...Two disappointments:1) As with the medium points, the extra-fine point markers seem to ""eat"" some papers. I tried using them with my regular sketchbook, kraft paper, black paper, and other cardstocks and passing over an area more than once, the nibs scratched away the fibers of the paper. Same thing happened on wood. Very annoying, as the bits of paper stuck to the nibs and had to be picked off with tweezers. It did fine on bristol paper, cardboard, primed canvas, and glossy surfaces.2) The lighter colors (white, pink, baby blue, yellow) need to be shaken and tested before every use, because sometimes the color comes out very watery and just soaks the paper instead of coloring it.Despite this, I would definitely buy these again (and I plan to!) because they're bright, have great coverage, and are incredibly versatile. After I received them, I couldn't put them down for more than a week!"
4944,纸面手账/装饰书写群,B001VB4T86,posca,US,4,流畅性,负面-出墨过多/漏墨,splatter,"Wonderful paint marker! Each pen in the pack has rich, vibrant colored paint. I bought the extra fine tip and they are truly what I expected. I will say though, don't bare down to hard because the paint will splatter. I thought at first it was my paper. So I switched to a heavyweighted 100g cardstock  (very smooth). It still splattered :( so be careful and use a light hand when working with these"
4968,精细绘画/插画创作群,B001VB4T86,posca,US,5,流畅性,负面-出墨过多/漏墨,splatter,"I love these, perfect for small details especially in fur or hair. Little details that you do a lot of. Keeps the consistency. Yes on occasion it splatters because of surface of canvas but easy to touch up. I am so loving these pens can’t get enough of them ❤️"
5007,多表面diy/定制群,B001VB4T86,posca,US,5,流畅性,负面-出墨过多/漏墨,too much ink,These pens are one of my favorite purchases. I bought these to use on rocks but they work for various surfaces. They are highly pigmented and do not run with a sealer. They dry pretty fast unless too much ink comes out at once. Highly recommend and will be buying more colors
5009,多表面diy/定制群,B001VB4T86,posca,US,4,笔头表现,负面-笔头磨损分叉,clogged,"I do a lot of painting on seashells and kindness rocks. I purchased these paint markers soley for that purpose. They work great...however, I don't like that the tips can get clogged easily. You do need to prime them before using them. They have nice vivid colors and are easy to use."
5028,多表面diy/定制群,B001VB4T86,posca,US,5,性价比,负面-价格昂贵,expensive,I resisted buying these because they are more expensive than other acrylic paint pens but now I know why folks rave about them. I cannot believe how much easier they are to use! Coverage is great with rich pigments. I use them for rock painting. They have elevated my art through better control of the paint. Won’t go back!
5099,多表面diy/定制群,B001VB4T86,posca,US,5,流畅性,负面-出墨过多/漏墨,splatter,"I just started painting rocks, and I did a lot of research before buying my supplies. I chose these pens because they had a high average rating. A lot of people told me that paint pens don’t work well, they skip, they splatter, they are prone to leaking, the tips shred, etc. I got really lucky with these, because they work great!  They give good coverage and I have had no issues with leaking or splattering. You do have to shake them each time you use them, and you do have to “prime” them now and again by depressing the tip on paper.The tips have not shredded at all, and are great for fine detail work. I have found that there is some slight feathering if I am working on anything less than a perfectly smooth surface, but if I use a lighter pressure, they work just fine.The colors are nice, I just wish the red was brighter. If I layer the red and use clear coat spray / shellac, it seems to help with this. I currently use dark gray river rocks, and some of the darker colors (dark blue, purple, black) don’t show up as well, but all colors should work great on white rocks.I highly recommend these pens if you are using them for rock painting."
5117,儿童/课堂使用群,B001VB4T86,posca,US,5,绘画表现,负面-涂色不均,streak,"Posca paint pens are an artist's staple acrylic paint pen! All others are compared to these! They are have rich opaque colors that dry streak free.  They level beautifully and is the only real choice for professional artist who are making commissioned art.  I myself love watercolors more that acrylic but I've used and know this medium.  So when Amazon had a sale I snatched these up for my son's budding and amazingly talented girlfriend.  If you have an artist in your life,  who enjoys any medium,  these are a great gift idea.  Such a staple is always appreciated.  Just a note that these are the fine tip! They are used for outlining and details more that backgrounds. There are broad tips for larger areas but I Think these are best gift because with a fine tip they can be used easily for opaque details in any mixed media artwork!"
5182,多表面diy/定制群,B001VB4T86,posca,US,4,流畅性,负面-出墨过多/漏墨,splatter,The white paint is very thin. These are good for painting on rocks. Beware: rough surfaces will catch the tip and make a paint splatter. A few of them leak during storage. I prefer gel pens for rocks and paper art.
5226,精细绘画/插画创作群,B001VB4T86,posca,US,3,色彩饱和度与混合,负面-遮盖力差/透明,watery,They are great except the colors do not match the way I wanted. So far the black is great but the red isn’t true red. My red it looks more orange. The paint also is a bit watery so even though it’s fine point it’s difficult for me to achieve the precision I desired for certain details. Great for making long fine lines but not the best if you are seeking to put a couple of millimeter of details in a particular spot. Overall I love them and they are some of the best paint pens I have purchased only giving 3 stars because of the color differences and because they didn’t work the best on miniature art details.
5268,多表面diy/定制群,B001VB4T86,posca,US,5,性价比,负面-价格昂贵,expensive,I've been painting rocks with this and love how they work.  I just wish they were a little less expensive but I guess you get what you pay for.
5284,儿童/课堂使用群,B001VB4T86,posca,US,5,笔头表现,负面-硬度/不可替换,mushy,"WOW! These are great acrylic paint markers! One of my favorite video acrylic painting teachers recommends these markers and uses them to sign her name on her painting at the end of each lesson. Another video teacher uses paint markers for projects that require a small line such as fine tree branches. I had purchased a couple of markers from a leading American acrylic paint brand and kept wondering why my markers didn't work like the ones in the video lessons. Then I saw this set and the price was so good I wanted to try them out. I LOVE these markers; the tips are actually as fine as advertised. The video instructor said she taped her caps on to be sure the markers wouldn't dry out.I think this set might be less expensive because the markers are smaller than the ones used in the videos. I don't think they are full sized Posca markers, but that is OK with me since it enabled me to get 12 beautiful colors. One full size marker of the American brand company cost about $7, while 12 markers in this pack was about $25 at the time I purchased them. I tried to find a volume on both brands of pen, but the Posca pen info is all in Japanese, and the American brand did not have a volume that I could find. I did find nib size--the Posca was 0.7mm and the American brand was 2.4mm. Both brands are about the same diameter, but the pens in this set are about an inch shorter than the other brand (Posca-4.75"", other brand 5.5"" with caps on).I tested the titanium white since some acrylic colors, such as yellow, are very transparent and need the area under them painted white first to give them good coverage. Both brands needed several coats of white to cover over a black line so I would say they were equal in transparency.I was concerned about the tips being firm enough to last a long time. I have a tendency to press too hard most of the time and some marker tips get mushy with use. Since the tip has to be pressed against a firm surface to prime with paint to get it flowing this could be a problem. I was pleased to see that the tips kept their point after pressing against the surface of my craft table (with a protective silicone cover over it).I needed a teal color but the set did not have teal. I pressed the tip several times to get a tiny puddle of a light blue and another puddle of yellow. I mixed a tiny bit of each color until I got a match close enough to what I needed, used a small paint brush to fill in where I needed to cover a mistake, and was very pleased with the result.I would highly recommend this set to any one wanting to try out acrylic markers. I don't know how long the markers will last since they are not full size, but I think if they are used carefully and capped immediately after use they will be OK. Tape placed around the cap edge of the marker to seal out any air leaks should help. The markers are a great size for adding to a travel crafts bag and would make great stocking stuffers for the painter/crafter in your family."
5284,儿童/课堂使用群,B001VB4T86,posca,US,5,笔头耐用性,负面-寿命不匹配,dry out,"WOW! These are great acrylic paint markers! One of my favorite video acrylic painting teachers recommends these markers and uses them to sign her name on her painting at the end of each lesson. Another video teacher uses paint markers for projects that require a small line such as fine tree branches. I had purchased a couple of markers from a leading American acrylic paint brand and kept wondering why my markers didn't work like the ones in the video lessons. Then I saw this set and the price was so good I wanted to try them out. I LOVE these markers; the tips are actually as fine as advertised. The video instructor said she taped her caps on to be sure the markers wouldn't dry out.I think this set might be less expensive because the markers are smaller than the ones used in the videos. I don't think they are full sized Posca markers, but that is OK with me since it enabled me to get 12 beautiful colors. One full size marker of the American brand company cost about $7, while 12 markers in this pack was about $25 at the time I purchased them. I tried to find a volume on both brands of pen, but the Posca pen info is all in Japanese, and the American brand did not have a volume that I could find. I did find nib size--the Posca was 0.7mm and the American brand was 2.4mm. Both brands are about the same diameter, but the pens in this set are about an inch shorter than the other brand (Posca-4.75"", other brand 5.5"" with caps on).I tested the titanium white since some acrylic colors, such as yellow, are very transparent and need the area under them painted white first to give them good coverage. Both brands needed several coats of white to cover over a black line so I would say they were equal in transparency.I was concerned about the tips being firm enough to last a long time. I have a tendency to press too hard most of the time and some marker tips get mushy with use. Since the tip has to be pressed against a firm surface to prime with paint to get it flowing this could be a problem. I was pleased to see that the tips kept their point after pressing against the surface of my craft table (with a protective silicone cover over it).I needed a teal color but the set did not have teal. I pressed the tip several times to get a tiny puddle of a light blue and another puddle of yellow. I mixed a tiny bit of each color until I got a match close enough to what I needed, used a small paint brush to fill in where I needed to cover a mistake, and was very pleased with the result.I would highly recommend this set to any one wanting to try out acrylic markers. I don't know how long the markers will last since they are not full size, but I think if they are used carefully and capped immediately after use they will be OK. Tape placed around the cap edge of the marker to seal out any air leaks should help. The markers are a great size for adding to a travel crafts bag and would make great stocking stuffers for the painter/crafter in your family."
5284,儿童/课堂使用群,B001VB4T86,posca,US,5,性价比,负面-价格昂贵,expensive,"WOW! These are great acrylic paint markers! One of my favorite video acrylic painting teachers recommends these markers and uses them to sign her name on her painting at the end of each lesson. Another video teacher uses paint markers for projects that require a small line such as fine tree branches. I had purchased a couple of markers from a leading American acrylic paint brand and kept wondering why my markers didn't work like the ones in the video lessons. Then I saw this set and the price was so good I wanted to try them out. I LOVE these markers; the tips are actually as fine as advertised. The video instructor said she taped her caps on to be sure the markers wouldn't dry out.I think this set might be less expensive because the markers are smaller than the ones used in the videos. I don't think they are full sized Posca markers, but that is OK with me since it enabled me to get 12 beautiful colors. One full size marker of the American brand company cost about $7, while 12 markers in this pack was about $25 at the time I purchased them. I tried to find a volume on both brands of pen, but the Posca pen info is all in Japanese, and the American brand did not have a volume that I could find. I did find nib size--the Posca was 0.7mm and the American brand was 2.4mm. Both brands are about the same diameter, but the pens in this set are about an inch shorter than the other brand (Posca-4.75"", other brand 5.5"" with caps on).I tested the titanium white since some acrylic colors, such as yellow, are very transparent and need the area under them painted white first to give them good coverage. Both brands needed several coats of white to cover over a black line so I would say they were equal in transparency.I was concerned about the tips being firm enough to last a long time. I have a tendency to press too hard most of the time and some marker tips get mushy with use. Since the tip has to be pressed against a firm surface to prime with paint to get it flowing this could be a problem. I was pleased to see that the tips kept their point after pressing against the surface of my craft table (with a protective silicone cover over it).I needed a teal color but the set did not have teal. I pressed the tip several times to get a tiny puddle of a light blue and another puddle of yellow. I mixed a tiny bit of each color until I got a match close enough to what I needed, used a small paint brush to fill in where I needed to cover a mistake, and was very pleased with the result.I would highly recommend this set to any one wanting to try out acrylic markers. I don't know how long the markers will last since they are not full size, but I think if they are used carefully and capped immediately after use they will be OK. Tape placed around the cap edge of the marker to seal out any air leaks should help. The markers are a great size for adding to a travel crafts bag and would make great stocking stuffers for the painter/crafter in your family."
5316,多表面diy/定制群,B001VB4T86,posca,US,5,色彩饱和度与混合,负面-暗淡/褪色,dull,"This is how every paint marker should be made. Instead of some compressed fabric point to carry/apply the paint, these have a hard plastic nib that the paint flows through. You still have to push down hard enough to compress point back up into the barrel to first get the paint to flow, but unlike every other brand, instead of partially dulling and rounding out the nib, you have a very fine point that you can use to either make precise lines and dots or go over an area more for wider effects. On top of that, when you go to use them again at a later date, they still work. Others almost always have dried paint in the point fibers so you have to work at getting the paint to flow once again and then, in addition to overly large lines, the paint flows unevenly because it's kind of flowing along the outside of dried up nib instead of through it.  Try these if you've almost given up on paint markers and if you have never used paint markers before, don't bother with any others. Hopefully, all the other brands will switch to this method."
5316,多表面diy/定制群,B001VB4T86,posca,US,5,笔头耐用性,负面-寿命不匹配,dried up,"This is how every paint marker should be made. Instead of some compressed fabric point to carry/apply the paint, these have a hard plastic nib that the paint flows through. You still have to push down hard enough to compress point back up into the barrel to first get the paint to flow, but unlike every other brand, instead of partially dulling and rounding out the nib, you have a very fine point that you can use to either make precise lines and dots or go over an area more for wider effects. On top of that, when you go to use them again at a later date, they still work. Others almost always have dried paint in the point fibers so you have to work at getting the paint to flow once again and then, in addition to overly large lines, the paint flows unevenly because it's kind of flowing along the outside of dried up nib instead of through it.  Try these if you've almost given up on paint markers and if you have never used paint markers before, don't bother with any others. Hopefully, all the other brands will switch to this method."
5368,多表面diy/定制群,B001VB4T86,posca,US,5,流畅性,负面-出墨过多/漏墨,splatter,Great for small detail work when painting on rocks. Just be careful if a rock is not smooth the paint from the pen will splatter little tiny dots of color. Just draw lightly to avoid that.
5398,精细绘画/插画创作群,B001VB4T86,posca,US,5,多样性与适配性,负面-可补充性差 (Poor replenishability),not refillable,My concern is that it's not refillable and small but the colours are amazing. The tip allows for little details.
5409,多表面diy/定制群,B001VB4T86,posca,US,3,色彩饱和度与混合,负面-遮盖力差/透明,streaky | watered down,I could see these being very fun to work with- but they didn’t work for MY needs. I read they can work on plastic but that’s only half true. Some of the colors worked mostly okay while others turned streaky like watered down paint.
5409,多表面diy/定制群,B001VB4T86,posca,US,3,绘画表现,负面-涂色不均,streak | streaky,I could see these being very fun to work with- but they didn’t work for MY needs. I read they can work on plastic but that’s only half true. Some of the colors worked mostly okay while others turned streaky like watered down paint.
5409,多表面diy/定制群,B001VB4T86,posca,US,3,表面/介质表现,负面-在石头上表现差,streaky,I could see these being very fun to work with- but they didn’t work for MY needs. I read they can work on plastic but that’s only half true. Some of the colors worked mostly okay while others turned streaky like watered down paint.
5415,多表面diy/定制群,B001VB4T86,posca,US,4,流畅性,负面-出墨过多/漏墨,splatter,"These are recommended in several rock painting groups I follow on Facebook.  I find that they do a good job.  If the rock is a bit rough, the pen sometimes splatter some paint on the rock while using.  But overall, very happy.  I doubt that these pens were made for rock painting, but do a good job overall.  I would purchase again."
5511,儿童/课堂使用群,B001VB4T86,posca,US,5,笔头耐用性,负面-寿命不匹配,dry out,I've had other markers that dry out fast and are super hard to control paint flow.  I found neither of these to be a problem.  My kids use these regularly and so do I and we haven't had any issues! I wish these came in more colors though!
5511,儿童/课堂使用群,B001VB4T86,posca,US,5,绘画表现,负面-线条表现差/难控,hard to control,I've had other markers that dry out fast and are super hard to control paint flow.  I found neither of these to be a problem.  My kids use these regularly and so do I and we haven't had any issues! I wish these came in more colors though!
5511,儿童/课堂使用群,B001VB4T86,posca,US,5,教育与启发,负面-有学习门槛,hard to control,I've had other markers that dry out fast and are super hard to control paint flow.  I found neither of these to be a problem.  My kids use these regularly and so do I and we haven't had any issues! I wish these came in more colors though!
5513,精细绘画/插画创作群,B001VB4T86,posca,US,5,色彩饱和度与混合,负面-遮盖力差/透明,watery,"Vibrant colors and fine detailing. I love how you can layer the paint. Used it on opaque vellum paper.If you don't use the pen regularly, you'll have to shake and pump the tip a few times so paint flows out and obtain a solid color (it gets watery with no pigment).When on paper, the nib scratches the surface and some paper is rubbed away and dries with the paint. You may not like the the texture, so it works better on harder surfaces like cardboard.These pens are also expensive, but last a while depending on how much you use it.Overall, I can see myself using these in a lot of artworks （＾∇＾）"
5513,精细绘画/插画创作群,B001VB4T86,posca,US,5,性价比,负面-价格昂贵,expensive,"Vibrant colors and fine detailing. I love how you can layer the paint. Used it on opaque vellum paper.If you don't use the pen regularly, you'll have to shake and pump the tip a few times so paint flows out and obtain a solid color (it gets watery with no pigment).When on paper, the nib scratches the surface and some paper is rubbed away and dries with the paint. You may not like the the texture, so it works better on harder surfaces like cardboard.These pens are also expensive, but last a while depending on how much you use it.Overall, I can see myself using these in a lot of artworks （＾∇＾）"
5534,多表面diy/定制群,B001VB4T86,posca,US,4,笔头耐用性,负面-寿命不匹配,dry out,They work well when painting rocks. The down side is the colour red and brown. The red is an off colour and the brown is more like red. Make sure to recap and store tip side down or they will dry out.
5541,多表面diy/定制群,B001VB4T86,posca,US,5,性价比,负面-价格昂贵,expensive,"***I bought these pens to decorate rocks for our town wide rock decorating “game.” Pictured are the first few rocks I did with the pens, I am by no means an artist and these pens make it super easy to draw on rocks.I highly suggest the extra fine because these pens are for fine lines etc and you won’t use as much paint. Just buy acrylic paint for the main part of the rock and save the pens for detail.I’ve also heard you can refill these pens which would be nice since they are expensive.If they dry up just doctor them up by dipping the tip in some acetone nail polish remover."
5551,填色/大面积上色群,B001VB4T86,posca,US,1,笔头表现,负面-细节控制差,scratchy,"Honestly there isn't anything I enjoyed about this specific set. They are very tedious to use, quite hard tipped very scratchy, paint leaks, and takes a while to dry as it is very liquidy. . Very over rated in my book.... do not recommend these really to anyone unless you wanna color is some fancy coloring book or something....oh wait... they would bleed through they aren't aren't much use on ANY type of material glass wood they bleed out they do not stay a straight line period. Horrible to say the least."
5551,填色/大面积上色群,B001VB4T86,posca,US,1,流畅性,负面-干涩/刮纸/断墨,scratchy,"Honestly there isn't anything I enjoyed about this specific set. They are very tedious to use, quite hard tipped very scratchy, paint leaks, and takes a while to dry as it is very liquidy. . Very over rated in my book.... do not recommend these really to anyone unless you wanna color is some fancy coloring book or something....oh wait... they would bleed through they aren't aren't much use on ANY type of material glass wood they bleed out they do not stay a straight line period. Horrible to say the least."
5551,填色/大面积上色群,B001VB4T86,posca,US,1,流畅性,负面-出墨过多/漏墨,bleed through,"Honestly there isn't anything I enjoyed about this specific set. They are very tedious to use, quite hard tipped very scratchy, paint leaks, and takes a while to dry as it is very liquidy. . Very over rated in my book.... do not recommend these really to anyone unless you wanna color is some fancy coloring book or something....oh wait... they would bleed through they aren't aren't much use on ANY type of material glass wood they bleed out they do not stay a straight line period. Horrible to say the least."
5583,填色/大面积上色群,B001VB4T86,posca,US,5,流畅性,负面-出墨过多/漏墨,bleed through,"First of all I must stress that these are PAINT markers and not Alcohol based markers. Both are good, but both behave slightly differently.This being said, these Posca markers are great. The color is bold, and really pops out on what you are using them on. However, these are NOT wide tips. They have a nice point to them and are not super fine. With the right angle, you can get a variety of thickness.Now, I've seen reviews that say that they pool out too much, and yes this can happen, but if you're careful you can prevent this from happening. This can also happen to other kinds of markers too. I started by slowly pressing the tip gently, and watched for the paint to start filling the nib. Once it stared I lifted the pen and waited for it to fill completely. The paint then smoothly flows out as you run it along the object you're drawing on. You may have to go over your line a few times to get a solid line, but with patience it'll look nice. Let the paint dry completely before going over it, otherwise the colors will bleed into each other. As I said, these paint markers are great. Colorful, bold, and works on many different surfaces. Just be careful and don't press down too hard, or the paint will pool out everywhere. I've included a test run of these on common scrap paper. No bleed through as long as you don't keep the pen on one spot for too long."
5641,多表面diy/定制群,B001VB4T86,posca,US,5,流畅性,负面-出墨过多/漏墨,splatter,"I love these pens for the rock painting that I like to do.  The only downside is they tend to splatter a little -- you need to develop the right touch to use them without that happening.  I think that may be due to the texture of a rock versus paper or something smooth. The colors are great and the extra fine point is perfect for drawing on rocks. I was a little worried that these aren't manufactured in the USA, but the quality is very good."
5652,多表面diy/定制群,B001VB4T86,posca,US,5,流畅性,负面-出墨过多/漏墨,splatter,"Got these paint pens a few days ago and am loving them! To get the ink into the nib I pushed the pen straight down onto an old piece of cloth, held for a second or two, and then repeated it. I held the pen up to see if ink was flowing into the nib. If it wasn’t, I repeated the process checking after each push. Some colours took a few more pushes, however none of the nibs had a blob of paint come out like some people complained about.Once the ink was in the nib, the pen was super easy to use and they have been ready to use repeatedly without anything else being done. Of course, you have to shake them to mix the paint the same as you would a bottle of paint.A couple of times there was a bit of splatter but I’ve discovered that it doesn’t happen if you move the pen towards you.They are so easy to use and are perfect for doing detail work on rocks. I used the black one to outline the images on all three rocks. I also used pink, yellow, green and orange on the cat rock."
5686,多表面diy/定制群,B001VB4T86,posca,US,4,笔头表现,负面-细节控制差,scratchy,"Pens work great on rocks which is what I wanted them for. A bit of a problem getting some of them to work smoothly without being scratchy or blobby, but overall not bad."
5686,多表面diy/定制群,B001VB4T86,posca,US,4,流畅性,负面-干涩/刮纸/断墨,scratchy,"Pens work great on rocks which is what I wanted them for. A bit of a problem getting some of them to work smoothly without being scratchy or blobby, but overall not bad."
5898,多表面diy/定制群,B001VB4T86,posca,US,5,流畅性,负面-出墨过多/漏墨,splatter,"I love these posca paint pens!  I mostly use them for painting on rocks, they are opaque and if you make a mistake it is easy to fix it by waiting till it is dry and then painting over the mistake.  If you are putting your rocks outside, they should have a clear spray coat applied, 4 or 5 coats.  First coat very light to seal the colors.  I found that if I didn't clear seal them with 4 or 5 coats, after a year of being out in the weather (very rainy here) the paint would flake off.  I'm waiting to see if more coats will prevent that, plus I clear coated both sides to be extra sure.  They haven't been through a winter yet.  I don't like the red color, it is too orangy for me, but all the other colors I'm happy with.  I also use them in my mixed media painting.  As long as I'm painting on a dry surface they seem to paint over anything without clogging.  If I'm very careful I can get a thin line made or tiny dots, or be more generous to fill in a larger space.  The construction of the tip is such that they can splatter tiny splats if you aren't careful, there is a bit of a learning curve to their use in detailed coloring.  But all in all, I'm very satisfied with these PC 1m pens.  I also have some in size 0.7mm in pastel colors that are wonderful and some sparkly ones.  Different tip on them.  They all work well."
5898,多表面diy/定制群,B001VB4T86,posca,US,5,教育与启发,负面-有学习门槛,learning curve,"I love these posca paint pens!  I mostly use them for painting on rocks, they are opaque and if you make a mistake it is easy to fix it by waiting till it is dry and then painting over the mistake.  If you are putting your rocks outside, they should have a clear spray coat applied, 4 or 5 coats.  First coat very light to seal the colors.  I found that if I didn't clear seal them with 4 or 5 coats, after a year of being out in the weather (very rainy here) the paint would flake off.  I'm waiting to see if more coats will prevent that, plus I clear coated both sides to be extra sure.  They haven't been through a winter yet.  I don't like the red color, it is too orangy for me, but all the other colors I'm happy with.  I also use them in my mixed media painting.  As long as I'm painting on a dry surface they seem to paint over anything without clogging.  If I'm very careful I can get a thin line made or tiny dots, or be more generous to fill in a larger space.  The construction of the tip is such that they can splatter tiny splats if you aren't careful, there is a bit of a learning curve to their use in detailed coloring.  But all in all, I'm very satisfied with these PC 1m pens.  I also have some in size 0.7mm in pastel colors that are wonderful and some sparkly ones.  Different tip on them.  They all work well."
5905,多表面diy/定制群,B001VB4T86,posca,US,4,笔头耐用性,负面-寿命不匹配,dried up,"Great pens for rock painting. The white pen's tip dried up quickly though and quit working, it's not out of paint. Overall, I love them,."
5905,多表面diy/定制群,B001VB4T86,posca,US,4,流畅性,负面-干涩/刮纸/断墨,dried up quickly,"Great pens for rock painting. The white pen's tip dried up quickly though and quit working, it's not out of paint. Overall, I love them,."
5980,精细绘画/插画创作群,B001VB4T86,posca,US,5,流畅性,负面-出墨过多/漏墨,bleed through,"So.This is actually the best art/pen/paint product i've bought off amazon.It GENUINELY exceeded my expectations; I kid you not.Each pen was individually wrapped; you have to shake and then press down the tip a few times the first time you use them. They run super duper smoothly and the colors don't bleed; it dries in about five seconds so I don't have to worry about smudging. it looks and even feels exactly like high quality paint; I tried it out on paper as well as plastic and the effects are both amazing. Not to mention it didn't bleed through normal A4 paper- even after I traced layer after layer on top of each other.That's another thing; you can draw on top of other colors and you cannot tell at all it was heavily layered. Proof is in the flowers I just ""painted"" below (they both have a plethora of mistakes in them but I had no trouble layering and covering them up/ repainting parts).P.S. Uni's not kidding when they say ""extra fine""; each marker is so thin and easy to draw with that my paintings are minuscule- yet detailed- and I can do different styles as well with them (see last 2pics for size reference). everybody who touches them and realizes it's painted asks me what brush I used. And then become crazy confused when I tell them I don't use one. HA.P.P.S. Shout-out to the seller for shipping this so quickly; this arrived like a week before the ETA; I'm def sticking with this seller for Japanese art supplies in the future."
5988,多表面diy/定制群,B001VB4T86,posca,US,5,笔头耐用性,负面-寿命不匹配,dried out,"I purchased these extra fine point paint pens to write words on the rocks that I paint and hide, for others to find! They were recommended to me by other rock painters and they did not disappoint! The paint flows well, and I have had them for a couple months and the tips are still good, and they have not dried out or caked up, as some other brands of paint pens do. Painting rocks is hard on both paint brushes and paint pen tips, so the fact that they are holding up well, is amazing!"
6034,精细绘画/插画创作群,B001VB4T86,posca,US,5,色彩饱和度与混合,负面-暗淡/褪色,dull,"I wanted to decorate some of my clay pots, so I bought another brand of paint markers. Unfortunately that brand’s colors were dull & some dried out. I decided to spend some more on these markers since I’ve heard they’re better quality and I’m glad I did! The difference is very noticeable, the colors are vibrant and I haven’t had any issues with them drying out. I also like how the markers themselves are larger, since they’re easier to control for me. I can still create smaller details since the tip is fine. I love these markers!"
6034,精细绘画/插画创作群,B001VB4T86,posca,US,5,笔头耐用性,负面-寿命不匹配,dried out,"I wanted to decorate some of my clay pots, so I bought another brand of paint markers. Unfortunately that brand’s colors were dull & some dried out. I decided to spend some more on these markers since I’ve heard they’re better quality and I’m glad I did! The difference is very noticeable, the colors are vibrant and I haven’t had any issues with them drying out. I also like how the markers themselves are larger, since they’re easier to control for me. I can still create smaller details since the tip is fine. I love these markers!"
6048,精细绘画/插画创作群,B001VB4T86,posca,US,5,色彩饱和度与混合,负面-暗淡/褪色,dull,"I am a painter who does work in acrylic on canvas and I paint really detailed, *tiny* patterns. Getting that small with a brush, even the smallest ones on the market, is sometimes really difficult so I have been searching high and low for acrylic paint pens that work on canvas, work with traditional fluid/heavy body acrylics, and are fairly opaque. The Posca is one of the better brands I have found, especially at the price point. The paint is nicely opaque, it goes on canvas fairly easily, and there's a nice range of color.There's a few issues that make these less than perfect- the hard, nylon/plastic tips make the paint ""splatter"" if there's any texture at all on your canvas, and if you are painting over dried acrylic that's not perfectly smooth, that will happen. But it happens less than with the water-based Sharpies. The colors are a bit dull- they aren't rich, but they ARE opaque, so I find that I can just use the Poscas for the detail work (especially filling in tiny open areas) and then dab a little fluid acrylic over the center of what I did with the Posca and the color intensifies.All in all, these (along with the Derwent Graphik Painters) are the best acrylic paint pens for working on canvas that I have found. Definitely recommended."
6048,精细绘画/插画创作群,B001VB4T86,posca,US,5,流畅性,负面-出墨过多/漏墨,splatter,"I am a painter who does work in acrylic on canvas and I paint really detailed, *tiny* patterns. Getting that small with a brush, even the smallest ones on the market, is sometimes really difficult so I have been searching high and low for acrylic paint pens that work on canvas, work with traditional fluid/heavy body acrylics, and are fairly opaque. The Posca is one of the better brands I have found, especially at the price point. The paint is nicely opaque, it goes on canvas fairly easily, and there's a nice range of color.There's a few issues that make these less than perfect- the hard, nylon/plastic tips make the paint ""splatter"" if there's any texture at all on your canvas, and if you are painting over dried acrylic that's not perfectly smooth, that will happen. But it happens less than with the water-based Sharpies. The colors are a bit dull- they aren't rich, but they ARE opaque, so I find that I can just use the Poscas for the detail work (especially filling in tiny open areas) and then dab a little fluid acrylic over the center of what I did with the Posca and the color intensifies.All in all, these (along with the Derwent Graphik Painters) are the best acrylic paint pens for working on canvas that I have found. Definitely recommended."
6076,多表面diy/定制群,B001VB4T86,posca,US,5,笔头表现,负面-笔头磨损分叉,frayed,"Best Rock painting pens that I've used. Durable and long lasting. Some of the rocks that I paint have rough surfaces and the tips in these pens have held up very well.  The tips on other brands frayed in a short time making them useless for the kind of painting that I do. These cost more but in the long run, are well with it. You get what you pay for. I only wish that there were other color choices in a small set. (8-10 pens/ set)."
6076,多表面diy/定制群,B001VB4T86,posca,US,5,笔头耐用性,负面-磨损/分叉,fray,"Best Rock painting pens that I've used. Durable and long lasting. Some of the rocks that I paint have rough surfaces and the tips in these pens have held up very well.  The tips on other brands frayed in a short time making them useless for the kind of painting that I do. These cost more but in the long run, are well with it. You get what you pay for. I only wish that there were other color choices in a small set. (8-10 pens/ set)."
6102,多表面diy/定制群,B001VB4T86,posca,US,5,笔身与易用性,负面-材质/做工差,break,"These ARE everything they have been hyped to be! I was hesitant, so glad I splurged and got these markers. These are absolutely fantastic! My intention was to use them on painted rocks, and they will be. But they are so versatile- I will definitely be using these on polymer clay. I've got more expensive markers. I love the Montana Markers that are also acrylic, refillable and replaceable tips. But they are so expensive! I mean worth it, but when you just want a good sampler pack to try out the brand and not break the banks?! The Poscas are the winner!So using them for rock painting is absolute glitch free. They arrived faster than expected, they were all individually shrink wrapped and all of these work with no issue.  They write beautifully on my relatively smooth rocks which I have primed with white. The tips are smooth, the line uninterrupted- the color vibrant, no odor.  I used bottle paints too for rock painting and wanted to have something for details- yeah- these are fabulous!  I can definitely see why people rave over these. Very easy to use. Quality!The only thing is I was surprised they felt small. But I have only the Montana markers to compare to, and those are more long and skinny. I don't think it's a lack of product, I think it's just form and function. I will be buying additional colors as needed.I will also be using these on baked polymer clay for doodle art pendants.  I can't wait!"
6102,多表面diy/定制群,B001VB4T86,posca,US,5,性价比,负面-价格昂贵,expensive,"These ARE everything they have been hyped to be! I was hesitant, so glad I splurged and got these markers. These are absolutely fantastic! My intention was to use them on painted rocks, and they will be. But they are so versatile- I will definitely be using these on polymer clay. I've got more expensive markers. I love the Montana Markers that are also acrylic, refillable and replaceable tips. But they are so expensive! I mean worth it, but when you just want a good sampler pack to try out the brand and not break the banks?! The Poscas are the winner!So using them for rock painting is absolute glitch free. They arrived faster than expected, they were all individually shrink wrapped and all of these work with no issue.  They write beautifully on my relatively smooth rocks which I have primed with white. The tips are smooth, the line uninterrupted- the color vibrant, no odor.  I used bottle paints too for rock painting and wanted to have something for details- yeah- these are fabulous!  I can definitely see why people rave over these. Very easy to use. Quality!The only thing is I was surprised they felt small. But I have only the Montana markers to compare to, and those are more long and skinny. I don't think it's a lack of product, I think it's just form and function. I will be buying additional colors as needed.I will also be using these on baked polymer clay for doodle art pendants.  I can't wait!"
6113,多表面diy/定制群,B001VB4T86,posca,US,5,笔身与易用性,负面-材质/做工差,break,"Stick to a bunch of plastics, metals, and other weird materials around the shop that my other paint pens / markers wont. Tips have stayed wet and usable after initial seal break for over 2 years. Amazing product."
6114,儿童/课堂使用群,B001VB4T86,posca,US,5,性价比,负面-价格昂贵,pricey though | pricey,Kids loves it. Beautiful colors. A little pricey though.
6140,儿童/课堂使用群,B001VB4T86,posca,US,3,性价比,负面-价格昂贵,expensive,"I had high hopes for these markers since my kids used them at art camp earlier in the summer. I was so excited to bring them on our road trip for my kids to use. Once opened, they exploded and the ink went everywhere. Thinking it was an issue with only one marker, we opened another one with the same results. Unfortunately these did not meet expectations, especially for such an expensive marker."
6215,精细绘画/插画创作群,B001VB4T86,posca,US,5,笔头耐用性,负面-磨损/分叉,fray,"We use these paint pens for our hobby of painting smooth river stones, and they are terrific.  The tips are firm and don't fray.  The only caution I would give is that you get the best and smoothest line if you 'pull' the pen toward you.  If you 'push' the line away from you (as you would if you're writing cursive and you are writing the letter ""O""), you will get some feathering unless you ease up on the pressure.  Or, if you are drawing, just turn the stone so you are drawing the pen toward you rather than pushing it away from you.We have these pens in the Extra Fine point, the Fine point, and the Medium point, and we seldom use the tiny brushes anymore.  These pens allow us (and even our 92 year old Nana) to do fine detail work, and we love them!We allow our artwork to dry when we change colors, usually using a hair dryer to speed things along.  We also spray our stones with a clear coat spray, and these pens do not run.Tips:  When a pen is used for the first time, you'll need to ""pump"" the tip of the pen gently on a practice surface, like a paper plate or sheet of copy paper.  You will see the ink flow into the tip.  Then you'll need to cap the pen and shake it.  Draw a line on the practice surface, to make sure it is ready.  You will need to shake the pen every time you use it, and occasionally, you will need to pump it on the practice surface again, to get the ink flowing.  CAUTION:  If you depress the tip of the pen on your artwork, it will allow the ink to flow freely down the tip.  This will cause a ""blob"" on your artwork."
6290,多表面diy/定制群,B001VB4T86,posca,US,5,流畅性,负面-出墨过多/漏墨,splatter,"These paint pens are absolutely wonderful! They're perfect for mixed media, where you need the color to stand out against paint, on wood surfaces, etc. I love that the point is actually a hard plastic. The only drawback there is that you need to be careful to keep the movement of the pen smooth, so that you don't get paint splatter when the tip hits a bump or you change direction quickly. The precision it gives is well worth that drawback though! I already ordered and am enjoying the fine point set. Just wish there were more colors available!"
6292,多表面diy/定制群,B001VB4T86,posca,US,2,容量,负面-容量小/消耗快,empty after,They worked great for a minute. These were empty after paint a thin single coat on 9 small palm sized rocks
6328,填色/大面积上色群,B001VB4T86,posca,US,5,流畅性,负面-出墨过多/漏墨,leaked,Adult coloring accents they just don’t last very long and will leak and go all over you when you shakes them even with cap on some leaked!
6419,多表面diy/定制群,B001VB4T86,posca,US,5,流畅性,负面-出墨过多/漏墨,splatter,"I have been using the fine point Posca paint markers, and these are even better for rock painting.  The only thing to watch out for is the tips sometimes catch on a rough rock surface and make tiny splatters when they spring free from a bump.  The tips on the fine markers seem to be a little softer and don't catch as much; these extra fine ones grab the surface a little more, but they are great for finer details.  Highly recommended."
6440,精细绘画/插画创作群,B001VB4T86,posca,US,5,色彩饱和度与混合,负面-暗淡/褪色,dull,"These are by far, the BEST paint markers I've ever had the pleasure of using. They're high quality, at a very good price. The colors are true and they really work well for fine detail. The tips are pointy and sturdy and don't dull after use. I will continue to buy these paint markers in the future! I was using the Sharpie brand pens before, but I personally like this brand much better."
6465,纸面手账/装饰书写群,B001VB4T86,posca,US,5,流畅性,负面-出墨过多/漏墨,bleed through,"I first tried POSCA paint pens about 9 months ago and fell in love. Hard. I'm not an artist, I can barely draw a straight line but I am a decorative planner who is a severe pen snob and a bit of a pen sl*t as well. But I'm loyal! I originally purchased POSCAs to write on my black planner paper and have been doing so ever since. I also use them to write on my neon and white planner paper. So, as far as longevity goes, it's up to you and how much or little you use them and for what purpose. I have several colors from that original purchase with a lot of paint left in them but colors like white, black, pink, yellow, bright blue, and a few more, those are almost empty(and I'm on my 2nd white pen) because I would use those colors more. As far as sheerness, well, that also depends on you and how much pressure you put on the pen when you are doing what you do. When I'm writing, they are not sheer at all. Like I said, I'm not an artist, so I've never used them for anything but writing. I suspect if you were an artist and adjusted the ink flow and your pressure, you could make it as sheer as you needed or as thick as you needed. For my purpose, I love these pens and I highly recommend them to any other planner people out there. Just make sure you have a heavy enough paper so you dont get bleed through. Happy Planner paper or Recollections planner paper wont cut it. You need Lights Planner Action paper, Paper Penguin Co, and the like(ALWAYS shop small-you get better quality!). I hope this review helps someone, all I did was gush about POSCAs. I know I've seen people decorate glass, Chucks, Vans, other, cheaper canvas shoes, faux leather,  I've had friends that painted rocks with these, lettered tshirts for a quick protest shirt, posters, etc, so the possibilities are endless, really. Check out POSCA on IG, they usually feature people's projects and do giveaways. Also, unless they are on sale or you have a coupon, this is the best price I've seen, as opposed to crafting stores. Hope this helps!! Happy crafting/arting!"
6478,儿童/课堂使用群,B001VB4T86,posca,US,5,性价比,负面-价格昂贵,pricey,Purchased these markers for my son because he was going on and on about how wonderful these markers are and he really wants a set. Purchased it although it was pricey it’s a good quality and my son really loves it.
6479,多表面diy/定制群,B001VB4T86,posca,US,4,流畅性,负面-出墨过多/漏墨,splatter,"These are advertised as .7MM but the PC-1M posca tip is actually 1MM.Maybe there is a difference due to the fact that this is a Japanese product, but the Posca website clearly states that the PC-1M tip is 1MM (hence the 1M in the serial number).The only .7MM Posca marker that I see shown on the Posca website is an ultra fine felt tipped metal head marker.The markers I received have a plastic nib (exactly like the PC-1M nib) and depending on the surface you write on, the tip can snag and cause the paint to splatter.Still a quality marker, but it's strange that the box says 0.7MM and the markers look like they are actually 1MM."
6509,儿童/课堂使用群,B001VB4T86,posca,US,4,笔头表现,负面-笔头磨损分叉,clogged,"Update:After one use, I went back to use them again and found that they are “clogged” up after one use. This is ridiculous.Original review:I bought these because I painted wooden letters for my kids room doors. They are extremely smooth letters and that’s important to note. The pens “scuttle” if you put any kind of pressure on the whilst moving. This caused the paint in the pens to splatter all over. I ended up having to use my acrylic paint markers. These pens are consistent enough and the paint doesn’t clump up like old paint pens did back in the day so I give it a 4 out of 5"
6509,儿童/课堂使用群,B001VB4T86,posca,US,4,流畅性,负面-出墨过多/漏墨,splatter,"Update:After one use, I went back to use them again and found that they are “clogged” up after one use. This is ridiculous.Original review:I bought these because I painted wooden letters for my kids room doors. They are extremely smooth letters and that’s important to note. The pens “scuttle” if you put any kind of pressure on the whilst moving. This caused the paint in the pens to splatter all over. I ended up having to use my acrylic paint markers. These pens are consistent enough and the paint doesn’t clump up like old paint pens did back in the day so I give it a 4 out of 5"
6548,精细绘画/插画创作群,B001VB4T86,posca,US,5,性价比,负面-价格昂贵,expensive,"I use these pens for outlining my rock art, they perfectly match some of my paints if I don't want the outline to show. I chose the extra fine pen to add fine detail to my work.Pro's: They perfectly match my acrylic deco art paint!  They don't smear or run and dry quickly.  They easily cover over dark colors with one coat. They are my go to pen!  Cons: They are pretty expensive, but I have purchased several other brands that don't have the same good qualities and wasted a lot of money with those purchases. They tend to puddle if you pause in your work and leave the pen in contact with the rock. Very light pressure prevents this, but gives a less sharp line."
6583,多表面diy/定制群,B001VB4T86,posca,US,5,墨水特性,负面-消耗快,run out of paint,"I recently got in to rock painting, and these pens work great for that craft.  I base-coat the rock (usually black or white), then use the paint markers to paint the details of whatever I've chosen to paint on that particular rock.  These work great, and I would definitely buy them again when the current ones run out of paint!"
6585,多表面diy/定制群,B001VB4T86,posca,US,2,流畅性,负面-出墨过多/漏墨,leaking ink,"These were NOT cheap!  But they work great.  I absolutely love these pens.  My rock painting habit is becoming a bit of an addiction since starting with these pens.EDIT TO ADD:  I loved these markers at first but today, the light blue one started leaking ink all over the place.  I pulled the cap off and paint went everywhere!!!  I can't use it....  it just drips everywhere.Who do I contact about this?"
6585,多表面diy/定制群,B001VB4T86,posca,US,2,购买与服务体验,负面-运输/损坏,leaking ink,"These were NOT cheap!  But they work great.  I absolutely love these pens.  My rock painting habit is becoming a bit of an addiction since starting with these pens.EDIT TO ADD:  I loved these markers at first but today, the light blue one started leaking ink all over the place.  I pulled the cap off and paint went everywhere!!!  I can't use it....  it just drips everywhere.Who do I contact about this?"
6606,多表面diy/定制群,B001VB4T86,posca,US,5,色彩饱和度与混合,负面-遮盖力差/透明,runny,"I really enjoy drawing with these pens.  The fine tip is great for detail work and lettering.  People raved about them for painting rocks and they were right!  Just be careful on rough surfaces, don't push hard, otherwise it may leave spots of paint from the flow.  Use them lightly, after you get them flowing on a scrap paper.The light green seems to get periodically runny.  I really enjoy using these paint pens, I may now be spoiled and never want to use regular paint, except to do a base coat on rocks."
6655,多表面diy/定制群,B001VB4T86,posca,US,5,性价比,负面-价格昂贵,pricey,I love these paint pens! They work very well for rock painting- which is why I purchased them. The colors are really vibrant and show very well. These are pricey but of fine quality. I am not sure how long they will last. Hopefully they will give me a good run before running out. I will definitely keep them for detail work. They dry almost instantly so you really cannot make a mistake. You can however paint over your mistake with another color.
6724,多表面diy/定制群,B001VB4T86,posca,US,5,性价比,负面-价格昂贵,expensive,"We've now purchased 2 brands of acrylic paint pens this summer... these (Posca, made in Japan) and Betem (made in China).  They've been a huge hit!  Originally purchased for the kids to paint lake rocks as much as their hearts desired, we found the adults sitting down with the kids, using the markers almost as much!  It also creates an easy kids-adults interaction environment, which is helpful when they perhaps don’t already know each other well (as at a family reunion).  So all in all, great!!  Poscas were great in every way – they wrote on glass (we had some wine glass decorating going on – let the paint cure for a day or two), and the colors were vibrant.  They don’t have dual tips like Betem (meaning broad at one end, fine point at the other) but you can achieve fine, broad, or anything inbetween easily via pressure applied and angle of the pen.  The kids had no problem mastering that.  Betem had more colors and were considerably less expensive, but the Posca’s 12 colors were certainly sufficient – you just might have to wait your turn a little more for the color you wanted.  While both brands were a big hit, if you want to write on glass, get the Posca brand – Betem states they write on glass but our experience was that they absolutely do not.  Last comment -- these make for a good rainy day activity as well, but you might want to put down paper or such first.  We created acrylic paint spots and smears on a picnic table and deck, which isn't a big deal in that kid-oriented outside area, but it's a consideration for some locations."
6792,多表面diy/定制群,B001VB4T86,posca,US,5,性价比,负面-价格昂贵,bit pricey | pricey,Wonderful paint pens for drawing on rocks and tile. A bit pricey but worth it......colors don’t fade either. I highly recommend them!!❣️
6835,多表面diy/定制群,B001VB4T86,posca,US,4,笔头表现,负面-细节控制差,scratchy,"These work really well for rock painting or lettering *IF* your rocks are smooth, clean, primed and perfect.  If using on a bumpy surface they will skip and splatter.  They have a felt tip and are 'scratchy' when using.The colors are not exactly as pictured (pink is neon, light green is mint)"
6835,多表面diy/定制群,B001VB4T86,posca,US,4,流畅性,负面-干涩/刮纸/断墨,scratchy,"These work really well for rock painting or lettering *IF* your rocks are smooth, clean, primed and perfect.  If using on a bumpy surface they will skip and splatter.  They have a felt tip and are 'scratchy' when using.The colors are not exactly as pictured (pink is neon, light green is mint)"
6835,多表面diy/定制群,B001VB4T86,posca,US,4,流畅性,负面-出墨过多/漏墨,splatter,"These work really well for rock painting or lettering *IF* your rocks are smooth, clean, primed and perfect.  If using on a bumpy surface they will skip and splatter.  They have a felt tip and are 'scratchy' when using.The colors are not exactly as pictured (pink is neon, light green is mint)"
6888,儿童/课堂使用群,B001VB4T86,posca,US,5,性价比,负面-价格昂贵,pricey,Pricey for markers but the grandkids love these markers. Pictures are bright and beautiful
6953,儿童/课堂使用群,B001VB4T86,posca,US,1,性价比,负面-价格昂贵,not worth the price | expensive,To expensive for how much you can use them. Definitely not worth the price. They ran out almost immediately leaving the grandchildren very disappointed 😞
6985,多表面diy/定制群,B001VB4T86,posca,US,5,流畅性,负面-出墨过多/漏墨,splatter,I use these on my rocks and they work great. .although after time it years up the tip. .they tend to splatter if you press much so use a light touch
7016,填色/大面积上色群,B001VB4T86,posca,US,5,流畅性,负面-出墨过多/漏墨,bleed through,"After I was given a set of these pens by a client, I fell in love! I use these in my adult coloring book. I started buying more sets to give to friends, and they all love them as well! The pens do bleed through the pages a little sometimes, but not nearly as much as the markers I had been using. The colors are vivid and beautiful."
7034,多表面diy/定制群,B001VB4T86,posca,US,5,笔头耐用性,负面-磨损/分叉,wear down the tip,"I use these for rock-painting. The rocks do wear down the tips, but they still work well even after I've had them for 2 years (at time of writing - since 2020). No issues when them drying out. Colors are vibrant. Highly recommend."
7072,多表面diy/定制群,B001VB4T86,posca,US,4,教育与启发,负面-有学习门槛,learning curve,"The pigment is lovely and the colors are much bolder than I hoped for. The paint flows well after the first releasing of ink. There is a small learning curve with getting ink to flow consistently considering the medium you are painting on. As this will play a  huge part in how the paint  flows and how bold the color is. I have used them on paper, plastic and rough fabric material thus far."
7100,多表面diy/定制群,B001VB4T86,posca,US,5,墨水特性,负面-易褪色/不防水,rubs off | will rub off,"I was really skeptical about buying paint markers that would work well, and in general work for what I need them to since the sharpie pen markers don't work for me. So I took a chance on these markers after a good while of ""researching"" other types of pens and also the credibility of a brand I have never heard of before. These are AWESOME markers. A complaint people had was that the box is all in Japanese but there are picture directions on the back also. You just need to make sure you shake them very well (cap side down but keep the cap on), and then take off the cap and press the white tip down on a surface (probably paper). You'll wanna do that a couple times and then shake again and you should see the color of the pen drip down and fill up what was the white tip. Another complaint people had was that it ""rubs off"" easily. This is true. However if you're using these to write/draw on plastic then it will come off if you rub it. I needed these for plastic and they worked just as well as acrylic paint, and just like when I use my acrylic paint and paint brushes the paint once dry will rub off. So you just have to spray it with a clear coat, which makes sense.I highly highly recommend these pens."
7162,多表面diy/定制群,B001VB4T86,posca,US,5,色彩饱和度与混合,负面-暗淡/褪色,dull,I am going to become one of a posca collectors! Really impressed with how long the ink lasts.  Sometimes i don't care for matte finish but spray gloss acrylic brings those dull items to life.  That's only for some products not all. I created a ton of mini canvases with these pens.  And many wood craft pieces. Really worth the investment.
7288,精细绘画/插画创作群,B001VB4T86,posca,US,5,性价比,负面-价格昂贵,higher price,"Excellent for nail art! I use regular polish, quick dry top coat, then draw a design with these pens, and seal the design in with another layer of quick dry top coat.I'd first bought a much cheaper (knock off brand) of acrylic paint pens but these are so much better and well worth the higher price. I can't believe how much easier they are to control that the other pens. The really firm and fine tips are fantastic for small details. My only regret is not getting a bigger set in the first place because I'll have to get some duplicates when I want to get more colors"
7289,精细绘画/插画创作群,B001VB4T86,posca,US,5,流畅性,负面-出墨过多/漏墨,bleed through,Excellent drawing pens.  We have several artists in our family and everyone LOVES these pens.  They are much better than sharpies or other drawing inks because you can layer them - color upon color.  As an example you can put the white color directly over the black and the white color is clear and crisp - no bleed through at all.  They are smooth and very each to work with.  They are excellent for fine details too.  Enjoy!  :)
7306,多表面diy/定制群,B001VB4T86,posca,US,3,笔头耐用性,负面-寿命不匹配,dried out,The package appeared to be resealed and the silver pen had been used and the tip was dried out. I'm using the pens for rock painting and appreciate the extra fine tips for writing.
7390,多表面diy/定制群,B001VB4T86,posca,US,2,笔头耐用性,负面-寿命不匹配,dried up,"I was excited to get these pens for rock painting because the reviews were good here. I was disappointed because some of the pens do not have enough paint in them. They seem like they've dried up after the first time using them. Some didn't have much paint before using them. If I used acrylic paint underneath, the pens would scrape the acrylic paint off because I was struggling to get the paint pen to flow. Looking into a different brand for better pens."
7405,填色/大面积上色群,B001VB4T86,posca,US,4,性价比,负面-价格昂贵,expensive,"Great on adult coloring.  Oddly enough many colorists like myself prefer to use high end products, even though you can get stunning effects with less expensive.  The Posca pens can be use as ""paint"" if you take a slightly damp water color brush. they also provide great coverage and the white one is much better for white highlights than gel pens or any other item I've tried.  Just be careful not smear. Your mileage may vary."
7423,多表面diy/定制群,B001VB4T86,posca,US,5,教育与启发,负面-有学习门槛,learning curve,"Paint pens, yes!  These are the ones you want! Great for rock painting!There is a bit of a learning curve, but my kids and I all enjoy these!  We've been using them for a few months and they are still perfect!Colors are vibrant and quality is excellent.Buy them, now!"
7501,多表面diy/定制群,B001VB4T86,posca,US,4,色彩饱和度与混合,负面-遮盖力差/透明,runny,"kinda runny when you first press down on the tip, but great for designs on rocks that a brush is to big for."
7509,多表面diy/定制群,B001VB4T86,posca,US,4,教育与启发,负面-有学习门槛,hard to use,Not quite what I expected hard to use on rocks
7513,多表面diy/定制群,B001VB4T86,posca,US,5,性价比,负面-价格昂贵,expensive,Love these things. Super for more intricate craft work.... Especially rock painting.Little expensive as they don't last too long...need to do larger areas with brush and save these for the detail work.
7527,多表面diy/定制群,B001VB4T86,posca,US,5,流畅性,负面-出墨过多/漏墨,splatter,I love these pens! Can wait to order my next pack!They did take 6 weeks to get to me but they are also in high demand as they become more popular. I did make a review on these already but I'm not sure where it went. I love the colors and how easy it is to do small to medium painted rocks as well as outlines! I did find that if you have a rough surface rock they can splatter but just be careful and it wont ruin your art. I did find these to leak significantly when I first opened them for a test. I posted a question to my local rocking painting facebook page and it was suggested I didn't shake them enough before trying to use them. They would have been sitting a long time and probably needed a good mix. This has corrected since that first time using them in my pictures.I'd suggest to shake them well and prime them slowly over paper towel or news paper.
7575,多表面diy/定制群,B001VB4T86,posca,US,3,墨水特性,负面-消耗快,run out of paint,They work very well in rocks but I wasn't expecting them to run out of paint so soon
7576,多表面diy/定制群,B001VB4T86,posca,US,5,流畅性,负面-出墨过多/漏墨,splatter,"I love these pens! I ordered this set and a set of the medium point and they all have worked well so far. These are great for adding details or writing words on painted rocks. They dry quickly and leave a nice, crisp line. Just make sure your surface is smooth. Otherwise you need to use dots to make your lines. Otherwise it will skip and splatter a bit. (Think flipping a paintbrush with paint on it)"
7680,儿童/课堂使用群,B001VB4T86,posca,US,5,性价比,负面-价格昂贵,expensive,Little expensive for markers. Kids love them and apparently they are popular on you tube because thats where they got the idea for them. Nice quality markers and easy to use.
7741,多表面diy/定制群,B001VB4T86,posca,US,3,流畅性,负面-出墨过多/漏墨,leaked,I bought thesae to paint rocks. Most of them worked great. A few bled all over and leaked. The colors are great. They are very vibrant. The thin points made for very nice lines and allow for good detail.
7770,多表面diy/定制群,B001VB4T86,posca,US,5,笔头耐用性,负面-寿命不匹配,dry out,"Really great quality paint pens that don't dry out easily.  They have really been wonderful with rock painting.  I love the details I can achieve with these tiny point paint pens.  I have already been recommending to friends, so of course I have to give 5 stars here!  :-)"
7778,纸面手账/装饰书写群,B001VB4T86,posca,US,4,流畅性,负面-出墨过多/漏墨,bleed through,My nine year old absolutely loves these!  Make sure you have cardboard down underneath you or use cardstock paper to color with these as they will bleed through the paper. very true to color and extremely easy to use.
7825,多表面diy/定制群,B001VB4T86,posca,US,5,流畅性,负面-出墨过多/漏墨,splatter,"Great pens but the price has gone up to a ridiculous amount in less than a month. I paid $18 in July 2017. I paint rocks with these and the extra-fine tip is perfect for writing words and drawing fine lines. They do dry quickly so if you plan to use techniques that require smearing or mixing, you need to work fast. The new pen tip needs to be depressed in order to bring the paint down the tip so you can begin painting. Wipe off excess paint before applying or it will splatter on your project. The pens seem fairly durable but probably will not do well with rough handling. The paint is easily applied and there is no need to press hard. These are not like markers where more pressure gets a darker color, gentle pressure is enough. Happy painting!"
7858,多表面diy/定制群,B001VB4T86,posca,US,5,流畅性,负面-出墨过多/漏墨,leaked,I used the item for painting rocks. The product worked pretty well but it leaked sometime.
7893,多表面diy/定制群,B001VB4T86,posca,US,5,流畅性,负面-干涩/刮纸/断墨,skipping,"Bought these for drawing & painting on rocks to leave & gift.  These are super bright colors, super smooth and easy to use.  Very durable and ink is consistent with no skipping."
7920,多表面diy/定制群,B001VB4T86,posca,US,5,色彩饱和度与混合,负面-遮盖力差/透明,runny,"These pens work really well for painting on rocks. The colors are nice and bright and they provide good coverage. They work well for young kids who have trouble painting with a brush, but can handle these just fine. The only issue I've had is that the white one was kind of runny and ""bleeds"" a bit. I've since ordered a separate white Posca pen and it works fine so I think maybe the one in the set was defective. All the other colors are perfect. They last longer than expected. I will order again when these run out."
8079,多表面diy/定制群,B001VB4T86,posca,US,4,流畅性,负面-出墨过多/漏墨,globs of paint,"I really like these pens for painting rocks. Superior to Sharpies. Sharpies cartridges fall out and big globs of paint all over.  A couple notes for you...All the writing is in Japanese so no instructions after they arrive so rely on tips here. Plus the red isnt really red, the orange isn't really orange and the yellow cracks. Don't know how others are dealing with these issues."
8079,多表面diy/定制群,B001VB4T86,posca,US,4,教育与启发,负面-无教学支持,no instructions,"I really like these pens for painting rocks. Superior to Sharpies. Sharpies cartridges fall out and big globs of paint all over.  A couple notes for you...All the writing is in Japanese so no instructions after they arrive so rely on tips here. Plus the red isnt really red, the orange isn't really orange and the yellow cracks. Don't know how others are dealing with these issues."
8109,多表面diy/定制群,B001VB4T86,posca,US,4,笔头表现,负面-细节控制差,scratchy,"These are great! Flow smoothy and work great. I painted some rocks with these and it seemed like using a pen.4 stars because they're scratchy on canvas and kinda scratchy on top of a layer of paint on rock. The tip is plastic with little slits, so that's probably why it makes it a bit scratchy."
8109,多表面diy/定制群,B001VB4T86,posca,US,4,流畅性,负面-干涩/刮纸/断墨,scratchy,"These are great! Flow smoothy and work great. I painted some rocks with these and it seemed like using a pen.4 stars because they're scratchy on canvas and kinda scratchy on top of a layer of paint on rock. The tip is plastic with little slits, so that's probably why it makes it a bit scratchy."
8138,儿童/课堂使用群,B001VB4T86,posca,US,5,笔头耐用性,负面-寿命不匹配,dry out,I love these paint pens! This summer my kids and I started painting rocks and these paint Pens have been a lifesaver doing detail work quickly. They don't tend to dry out like other paint pens.
8190,多表面diy/定制群,B001VB4T86,posca,US,5,性价比,负面-价格昂贵,pricey,"These are the best brand of paint pens I have ever tried. I paint rocks and they do an excellent job on the rocks surface. They are pricey, however very much worth it. Can’t wait to build my collection and add the other tip sizes. When it comes to paint pens always choose posca!! You won’t be disappointed."
8200,填色/大面积上色群,B001VB4T86,posca,US,5,流畅性,负面-干涩/刮纸/断墨,skipping,"Started out ordering the white one to try in my coloring books and on some of my ink and acrylic paintings when other pens/markers wouldn't work.  Since this is paint and has a felt pen type nib instead of a ball, it seems to go over any surface I've tried it on so far: wood, glass, plastic, even tried it on a rock, with no skipping."
8203,多表面diy/定制群,B001VB4T86,posca,US,5,流畅性,负面-出墨过多/漏墨,splatter,"I've had these for over a year; they work really well, I used them for details on painted rocks, but now they're used for tracing things in paintings. The tips aren't destroyed and the paint in them are like day 1. Although, sometimes I need to push the tip in to get more paint on it, and it puddles up and feels like a waste. Also, if the surface is a bit textured, the paint will splatter lightly around where you're writing. I just move slower and it works fine."
8212,多表面diy/定制群,B001VB4T86,posca,US,5,流畅性,负面-出墨过多/漏墨,splatter,"Love, love, love these. I use them for rock painting fine lines and they work great. They do splatter a tiny amount if the rock is not primed."
8252,填色/大面积上色群,B001VB4T86,posca,US,5,流畅性,负面-出墨过多/漏墨,bleed through,"Really fun to use these! Overall impressions:- Works on many mediums: paper, cardboard, cloth, wood, rocks, ceramic- You can mix the colors- Did slightly bleed through to other side when used in a coloring book- Smooth when drawing- Can create fat or thin lines"
8277,多表面diy/定制群,B001VB4T86,posca,US,5,笔头表现,负面-细节控制差,scratchy,"While these are a little smaller than I had thought they were going to be, (chock that up to me not reading the description properly lol), these are actually a lot better than I was expecting.I've used paint pens before, albeit they were oil based paints by Sharpie, and I've got to say, I'm pleasantly surprised by Posca.I'd been leery of using them before because I'd heard they were notorious for gumming up and drying out but they don't seem to have that issue if you take care of them properly. Now I haven't used these extensively yet, but what I have done with them has been enjoyable thus far.Cons, the nibs are a teeny bit scratchy and if you're not careful with the paper you use or how much pressure you apply when drawing, the markers will ""spit"" so you'll get flecks of little paint everywhere. Likewise, sometimes they can ""leak"" in that while you're drawing you COULD end up with a blob in your line work, but I have deduced it's most likely caused by pushing the nib in accidentally while you move the pen. Additionally, dependant on the colour, they can take a while to dry so you'll want to give them time to do so between coats and or just use a heat gun or a hair dryer to speed up the process.Pros, a little goes a LONG way, so you don't really need to empty them in one go and they don't really need more than two coats, if that. They work on a multitude of surfaces like paper, plastic, metal, wood, vinyl, but as with most acrylic paints, you'll want to seal them for longevity later. One feature I thought was kind of cool is that they work with Copic makers~! You can use Copics on top of them, but you have to be careful not to use too much of the Copic ink in one spot or it might dissolve the paint. Lastly, these work surprisingly well with Shrink-Dinks~! Just don't use an excessive amount of the paint and be sure to coat them with varnish after so they stay.All in all, I'm glad I finally caved and bought these. Definitely recommend for people that want to give an acrylic paint pen a try~!"
8277,多表面diy/定制群,B001VB4T86,posca,US,5,流畅性,负面-干涩/刮纸/断墨,scratchy,"While these are a little smaller than I had thought they were going to be, (chock that up to me not reading the description properly lol), these are actually a lot better than I was expecting.I've used paint pens before, albeit they were oil based paints by Sharpie, and I've got to say, I'm pleasantly surprised by Posca.I'd been leery of using them before because I'd heard they were notorious for gumming up and drying out but they don't seem to have that issue if you take care of them properly. Now I haven't used these extensively yet, but what I have done with them has been enjoyable thus far.Cons, the nibs are a teeny bit scratchy and if you're not careful with the paper you use or how much pressure you apply when drawing, the markers will ""spit"" so you'll get flecks of little paint everywhere. Likewise, sometimes they can ""leak"" in that while you're drawing you COULD end up with a blob in your line work, but I have deduced it's most likely caused by pushing the nib in accidentally while you move the pen. Additionally, dependant on the colour, they can take a while to dry so you'll want to give them time to do so between coats and or just use a heat gun or a hair dryer to speed up the process.Pros, a little goes a LONG way, so you don't really need to empty them in one go and they don't really need more than two coats, if that. They work on a multitude of surfaces like paper, plastic, metal, wood, vinyl, but as with most acrylic paints, you'll want to seal them for longevity later. One feature I thought was kind of cool is that they work with Copic makers~! You can use Copics on top of them, but you have to be careful not to use too much of the Copic ink in one spot or it might dissolve the paint. Lastly, these work surprisingly well with Shrink-Dinks~! Just don't use an excessive amount of the paint and be sure to coat them with varnish after so they stay.All in all, I'm glad I finally caved and bought these. Definitely recommend for people that want to give an acrylic paint pen a try~!"
8283,精细绘画/插画创作群,B001VB4T86,posca,US,4,色彩饱和度与混合,负面-遮盖力差/透明,runny,I love these paint pens! They've helped out a ton in my paint projects that needed fine detail. The pens are a tad runny at times and my white marker seems to already be empt even though I've used it the least of all. Overall wonderful product.
8290,精细绘画/插画创作群,B001VB4T86,posca,US,5,笔头表现,负面-细节控制差,scratchy,Great for drawing on tons of surfaces. They can get a little scratchy if you haven't used them for a while but its easy to get them nice and flowing again. Love to use them to add detail over other mediums. Opaque and doesn't yellow which is nice. May be too rough for cheap paper.
8290,精细绘画/插画创作群,B001VB4T86,posca,US,5,流畅性,负面-干涩/刮纸/断墨,scratchy,Great for drawing on tons of surfaces. They can get a little scratchy if you haven't used them for a while but its easy to get them nice and flowing again. Love to use them to add detail over other mediums. Opaque and doesn't yellow which is nice. May be too rough for cheap paper.
8294,多表面diy/定制群,B001VB4T86,posca,US,5,性价比,负面-价格昂贵,expensive,"I've recently been rock painting and these are just a go-to brand.  I wish they weren't so expensive, but they are definitely worth the money.  The fine tip and the bold colors really glide nicely on smooth rocks.  GET YOUR POSCA PENS!"
8295,多表面diy/定制群,B001VB4T86,posca,US,4,笔头耐用性,负面-寿命不匹配,dried out,"I really like these pens. Great for fine details and writing words on rocks. It does splatter a little when writing on a ruff surface but not too noticeable. The only complaint I have is the black & white pens which I've used quite a bit are already dried out after 2 weeks of use. The nib of the white pen fell out, but overall I'm pleased with the product."
8295,多表面diy/定制群,B001VB4T86,posca,US,4,流畅性,负面-出墨过多/漏墨,splatter,"I really like these pens. Great for fine details and writing words on rocks. It does splatter a little when writing on a ruff surface but not too noticeable. The only complaint I have is the black & white pens which I've used quite a bit are already dried out after 2 weeks of use. The nib of the white pen fell out, but overall I'm pleased with the product."
8304,儿童/课堂使用群,B001VB4T86,posca,US,4,笔头耐用性,负面-寿命不匹配,stop working,"My kids watch the crafters on YouTube and they fell in love with concept of POSCA's we thought it would be a nice treat for them as the price was really reasonable. Our local art shop sells each marker for almost $5 each. The tips are nice and sharp and seem to keep the shape so far. My only concern is that they leak at times at the tip for no reason and stop working or clog. There seems to be a flow issue. I don't have a great amount of experience with Acrylic paint pens, but with the limited amount I have I have not had similar issues with other brands. There might be a learning curve with them maybe. They are a good marker mostly and we have been able to work through the issues so far. We haven't used them on many surfaces either really just paper and add details to canvas boards painted in acrylic paint."
8304,儿童/课堂使用群,B001VB4T86,posca,US,4,教育与启发,负面-有学习门槛,learning curve,"My kids watch the crafters on YouTube and they fell in love with concept of POSCA's we thought it would be a nice treat for them as the price was really reasonable. Our local art shop sells each marker for almost $5 each. The tips are nice and sharp and seem to keep the shape so far. My only concern is that they leak at times at the tip for no reason and stop working or clog. There seems to be a flow issue. I don't have a great amount of experience with Acrylic paint pens, but with the limited amount I have I have not had similar issues with other brands. There might be a learning curve with them maybe. They are a good marker mostly and we have been able to work through the issues so far. We haven't used them on many surfaces either really just paper and add details to canvas boards painted in acrylic paint."
8323,多表面diy/定制群,B001VB4T86,posca,US,5,教育与启发,负面-无教学支持,no instructions,Love these for rock painting.. Although it comes in Japanese with no instructions...so if you haven't used paint pens before - shake well and then you have to push gently up and down on the tip until paint starts to show on the white tip...then you are good to go.
8327,多表面diy/定制群,B001VB4T86,posca,US,3,流畅性,负面-出墨过多/漏墨,splatter,So I bought these so I could paint on wood to make signs . These markers catch on the wood and then make a splatter sort of patter when you draw. So I guess I won't be using these for what I wanted them for  but I will use them for something. They are really vibrant and pretty .
8349,多表面diy/定制群,B00ZC9JK4Q,posca,US,5,性价比,负面-价格昂贵,expensive,Perfectly perfect for my Rocks..And not to expensive either..
8475,多表面diy/定制群,B00ZC9JK4Q,posca,US,4,性价比,负面-价格昂贵,expensive,I recently received my posca pens/markers and I really love the colours ! I used it on normal paper which cause it to tear a little so i think a bit thicker paper will do like the cold or hot pressed paper . And it works well on other medium as well but if you use on phone case make sure to use a maat/shiny finish spray to avoid scratching it off. I haven’t tried  it on fabric yet so I don’t know how it works on them. The only drawback I found was that this particular set doesn’t have the basic colours it just has the pastel ones so if you want the basic colours buy another set and it’s quite expensive too and pretty difficult to find in india so online shopping is the only way .
8490,多表面diy/定制群,B00ZC9JK4Q,posca,US,3,笔身与易用性,负面-材质/做工差,flimsy,"Good that Markers appear to become permanent ink when dry as described.However, as other reviewers describe, “dual” thin and medium tips are messy on fingers, besides looking the same thickness when applied.Flimsy and messy to have to grab tip to reverse to other side, which really looks the same thickness.We kept the markers because we needed markers that could draw on rocks, but will explore other options when these markers are used up."
8793,精细绘画/插画创作群,B00ZC9JK4Q,posca,US,5,色彩饱和度与混合,负面-暗淡/褪色,pale,"The Pastel Posca Paint Markers are an absolute joy to work with. The color selection is not only beautifully curated but also adds a soft and charming touch to any project. The markers’ fine tips provide precision and control, allowing for intricate detailing or broad strokes with equal ease. The opaque, quick-drying formula ensures vibrant and consistent coverage on various surfaces, from paper to canvas. Whether you’re an experienced artist or just starting, these markers make creativity a breeze. The quality of the Pastel Posca Paint Markers is unmatched, making them an essential tool for anyone looking to add a delightful pastel palette to their artistic endeavors."
8938,儿童/课堂使用群,B013NMZ92U,posca,US,5,性价比,负面-价格昂贵,expensive,These are a Christmas gift for my 7 yr. old grandson who loves to draw. He used mine last time he visited and was occupied for hours. I am finding with my grandkids that expensive toys aren't always what they enjoy most. When a child loves to draw and color the best gift for them is great markers and lots of paper!
8960,儿童/课堂使用群,B013NMZ92U,posca,US,5,性价比,负面-价格昂贵,expensive,My kids LOVE these paint pens! They must've seen them on Youtube or something because they asked for this exact brand! Only negative is the cost. Dang they're expensive!
9097,多表面diy/定制群,B01N5HUE1P,ARTISTRO,US,4,绘画表现,负面-涂色不均,streak,"I have had a few paint markers in the past, mostly expensive branded ones. But these are just as good but for half the price.I do a lot of mural art work on glass and wood and these have really impressed me. The colour pay off is great next to no streaks, loads of different colours that can be easily layered, and they don't run dry."
9097,多表面diy/定制群,B01N5HUE1P,ARTISTRO,US,4,性价比,负面-价格昂贵,expensive,"I have had a few paint markers in the past, mostly expensive branded ones. But these are just as good but for half the price.I do a lot of mural art work on glass and wood and these have really impressed me. The colour pay off is great next to no streaks, loads of different colours that can be easily layered, and they don't run dry."
9180,多表面diy/定制群,B01N5HUE1P,ARTISTRO,US,3,色彩饱和度与混合,负面-遮盖力差/透明,watery,"I got these because they were on sale and I've used them to paint on rocks. I've noticed that some of the colors (gold, silver, black) work great and flow smoothly, but others (yellow, orange green) are really watery and inconsistent. The marker tip just kind of pushes the paint around instead of smoothly distributing it. Not ideal..."
9210,多表面diy/定制群,B01N5HUE1P,ARTISTRO,US,1,流畅性,负面-出墨过多/漏墨,splatter,"I bought these for my 15 year old granddaughter for her birthday. She only today told me how bad they were. I think she was trying to spare my feelings. Here is her list of issues.1.  Half of the pens in both the medium and fine point sets had no paint in them. They were practically dry. She said she thought they had been used before.2 The fine tips splatter all over because of configuration of the paper.  She says she thinks it is because the tips on the fine markers are plastic and not fabric like the thicker tips.3.  The majority of the colors are very transparent and result in something that looks more like she was drawing/painting with a crayola market, not an acrylic paint marker.4. The silver and white fine tips are like you are painting with clear liquid. There is no color.5.  The blue, orange and yellow thick tips were very transparent.6. The colors in the thin and thick pens were not the same shade. For example the brown thick tip was a light gold and very transparent and liquidy and brown fine tip is a dark brown."
9277,纸面手账/装饰书写群,B01N5HUE1P,ARTISTRO,US,5,外观与包装,负面-收纳不便,hard to get out,"My adult son has dysgraphia, which affects his handwriting skills.  I got this set for him because he wanted to try to create some artwork.  These are great!  Easy to use and clean up is a breeze if you get it on you (although it is a bit hard to get out of clothing).  I really enjoyed using them as well!  Can’t beat the price."
9302,多表面diy/定制群,B01N5HUE1P,ARTISTRO,US,5,色彩饱和度与混合,负面-遮盖力差/透明,watery,"I purchased these for my family to paint rocks and they were a hit. Super easy to use and seem to be lasting quite long. A couple seem to be more watery than the others, but otherwise, so much fun was had. Thanks!"
9400,多表面diy/定制群,B01N5HUE1P,ARTISTRO,US,1,墨水特性,负面-易褪色/不防水,rubs off,"Nice looking pens and easy to use but very poor adhesion to pretty much every material tested. Porcelain, China and plastic.These were originally purchased so my 5 year old daughter could decorate a cup for her Mother. She spent an hour decorating the cup and saucer and we followed the baking instructions to the letter but this rubs off very easily with a sponge and water.I also tried various applications such as marking a golf ball and its even worse on plastic, you can rub it off days later with your finger.You get what you pay for ultimately and these are a classic to good to be true product."
9438,多表面diy/定制群,B01N5HUE1P,ARTISTRO,US,5,笔头耐用性,负面-寿命不匹配,dried out,"markers (ALL) dried out ...don`t waste your money on these markers........update....7/2...was contacted by Ellie and she informed me on the proper way to ""PRIME"" these pens....she even replaced the ones I previously had ...once these markers were primed and used..let me tell you all these marker paint pens ..ROOOOOOOOCK...highly recommend these markers for rock and glass...thank you Ellie for your terrific support and concerns...."
9444,多表面diy/定制群,B01N5HUE1P,ARTISTRO,US,5,性价比,负面-价格昂贵,expensive,"Absolutely love these markers for rock painting. Great colour coverage, selection, and super easy to use. I'd like a set with finer tips for more detailed work, but for a beginner, these were more than enough. Have convinced 3 others to purchase these exact ones, and bought a set for my mom after she coveted mine.We haven't put a protective coat on them, and they still have remained bright and pretty through the summer. If you'd like to avoid complete fading, I'd recommend a spray of some sort?People love the rocks as gifts, or we just place them along our walks to surprise others and make them smile.Expensive, but totally worth it."
9463,儿童/课堂使用群,B01N5HUE1P,ARTISTRO,US,4,性价比,负面-价格昂贵,pricey,"My grandkids (ages 6 & 7) have only used these acrylic paint pens once but they really had fun painting rocks! The directions were clear to shake the pens and press tip firmly to start the flow of the paint. I helped with this, but after that step they were easy for them to use. I can't rate the longevity category as they're still new. Hopefully if pens are properly capped and stored, they will be able to use them on several different projects. They were a little pricey but so far I'm pleased."
9534,儿童/课堂使用群,B01N5HUE1P,ARTISTRO,US,3,笔头耐用性,负面-寿命不匹配,dried out,"The red marker was open and dried out. There were two gold markers and no green.  The ones that were usable were fun to use for the kids to paint on some rocks, but I would have rather received the full set we paid for."
9564,儿童/课堂使用群,B01N5HUE1P,ARTISTRO,US,5,性价比,负面-价格昂贵,a little expensive | expensive,"These are nice paint pens, very easy to use. Even little kids can use it with ease. The colors are bright and durable. However, less than 5 stars because it took a while to figure out that they needed lot of shaking before it worked ( still not sure if that's the right the way its meant to be ). Moreover the color ran out pretty fast, so a little expensive for the value.Updating the review stars from 3 to 5for the amazong customer service,. After my initial review, team contacted me immediately and send me a replacement. These paint pens are good, looks like you need to activate these only once and then they work fine. Assuming the first set was a defective one and the new works fine, updating the review to 5 stars"
9640,多表面diy/定制群,B01N5HUE1P,ARTISTRO,US,1,色彩饱和度与混合,负面-暗淡/褪色,washed out,Wrote on plastic storage container and it washed out.
9709,多表面diy/定制群,B01N5HUE1P,ARTISTRO,US,5,色彩饱和度与混合,负面-遮盖力差/透明,streaky,"I really like these, makes painting my stencils easier. I just do not like they look streaky after on glass, so you may need to touch up with paint on a brush. Otherwise great buy."
9709,多表面diy/定制群,B01N5HUE1P,ARTISTRO,US,5,绘画表现,负面-涂色不均,streak | streaky,"I really like these, makes painting my stencils easier. I just do not like they look streaky after on glass, so you may need to touch up with paint on a brush. Otherwise great buy."
9709,多表面diy/定制群,B01N5HUE1P,ARTISTRO,US,5,表面/介质表现,负面-在石头上表现差,streaky,"I really like these, makes painting my stencils easier. I just do not like they look streaky after on glass, so you may need to touch up with paint on a brush. Otherwise great buy."
9823,多表面diy/定制群,B01N5HUE1P,ARTISTRO,US,4,笔身与易用性,负面-握持不适,too light,"I’ve used them on glass and ceramic, and I really love them. I’m giving 4 stars because it doesn’t come with black, since there is no way to mix them, I would like to see a different pack with different shades of these colors. For example, the pink is a little too light with a neon tint to it where I would prefer a rosier color."
9839,多表面diy/定制群,B01N5HUE1P,ARTISTRO,US,5,流畅性,负面-出墨过多/漏墨,bleed through,These are awesome.I tried them out on a sketch I did of my cat. Not the best drawing but whatever it was fun to do.They said you can use them on paper so I wanted to see if it would bleed through but they didn't. I even blended some colors(pink and white) for his little ears and was able to bring the white pen back to its original color.Looking forward to using them on rocks and whatever creative things ill find to use them on. Highly recommend
9860,儿童/课堂使用群,B01N5HUE1P,ARTISTRO,US,5,性价比,负面-价格昂贵,expensive,"We used these pens to make gifts from the grandkids to their parents. We had them draw on the mugs, dry 24 hours, and then baked them. Easy and inexpensive treasures that I'm sure we will do more of soon!"
9917,多表面diy/定制群,B01N5HUE1P,ARTISTRO,US,4,容量,负面-容量小/消耗快,empty after,"Nice bright colours, goes on rocks and shells smoothly but they are mostly empty after one crafting afternoon.Edit: customer service reached out and offered a replacement product which seem to be lasting longer! Appreciate the great customer service and opportunity to try it again."
10026,儿童/课堂使用群,B01N5HUE1P,ARTISTRO,US,5,笔头耐用性,负面-寿命不匹配,dried up,"Super disappointed, I ordered these markers a few weeks ago for my son to make his dad a coffee mug, everything went great but the green marker is completely dried up and unusable!The sellers contacted me promptly and replaced the full set of markers, they work perfectly. Super happy with the outcome!"
10085,纸面手账/装饰书写群,B01N5HUE1P,ARTISTRO,US,5,流畅性,负面-出墨过多/漏墨,bleed through,It was an excellent purchase. I have no regrets. I used it on a scrapbook and it did not bleed through.
10148,多表面diy/定制群,B01N5HUE1P,ARTISTRO,US,4,笔头耐用性,负面-寿命不匹配,dried up,"My first impression when I opened these was that they looked cheap which was honestly not what I was expecting. But when I started using them, I was very pleased with the results.I tested them with my 7-year-old kiddo on blank canvas boards from the art store. The colors were lovely and true, and it really was like drawing with paint. My kiddo was very pleased with their knight drawing/painting.The colors are a bit sheer, especially the light colors (white, yellow, etc), and it took a few coats for them to really stand out on top of the darker colors. (My second photo shows the painting after I went back and added more colors on top of / with the first ones I chose.I did go back to them several days later (expecting the tips to be completely dried up honestly) and they worked as well as they did the first use.I would like to use them on fabric, and that's my next test. I've heard mixed reviews about how well they work on fabric. I'm also a bit concerned that the fabric I would like to use them on (a dark stretchy denim) might not take the colors very well.So, overall I'd say these are good pens, especially if you're going to be working on a light-colored surface."
10375,多表面diy/定制群,B01N5HUE1P,ARTISTRO,US,5,笔头耐用性,负面-寿命不匹配,dried out,These pens are great! The paint flows so nice and smoothly! No having to go and pump the pen over and over during use like with previous pens I’ve used. I have used them on stones as well as wood. My FAVOURITE thing about these pens though is the customer service. I bought my pens over a year ago and only used two at that time. I just pulled them out to use again and the two I used were kind of dried out and wouldn’t budge in order to pump new paint to the tip. Of course my first course of action was force. Do not recommend! I mashed my white paint tip and now the tip won’t pop back out when I pump it. Not wanting to wreck the black one too I decided to email them using the email address that came in the box. I asked if I could do something to fix the dried tip on my black pen and if there was anything I could do to prevent the same thing happening to other pens in the future. They got back to me within an hour! Suggested gently pulling the tip out and washing it and the reinserting it and trying again. Worked like a charm! She also suggested washing tips after use to prevent it in the future. I am SO GLAD I contacted them! My white one is hooped because of me whacking it lol but the black one is now good as new. Highly recommend!
10411,多表面diy/定制群,B01N5HUE1P,ARTISTRO,US,5,绘画表现,负面-涂色不均,streak | streaking,"We used these pins to decorate our glass bulb essential oil filled ornaments.  They were perfect to allow everyone to add some personality to their ornament.  Came well packaged, easy to use and get the paint out and stayed well without streaking on the glass bulbs.  Definitely would purchase again."
10465,多表面diy/定制群,B01N5HUE1P,ARTISTRO,US,5,笔头表现,负面-细节控制差,too thick,I am very happy with this purchase. They are easy to use and not too thick. The paint dries super fast.I also like that the colour is opaque.Love how my rocks turned out!
10465,多表面diy/定制群,B01N5HUE1P,ARTISTRO,US,5,笔身与易用性,负面-握持不适,too thick,I am very happy with this purchase. They are easy to use and not too thick. The paint dries super fast.I also like that the colour is opaque.Love how my rocks turned out!
10466,儿童/课堂使用群,B01N5HUE1P,ARTISTRO,US,5,性价比,负面-价格昂贵,expensive,Great quality utility pens. I am not super artistic but like to have a decent workhorse set for crafts in my classroom and with my own kids. These are easy to use with great solid coverage. Much less expensive than a sharpie set and easier to use.
10529,多表面diy/定制群,B01N5HUE1P,ARTISTRO,US,5,色彩饱和度与混合,负面-遮盖力差/透明,runny,Loved them for painting rocks .A bit runny but does the job great.
10591,多表面diy/定制群,B01N5HUE1P,ARTISTRO,US,1,色彩饱和度与混合,负面-遮盖力差/透明,watery | runny,"I followed the instructions that came with the pens, and in spite of this they would not colour on a ceramic cup.They are very watery and runny.  I have not tried them on rocks yet, but am expecting the same outcome.I am very disappointed in them, as they are not was not what was expected."
10617,多表面diy/定制群,B01N5HUE1P,ARTISTRO,US,5,色彩饱和度与混合,负面-暗淡/褪色,washed out,"These work well on many surfaces. So far we have tried leaves, wood, plastic, cloth, cement, paper, and glass. Very bright, vibrant colours. The only issue we had was some of the colours didn't show up well when used on black cloth even after many coats. Paint has not washed out of the cloth material even after many, many washes."
10693,多表面diy/定制群,B01N5HUE1P,ARTISTRO,US,1,笔头耐用性,负面-寿命不匹配,dried out,"Update: I’ve used these markers once, and they are no longer functional. The tips have dried out and no longer work.  So disappointed. Tried to contact but will only be refunded after I return item, which costs more than the item, so then I’d be out double the cost. I had high hopes and got disappointment instead.Original Review: Markers are wonderful to use. They cover great. The barrel is transparent so you can see how much paint remains in the pen. Easy to use, virtually no splash back. Bought them to paint rocks and we are extremely satisfied. Will purchase again."
10698,多表面diy/定制群,B01N5HUE1P,ARTISTRO,US,1,笔头耐用性,负面-寿命不匹配,dried up,Ordered these for a rock painting project with grandaughter. Totally dried up and now Amazon isn't offering an exchange or return option. How I long for the old days when Amazon gave a dam.....
10701,多表面diy/定制群,B01N5HUE1P,ARTISTRO,US,5,笔头耐用性,负面-寿命不匹配,dried out,Still using it in 2023. Love this Product on my resin work.. only the black was kinda dried out but Sharpies are easy for black.. want à set in Metallics n Néons/Glow in the dark please
10706,儿童/课堂使用群,B01N5HUE1P,ARTISTRO,US,5,墨水特性,负面-消耗快,run out of paint,"Grandkids love these, vs using a brush.  Easier clean-up also.  Colors are very deep and bright.  Will buy more when these run out of paint.  Used for painting rocks."
10747,多表面diy/定制群,B01N5HUE1P,ARTISTRO,US,4,色彩饱和度与混合,负面-遮盖力差/透明,watery,I love these! I was able to paint a lot of DIY bottles for my kitchen. Only issue I had was the Pink color didn’t pain well. Too watery and little paint was coming our. I baked my glass bottles as instructed and they came out perfect!
10775,多表面diy/定制群,B01N5HUE1P,ARTISTRO,US,5,色彩饱和度与混合,负面-暗淡/褪色,faded,"I had some decorative metal flower pot picks that had faded and rusted a little from using about 3 years.  I ordered these paint pens to see if I could restore the picks.  They look brand new!! It was easy, fun and quick to repaint the picks.  Now I'm going to use them on some other things like glasses and flower vases.  Great product and I got them very quickly!!"
10803,多表面diy/定制群,B01N5HUE1P,ARTISTRO,US,5,绘画表现,负面-涂色不均,streak,"Great product and the paint is super reliable, unlike other paint pens I’ve tried, these ones don’t get streak-y and ugly. The colours are pretty and the metallics were surprisingly nice too! I have been using them mostly on wood and the application is excellent"
11019,儿童/课堂使用群,B01N5HUE1P,ARTISTRO,US,1,流畅性,负面-出墨过多/漏墨,blotchy,"I got these markers from my Secret Santa (who wasn't really a secret). She told me that these are the ones that she bought. I appreciate her thoughtful gift because she knew that I did a personalized Starbucks mug that came with it's own black and white paint marker. The Starbucks marker was awesome. It was thick, but flowed nice and even. Unfortunately, these markers are basically useless. First off, two would not work. Meaning that the paint would not flow. Even after pressing the tip for 2 full minutes. The other that did ""work"" had the paint flow erratically, even after I shook them for a couple of minutes before hand. The paint flowed too thin and blotchy.  It really didn't give a nice end product. Very amateurish. Even as a gift for children, the are not acceptable."
11019,儿童/课堂使用群,B01N5HUE1P,ARTISTRO,US,1,流畅性,负面-漆感差/稀薄/起泡,too thin,"I got these markers from my Secret Santa (who wasn't really a secret). She told me that these are the ones that she bought. I appreciate her thoughtful gift because she knew that I did a personalized Starbucks mug that came with it's own black and white paint marker. The Starbucks marker was awesome. It was thick, but flowed nice and even. Unfortunately, these markers are basically useless. First off, two would not work. Meaning that the paint would not flow. Even after pressing the tip for 2 full minutes. The other that did ""work"" had the paint flow erratically, even after I shook them for a couple of minutes before hand. The paint flowed too thin and blotchy.  It really didn't give a nice end product. Very amateurish. Even as a gift for children, the are not acceptable."
11019,儿童/课堂使用群,B01N5HUE1P,ARTISTRO,US,1,笔身与易用性,负面-握持不适,too thin,"I got these markers from my Secret Santa (who wasn't really a secret). She told me that these are the ones that she bought. I appreciate her thoughtful gift because she knew that I did a personalized Starbucks mug that came with it's own black and white paint marker. The Starbucks marker was awesome. It was thick, but flowed nice and even. Unfortunately, these markers are basically useless. First off, two would not work. Meaning that the paint would not flow. Even after pressing the tip for 2 full minutes. The other that did ""work"" had the paint flow erratically, even after I shook them for a couple of minutes before hand. The paint flowed too thin and blotchy.  It really didn't give a nice end product. Very amateurish. Even as a gift for children, the are not acceptable."
11019,儿童/课堂使用群,B01N5HUE1P,ARTISTRO,US,1,绘画表现,负面-涂色不均,blotchy,"I got these markers from my Secret Santa (who wasn't really a secret). She told me that these are the ones that she bought. I appreciate her thoughtful gift because she knew that I did a personalized Starbucks mug that came with it's own black and white paint marker. The Starbucks marker was awesome. It was thick, but flowed nice and even. Unfortunately, these markers are basically useless. First off, two would not work. Meaning that the paint would not flow. Even after pressing the tip for 2 full minutes. The other that did ""work"" had the paint flow erratically, even after I shook them for a couple of minutes before hand. The paint flowed too thin and blotchy.  It really didn't give a nice end product. Very amateurish. Even as a gift for children, the are not acceptable."
11053,儿童/课堂使用群,B01N5HUE1P,ARTISTRO,US,5,色彩饱和度与混合,负面-暗淡/褪色,faded,"We used these to paint some rocks. First thought was a little pricey, but they have been outside for a few weeks and still no change. Whereas my other pens have faded or worn off.Kids loved using them as well.Definitely buying more when these are gone, and some to gift as well!"
11053,儿童/课堂使用群,B01N5HUE1P,ARTISTRO,US,5,性价比,负面-价格昂贵,pricey,"We used these to paint some rocks. First thought was a little pricey, but they have been outside for a few weeks and still no change. Whereas my other pens have faded or worn off.Kids loved using them as well.Definitely buying more when these are gone, and some to gift as well!"
11093,多表面diy/定制群,B01N5HUE1P,ARTISTRO,US,1,流畅性,负面-出墨过多/漏墨,leaked,Rubbish the black and green pens leaked everywhere my 5 year old son was covered in paint. Thank goodness it washes off and we were working on a table covered in newspaper. Brought for painting rocks and would have worked well if they didn't leak.
11161,多表面diy/定制群,B01N5HUE1P,ARTISTRO,US,4,笔头耐用性,负面-寿命不匹配,dried up,These paint pens are of great quality. We ordered them for an ornament decorating party and mainly used them on glass ornaments. They have a good color and have not dried up after over a month. On the day of the party we tried to keep them capped... but that didn’t always happen! They did smear a little- so they do not dry right away- and I blame it on being left handed because it seems most things smear. They worked great
11200,多表面diy/定制群,B01N5HUE1P,ARTISTRO,US,2,流畅性,负面-出墨过多/漏墨,leaked,"Took forever to prime and many of them overflowed and leaked, ruining a few of my rocks. Not great for small details. Even some simple dots ran. Colors are nice. opaque. Permanent.Update: I originally gave this two stars based on my experience. However customer service is really great. I received 2 letters in the mail from the manufacturer wanting to make good on the purchase and experience. They insisted I must have received a bad batch.  I didn’t read the correspondence timely enough to warrant a response to the manufacturer (life got in the way) but believe they would have sent me a new batch of markers. Maybe I did get a bad batch. I can only comment on the batch I received. Which took forever to prime, streaked and bled.  Their letter expressed a lot of pride in their product. For the rocks that I painted, the paint was permanent. I can say that much. I did paint a glass, but even after letting it dry for several days, it got wet and the paint washed away. By looking at the pics in the reviews, it’s clear that these have worked for other customers."
11200,多表面diy/定制群,B01N5HUE1P,ARTISTRO,US,2,绘画表现,负面-涂色不均,streak,"Took forever to prime and many of them overflowed and leaked, ruining a few of my rocks. Not great for small details. Even some simple dots ran. Colors are nice. opaque. Permanent.Update: I originally gave this two stars based on my experience. However customer service is really great. I received 2 letters in the mail from the manufacturer wanting to make good on the purchase and experience. They insisted I must have received a bad batch.  I didn’t read the correspondence timely enough to warrant a response to the manufacturer (life got in the way) but believe they would have sent me a new batch of markers. Maybe I did get a bad batch. I can only comment on the batch I received. Which took forever to prime, streaked and bled.  Their letter expressed a lot of pride in their product. For the rocks that I painted, the paint was permanent. I can say that much. I did paint a glass, but even after letting it dry for several days, it got wet and the paint washed away. By looking at the pics in the reviews, it’s clear that these have worked for other customers."
11331,多表面diy/定制群,B01N5HUE1P,ARTISTRO,US,5,墨水特性,负面-消耗快,run out of paint,These pens worked great for my hobby of painting rocks.  The paint is good and the supply of paint seems to be good.  I have not run out of paint yet.  Be patient in priming the pens.  It takes a while.
11458,儿童/课堂使用群,B01N5HUE1P,ARTISTRO,US,5,性价比,负面-价格昂贵,pricey,"These were pricey, but the grandkids love them.  They decorated rocks, jars for vases, mason jars for deck lights, etc.  I didn’t try the download.  One caution:  the first question both kids asked was:  Can we draw a picture on your window?  Good imaginative toy, easy to use, and definitely wrote on the surfaces mentioned easily."
11477,纸面手账/装饰书写群,B01N5HUE1P,ARTISTRO,US,5,流畅性,负面-出墨过多/漏墨,bleed through,I used these on pretty thin paper and they didn't bleed through. They have great colors and work really well. Great price and great quality I would recommend these pens. I used them for bullet journaling and they were awesome. They also dry super fast which is nice.
11498,纸面手账/装饰书写群,B01N5HUE1P,ARTISTRO,US,5,流畅性,负面-出墨过多/漏墨,splatter,The colors are clean and flow on with ease. I used them to color in lettering on a rustic wood sign. The edges stayed sharp and clean with no bleeding and no paint splatter.
11503,纸面手账/装饰书写群,B01N5HUE1P,ARTISTRO,US,3,色彩饱和度与混合,负面-遮盖力差/透明,watered down,"Easy to use but I find the paint thin. The thickness of the pen is perfect. The white pen was SUPER thin, it felt like it was mostly watered down. Silver, green, and purple were my favourite colours!Another thing- Unless you're drawing on a super smooth surface, this pen scratches off a layer of the material. I ended up writing on cardboard and it peeled off a thin layer."
11503,纸面手账/装饰书写群,B01N5HUE1P,ARTISTRO,US,3,墨水特性,负面-易褪色/不防水,scratches off,"Easy to use but I find the paint thin. The thickness of the pen is perfect. The white pen was SUPER thin, it felt like it was mostly watered down. Silver, green, and purple were my favourite colours!Another thing- Unless you're drawing on a super smooth surface, this pen scratches off a layer of the material. I ended up writing on cardboard and it peeled off a thin layer."
11683,多表面diy/定制群,B01N5HUE1P,ARTISTRO,US,5,性价比,负面-价格昂贵,expensive,Bought to create memorial rocks and work really well. I’m no artist by any means so great to have something that makes painting a bit easier. A bit expensive in my opinion though.
11692,儿童/课堂使用群,B01N5HUE1P,ARTISTRO,US,1,色彩饱和度与混合,负面-暗淡/褪色,faded,"SO disappointed.  Worked with the PTA to bring a rock art project to over 200 elementary school students.  I purchased 5 sets for school use and 2 for my personal use.  I used these markers after reading multiple reviews.  Product states that they are durable and colorfast and can be used on stone.  Reviews recommended these for rock art.  Applied 2 coats of waterproof and UV-resistant sealant.  Less than a month in to a mild Pacific NW summer, ALL of the reds, pinks and oranges on the rocks have faded to white.  Even the sealed ones placed under cover (out of rain and sun) at my house have faded.  I have used a lot of sealants, and the one I used for this project has sealed other acrylic, outdoor art, and has lasted for over 2 years.  Thus I know the sealant used was not the issue.  Now an entire school is going to be disappointed when they return from summer break to see that all their beautiful art has faded.  I DO NOT recommend this product.  If only I could get my money back but it's the students' disappointment that will be tougher to bear.  :("
11692,儿童/课堂使用群,B01N5HUE1P,ARTISTRO,US,1,笔身与易用性,负面-材质/做工差,break,"SO disappointed.  Worked with the PTA to bring a rock art project to over 200 elementary school students.  I purchased 5 sets for school use and 2 for my personal use.  I used these markers after reading multiple reviews.  Product states that they are durable and colorfast and can be used on stone.  Reviews recommended these for rock art.  Applied 2 coats of waterproof and UV-resistant sealant.  Less than a month in to a mild Pacific NW summer, ALL of the reds, pinks and oranges on the rocks have faded to white.  Even the sealed ones placed under cover (out of rain and sun) at my house have faded.  I have used a lot of sealants, and the one I used for this project has sealed other acrylic, outdoor art, and has lasted for over 2 years.  Thus I know the sealant used was not the issue.  Now an entire school is going to be disappointed when they return from summer break to see that all their beautiful art has faded.  I DO NOT recommend this product.  If only I could get my money back but it's the students' disappointment that will be tougher to bear.  :("
11778,多表面diy/定制群,B01N5HUE1P,ARTISTRO,US,5,流畅性,负面-出墨过多/漏墨,bleed through,"Used these to paint some peg dolls for my daughter. You need a base coat in brushed paint if youre painting on wood and don't want it to bleed through the grains. I also found that some of the colours didn't mix properly even after many attempts (the white of the paint got stuck in part of the pen so only an inky colour was coming out, not mixed paint).<br>Overall really nice finish though and easy to use. A bit expensive, and not sure whether they will dry up soon or not. But fun for projects like this!"
11778,多表面diy/定制群,B01N5HUE1P,ARTISTRO,US,5,性价比,负面-价格昂贵,expensive,"Used these to paint some peg dolls for my daughter. You need a base coat in brushed paint if youre painting on wood and don't want it to bleed through the grains. I also found that some of the colours didn't mix properly even after many attempts (the white of the paint got stuck in part of the pen so only an inky colour was coming out, not mixed paint).<br>Overall really nice finish though and easy to use. A bit expensive, and not sure whether they will dry up soon or not. But fun for projects like this!"
11818,多表面diy/定制群,B01N5HUE1P,ARTISTRO,US,5,笔头耐用性,负面-寿命不匹配,dried up,"Had these for a year now and I used them on shot glasses to make custom designs on the glass<br>I recommend dealing with mod podge or nail polish if you’re on a budget, the colors are great. Pens worked well. Dried up in expected time, doesn’t take forever just don’t over do it to prevent drip and don’t touch it! Ha<br>Even used it on canvas bags and was able to draw with detail.<br>Thank you!!"
12012,儿童/课堂使用群,B01N5HUE1P,ARTISTRO,US,5,色彩饱和度与混合,负面-暗淡/褪色,faded,These are so great! Nice rich color to each one. My kids traced their handprints on a large stone and wrote their dad a message for his birthday a few months ago. The colors have not faded at all despite being outside
12060,多表面diy/定制群,B01N5HUE1P,ARTISTRO,US,5,笔头耐用性,负面-寿命不匹配,dry out,"Markers are really easy to use. I like that you can go over top with another color once the first color is dry. I don’t think they are sheer/transparent, they show the colors well. I like that the barrels are transparent so you can see the paint level. Have only tried them on canvas but expect them to work well for my rock painting. Good value if they don’t dry out prematurely. Recommend."
12063,多表面diy/定制群,B01N5HUE1P,ARTISTRO,US,4,流畅性,负面-出墨过多/漏墨,splatter,I really like these. I use them for rock painting. I have a smaller tipped set for detail and use this set for larger areas and shading. They dont leak and are easily cleaned up. They splatter a bit when the surface of what your using them on is rough but still really like them.
12145,多表面diy/定制群,B01N5HUE1P,ARTISTRO,US,2,墨水特性,负面-易褪色/不防水,not permanent,"Mixed reviews here about whether it is water resistant or not. Please take my advice - it is NOT water resistant. At least not on ceramics. I painted a mug and left it for 24 hours. I then baked it in the oven. One use of the mug and a gentle wash and the paint was coming off. One further use and wash and there is no paint left on the mug. I'm going to try it again, this time finishing with a gloss to see if that protects it. But basically pens are not permanent if used on something that needs washing (even if you don't scrub it. And even if all instructions followed properly)."
12251,多表面diy/定制群,B01N5HUE1P,ARTISTRO,US,5,色彩饱和度与混合,负面-暗淡/褪色,faded,Bought for painting on rocks with the children and leaving out for others to find. We did not use any varnish and tested these in the garden in all weathers and the colours were still lovely if a little faded. We have had lots of use out of one pack. Not great for little details but the kids love them and I have done some lovely spotty rocks etc myself too. These were recommended to me and I would recommend them!
12256,多表面diy/定制群,B01N5HUE1P,ARTISTRO,US,2,笔身与易用性,负面-材质/做工差,poorly made,"I used these paint markers on smooth, sanded wood. I have a small business making custom wood signs and thought I would give these acrylic paint markers a try. The tips of these markers started to shred apart and leave little pieces of fuzzies in my paint. I also tried using them on plastic padded envelopes for shipping and the same thing happened. The colors are great and vibrant but the tips are poorly made."
12260,儿童/课堂使用群,B01N5HUE1P,ARTISTRO,US,2,墨水特性,负面-干燥慢/易涂抹,slow to dry,They bleed and run on unfinished wood and are slow to dry so it’s difficult to add one color on top of the next. You would have to be very patient using these so I would not suggest them for children or young people.The colors are very vivid and fill in nicely.
12271,多表面diy/定制群,B01N5HUE1P,ARTISTRO,US,3,色彩饱和度与混合,负面-遮盖力差/透明,watered down,"In the set that I got, blue, purple and pink went dry shortly after use, no matter how much I shake them before use. Orange never shows up well when I paint smooth rocks, it looks like a watered down brown, even though it shows fine on paper.If you intend on painting on rocks , I don’t recommend this one."
12324,多表面diy/定制群,B01N5HUE1P,ARTISTRO,US,4,色彩饱和度与混合,负面-遮盖力差/透明,runny,Some of the paints are nice and opaque. Others are oddly see-through. Also some are runny and bleed which doesn’t make the best results. Both issues are in my attached photo. Only this product was used to paint these rocks
12411,多表面diy/定制群,B01N5HUE1P,ARTISTRO,US,4,笔头耐用性,负面-寿命不匹配,dried out,"1-2 markers were already dried out when arrived but we love the ones that work. We’ve used them on rocks, paper, and canvas so far. Have to pump the tip of the pen to get the paint to come out other than that they are great."
12418,多表面diy/定制群,B01N5HUE1P,ARTISTRO,US,5,色彩饱和度与混合,负面-遮盖力差/透明,see through,"Got my markers in the mail today, so I went and picked up 2 dollartree ceramic mugs and a glass oil bottle to test out the markers.Priming the tips was mildly tedious, but once they're primed, they are amazing. They write and doodle just like regular markers. Also, the markers are see through, so you can see how much paint is still in them.Will be baking them tomorrow night before bed, so I'll be back to share how each faired through the baking process!So far, all's well"
12418,多表面diy/定制群,B01N5HUE1P,ARTISTRO,US,5,绘画表现,负面-过于透明/覆盖力差,see through,"Got my markers in the mail today, so I went and picked up 2 dollartree ceramic mugs and a glass oil bottle to test out the markers.Priming the tips was mildly tedious, but once they're primed, they are amazing. They write and doodle just like regular markers. Also, the markers are see through, so you can see how much paint is still in them.Will be baking them tomorrow night before bed, so I'll be back to share how each faired through the baking process!So far, all's well"
12429,多表面diy/定制群,B01N5HUE1P,ARTISTRO,US,5,色彩饱和度与混合,负面-暗淡/褪色,pale,"Bright, pretty colors. The pink is a pale, soft pastel. The gold looks like gilding—wow! Paint flow is excellent. I use them for rock painting. I varnished my finished rocks the same day with a brush-on clear-acrylic varnish, and had no trouble at all with bleeding colors. The pen barrel is clear, so you can see how much paint is left. Great product. I will purchase again!"
12476,多表面diy/定制群,B01N5HUE1P,ARTISTRO,US,2,笔头表现,负面-细节控制差,too thick,"Can’t really use for painting on stones and rocks as they are too thick. Not really good at colouring large areas either.Good colours, I just have no use for them."
12476,多表面diy/定制群,B01N5HUE1P,ARTISTRO,US,2,笔身与易用性,负面-握持不适,too thick,"Can’t really use for painting on stones and rocks as they are too thick. Not really good at colouring large areas either.Good colours, I just have no use for them."
12572,儿童/课堂使用群,B06ZYKRQJQ,posca,US,4,色彩饱和度与混合,负面-遮盖力差/透明,watery,"I bought these markers for my son, and we tried them yesterday.I can't say how long they'll last since we just started using them, but I want to mention that the colors are really bright and nice. However, you have to be careful when you activate them because each marker we used had some waste. We tried to use up the extra ink with brushes, but there was still some waste, especially with colors we needed for small details.With the amount that's wasted, I was able to cover about 20-30% of a paper. Overall, the final result looks good, but considering how expensive these markers are, I expected there to be less or no waste.Also, some markers were more watery than others. But the quality, in general, is great."
12572,儿童/课堂使用群,B06ZYKRQJQ,posca,US,4,性价比,负面-价格昂贵,expensive,"I bought these markers for my son, and we tried them yesterday.I can't say how long they'll last since we just started using them, but I want to mention that the colors are really bright and nice. However, you have to be careful when you activate them because each marker we used had some waste. We tried to use up the extra ink with brushes, but there was still some waste, especially with colors we needed for small details.With the amount that's wasted, I was able to cover about 20-30% of a paper. Overall, the final result looks good, but considering how expensive these markers are, I expected there to be less or no waste.Also, some markers were more watery than others. But the quality, in general, is great."
12590,填色/大面积上色群,B06ZYKRQJQ,posca,US,4,色彩饱和度与混合,负面-暗淡/褪色,dull,"This is my second time purchasing these markers. I do personalized canvasses for people and these work like a dream. I prefer it over any paint marker brand out there. Provides a nice full fill when coloring and paint dries quickly. The colors were beautiful. The metallic ones were the most realistic ones I could find. Usually other brands make the metallic colors either too dark and dull or unrealistically bright. This brand found the perfect balance between the two. Also wonderful for blending. Just make sure to shake it before use, and press down the nib when it dries. The only thing I disliked was how much paint would leak out when pressing down the nib. Sometimes a whole glob of paint would come out. Overall a great product useful for all surfaces. When these run out I will definitely purchase again."
12695,多表面diy/定制群,B06ZYKRQJQ,posca,US,5,容量,负面-容量小/消耗快,runs out fast,I’ve been making little 4”x4” wood paintings with the Posca markers and I LOVE THEMI think the paint runs out faster on the wood since it absorbs into the wood but I have also never painted on wood with marker or traditional paint so maybe it’s just me 😅
12771,多表面diy/定制群,B06ZYKRQJQ,posca,US,5,墨水特性,负面-消耗快,run out of paint,If you are into rock painting then you need these markers!!! They blend well and dry quickly.  I've had these for awhile now and they have yet to run out of paint. The colors are very vibrant and even my 4 yr old uses them with me.  This is so much easier than getting paint out and cleaning brushes.
12866,纸面手账/装饰书写群,B06ZYKRQJQ,posca,US,5,笔头耐用性,负面-寿命不匹配,dried out,"When I purchased these, it worked out to be about $2.02 per marker, which is a good $1.50 cheaper than most other sellers and stores price POSCAs at.I received 29 unique colors: a box of the 15 standard range colors, a box of the 7 pastel/natural range colors, and 7 individually sealed markers comprising the five colors in the dark range and the two select metallic colors.The PS-5C is a good nib size for filling in broader areas, lettering, and sticker-size work. You won't be able to achieve too much fine detail with these; however, I think they are a very good ""starter"" set that you can supplement with 3Cs or 1Cs as needed.The markers themselves worked beautifully and as expected. All have fresh white nibs and show no sign of previous use. I didn't have any issues with the markers seeming dried out or spilling blobs all over the page. I primed my markers as follows: (1) uncap upright marker and depress nib with finger, (2) shake upright for 30 s, (3) gently depress nib on paper about 30 times until ink filters into and saturates nib.I definitely will be purchasing future sets from here as the price is unbeatable and the quality is equal to those bought at any fine art store. They are Japan imports, so the marker barrel is written in Japanese, but considering that many other fine art brands are Japan imports branded in Japanese, I don't see this as an issue. For me, it matches the rest of my supplies."
12889,精细绘画/插画创作群,B06ZYKRQJQ,posca,US,5,笔身与易用性,负面-材质/做工差,break,Christmas giving is sometimes hard even when you know your grandchildren .My 11 year old budding artist requested this gift in particular.I added multimedia sketch pad and a folder to store completed works.It was a slam dunk!!  She began sketching under the tree as breakfast was prepared!
13102,多表面diy/定制群,B06ZYKRQJQ,posca,US,5,笔头耐用性,负面-寿命不匹配,dry out,"These are the best paint pens I’ve ever found! They are good on wood, canvas, and glass. They last longer than other pens I’ve tried and they don’t dry out!"
13143,多表面diy/定制群,B06ZYKRQJQ,posca,US,5,色彩饱和度与混合,负面-遮盖力差/透明,watery,Bought these because I was recommended them for rock painting. They are the best I have used. I was unsure what size to get so I got the large tip and extra fine tip. You would be fine with fine tip. The large ones are great for filling in but other than that. Hard to work with. Also have noticed my extra fine get a little watery after not using them for a few days. Have to remember to shake it up more but because I have had them splatter paint all over myself.
13143,多表面diy/定制群,B06ZYKRQJQ,posca,US,5,流畅性,负面-出墨过多/漏墨,splatter,Bought these because I was recommended them for rock painting. They are the best I have used. I was unsure what size to get so I got the large tip and extra fine tip. You would be fine with fine tip. The large ones are great for filling in but other than that. Hard to work with. Also have noticed my extra fine get a little watery after not using them for a few days. Have to remember to shake it up more but because I have had them splatter paint all over myself.
13152,儿童/课堂使用群,B06ZYKRQJQ,posca,US,5,色彩一致性,负面-颜色偏差,color different,"The main reason i got them was for my son, needed them for a few drawings he is doing to participate in a Students Art's Fest at school. Also he uses them to draw and color different stuff, etc, even my 4 year old girl can use them with no problems and I don't have to worry about painting spilled everywhere or such, as they used to with regular watercolors. Great product."
13198,多表面diy/定制群,B06ZYKRQJQ,posca,US,3,色彩饱和度与混合,负面-暗淡/褪色,faded,I bought these to use on garden rocks. Even sprayed the rocks with a uv protection sealer and the colors faded in a week. The cheap ones I bought a couple of years ago are way better as far as staying power they don’t flow as well as the posca pens but they were a better value for the money. Only buy if they are for indoors.
13256,多表面diy/定制群,B06ZYKRQJQ,posca,US,2,性价比,负面-价格昂贵,expensive,"Definitely I do not recommend this product. They dry-out. Expensive in my opinion but my 9yrs old boy wanted to paint rocks, so I bought them.  Also they bring the same pink color twice so you may think you are getting different colors but No! They double the pink shades. So you end-up with a lot of pink paint markers."
13267,儿童/课堂使用群,B06ZYKRQJQ,posca,US,1,流畅性,负面-出墨过多/漏墨,leaked | leaked all over,I bought this for a trip for my grandchildren they leaked all over. I think I got a very bad batch
13267,儿童/课堂使用群,B06ZYKRQJQ,posca,US,1,购买与服务体验,负面-运输/损坏,leaked all over,I bought this for a trip for my grandchildren they leaked all over. I think I got a very bad batch
13394,多表面diy/定制群,B06ZYKRQJQ,posca,US,5,性价比,负面-价格昂贵,pricey,"I use Posca pens for painting rocks.  They go on nice, they coat well and dry quickly.  They are pricey but worth it."
13484,精细绘画/插画创作群,B06ZYTZXG2,posca,US,5,流畅性,负面-干涩/刮纸/断墨,skipping,I love my set of Posca paint pensThe size of the tip 3m is good for details and filling large spacesThis is my first time using these pensThe paint flow is good and even There is no skipping nor is there bleeding. The paint pen does not soak through to the other side of your paperI am using them on a paper mache moon and I like that the paint does not get soaked up by the paper mache.  These pens are wonderful
13536,多表面diy/定制群,B06ZYTZXG2,posca,US,5,色彩饱和度与混合,负面-暗淡/褪色,dull,I purchased these for painting rocks and I absolutely love them!! I've purchased more that one set. The tips are strong and don't dull on the rocks.
13548,多表面diy/定制群,B06ZYTZXG2,posca,US,3,外观与包装,负面-包装廉价/易损坏,damaged box,So it appears all are opened pens but 6 of them. Just got them today and was a little bummed. We use and LOVE posa pens and recommend them to everyone who attends our rock painting events. First time ever having a problem like this. We did get a leaking damaged box years ago.
13549,儿童/课堂使用群,B06ZYTZXG2,posca,US,1,笔头耐用性,负面-寿命不匹配,dried out,"I bought these for my daughter for Christmas. She had been asking for these for over a year but they were expensive so I had them on my list waiting for them to go on sale. They finally did so I got them. When the markers work, they look awesome but they only last for a few coloring projects before going dry. She took really good care of them too, capped them when she was done and kept them tip down. Another thing that was strange was the colors would eliminate the border lines.I'm very disappointed how quickly they dried out for how expensive they were."
13549,儿童/课堂使用群,B06ZYTZXG2,posca,US,1,性价比,负面-价格昂贵,expensive,"I bought these for my daughter for Christmas. She had been asking for these for over a year but they were expensive so I had them on my list waiting for them to go on sale. They finally did so I got them. When the markers work, they look awesome but they only last for a few coloring projects before going dry. She took really good care of them too, capped them when she was done and kept them tip down. Another thing that was strange was the colors would eliminate the border lines.I'm very disappointed how quickly they dried out for how expensive they were."
13583,填色/大面积上色群,B06ZYTZXG2,posca,US,1,笔头耐用性,负面-寿命不匹配,dried out,"The Posca Markers I received were old and mostly dried out. I didn't return them because I needed them for a project, but their overall life expectancy is anticipated to be very low (if I didn't look up how to fix the issue), as the paint flow is pitiful and the nibs are brittle.The Fix - If you don't feel like reading, search on YouTube for ""How To Refill or Recycle Posca Paint Pens."" I took a pair of plyers and opened each marker by taking the cap off and screwing the top clockwise (in the opposite direction that you would expect to turn to open it), removing the clear plastic piece, and filling the marker with water. Once that was done I put the marker back together, screwed the top back on, put the cap on, and shook vigorously to break up and reconstitute the dried paint, and it worked!However, this was a long and messy process, and no one should have to pay money for an item they expect to work as advertised, and I didn't find this fix until after I finished my project. The amount of trust I have with Amazon and its sellers have dwindled to non-existent, not just with art supplies, but throughout all departments. Personally, I'm sticking with either ordering from Blick, or finding a 40% off coupon and heading to Michaels for now on because the two day shipping just isn't enough for me to want to put up with this crap anymore."
13583,填色/大面积上色群,B06ZYTZXG2,posca,US,1,笔身与易用性,负面-材质/做工差,break,"The Posca Markers I received were old and mostly dried out. I didn't return them because I needed them for a project, but their overall life expectancy is anticipated to be very low (if I didn't look up how to fix the issue), as the paint flow is pitiful and the nibs are brittle.The Fix - If you don't feel like reading, search on YouTube for ""How To Refill or Recycle Posca Paint Pens."" I took a pair of plyers and opened each marker by taking the cap off and screwing the top clockwise (in the opposite direction that you would expect to turn to open it), removing the clear plastic piece, and filling the marker with water. Once that was done I put the marker back together, screwed the top back on, put the cap on, and shook vigorously to break up and reconstitute the dried paint, and it worked!However, this was a long and messy process, and no one should have to pay money for an item they expect to work as advertised, and I didn't find this fix until after I finished my project. The amount of trust I have with Amazon and its sellers have dwindled to non-existent, not just with art supplies, but throughout all departments. Personally, I'm sticking with either ordering from Blick, or finding a 40% off coupon and heading to Michaels for now on because the two day shipping just isn't enough for me to want to put up with this crap anymore."
13850,纸面手账/装饰书写群,B06ZYTZXG2,posca,US,5,色彩饱和度与混合,负面-遮盖力差/透明,watery,These are so cool! I use them for my journaling and it makes my doodles pop compared to regular markers . The silver and gold ones tend to come out a bit watery but you got to make sure you shake well:)
13885,多表面diy/定制群,B06ZYTZXG2,posca,US,5,色彩饱和度与混合,负面-遮盖力差/透明,watery | streaky,"If you’re an artist, crafter, or just someone who loves to add a splash of color to life, the **24 Posca Paint Markers** are about to become your new best friends. These aren’t just markers—they’re a creative revolution in a box! Whether you’re doodling on fabric, sketching on canvas, or turning your sneakers into wearable art, these acrylic paint pens are here to make your imagination run wild.### **What’s in the Box?**First off, let’s talk about the sheer joy of unboxing this set. You get **24 vibrant colors** that cover every shade you could possibly need. From bold primaries to soft pastels, this collection is like a rainbow in marker form. Each pen features **reversible tips** (3M fine and broad), so you can switch between precision detailing and bold, sweeping strokes with ease. It’s like having two markers in one—genius!### **Why Posca Markers Are a Game-Changer**1. **Versatility on Steroids**: These markers work on *everything*. Paper? Check. Fabric? Check. Glass, wood, metal, plastic, rocks, even your old denim jacket? Triple check! They’re like the Swiss Army knife of art supplies.2. **Acrylic Paint That Pops**: The pigment is rich, opaque, and vibrant. No more streaky, watery mess—just smooth, consistent color that dries quickly and stays put. Plus, it’s water-based and non-toxic, so you can create without worrying about fumes or mess.3. **Reversible Tips for the Win**: The fine tip is perfect for intricate details (think: tiny flowers, lettering, or shading), while the broad tip is ideal for filling in larger areas or making bold statements. Switching between them is as easy as a click.4. **Long-Lasting and Reliable**: These markers don’t dry out easily, even if you forget to cap them (we’ve all been there). The paint flows smoothly, and the nibs are durable, so you won’t have to worry about fraying or clogging.### **Fun Ways to Use Posca Markers**- **Customize Everything**: Turn plain tote bags into statement pieces, personalize mugs, or jazz up your phone case. The possibilities are endless!- **Rock Painting**: Yes, it’s a thing, and Posca markers are perfect for it. Create little masterpieces to hide around your neighborhood or use as paperweights.- **Fabric Art**: These markers are fabric-friendly, so you can design your own T-shirts, shoes, or even curtains. Just heat-set your design, and it’s washable!- **Mixed Media Magic**: Combine them with other art supplies like watercolors, pastels, or ink for stunning mixed-media projects.### **The Downsides?**Honestly, there aren’t many. The only “issue” is that once you start using these, you’ll want to buy more colors. It’s addictive. Also, if you’re heavy-handed, you might go through the paint faster, but that’s just a sign of how much fun you’re having.### **Final Verdict**The **24 Posca Paint Markers** are worth every penny. They’re high-quality, versatile, and downright fun to use. Whether you’re a professional artist or a weekend DIY enthusiast, these markers will elevate your creativity to new heights. Plus, they make an amazing gift for anyone who loves art (or needs a little push to unleash their inner Picasso).So, what are you waiting for? Grab this set, unleash your creativity, and let the world see what you can do with a little Posca magic. Trust me, your art supplies collection will thank you! 🎨✨Rating: ⭐⭐⭐⭐⭐ (5/5 stars)**Posca Markers: Because life’s waaay too short for boring art."
13885,多表面diy/定制群,B06ZYTZXG2,posca,US,5,笔头耐用性,负面-磨损/分叉,fray | fraying,"If you’re an artist, crafter, or just someone who loves to add a splash of color to life, the **24 Posca Paint Markers** are about to become your new best friends. These aren’t just markers—they’re a creative revolution in a box! Whether you’re doodling on fabric, sketching on canvas, or turning your sneakers into wearable art, these acrylic paint pens are here to make your imagination run wild.### **What’s in the Box?**First off, let’s talk about the sheer joy of unboxing this set. You get **24 vibrant colors** that cover every shade you could possibly need. From bold primaries to soft pastels, this collection is like a rainbow in marker form. Each pen features **reversible tips** (3M fine and broad), so you can switch between precision detailing and bold, sweeping strokes with ease. It’s like having two markers in one—genius!### **Why Posca Markers Are a Game-Changer**1. **Versatility on Steroids**: These markers work on *everything*. Paper? Check. Fabric? Check. Glass, wood, metal, plastic, rocks, even your old denim jacket? Triple check! They’re like the Swiss Army knife of art supplies.2. **Acrylic Paint That Pops**: The pigment is rich, opaque, and vibrant. No more streaky, watery mess—just smooth, consistent color that dries quickly and stays put. Plus, it’s water-based and non-toxic, so you can create without worrying about fumes or mess.3. **Reversible Tips for the Win**: The fine tip is perfect for intricate details (think: tiny flowers, lettering, or shading), while the broad tip is ideal for filling in larger areas or making bold statements. Switching between them is as easy as a click.4. **Long-Lasting and Reliable**: These markers don’t dry out easily, even if you forget to cap them (we’ve all been there). The paint flows smoothly, and the nibs are durable, so you won’t have to worry about fraying or clogging.### **Fun Ways to Use Posca Markers**- **Customize Everything**: Turn plain tote bags into statement pieces, personalize mugs, or jazz up your phone case. The possibilities are endless!- **Rock Painting**: Yes, it’s a thing, and Posca markers are perfect for it. Create little masterpieces to hide around your neighborhood or use as paperweights.- **Fabric Art**: These markers are fabric-friendly, so you can design your own T-shirts, shoes, or even curtains. Just heat-set your design, and it’s washable!- **Mixed Media Magic**: Combine them with other art supplies like watercolors, pastels, or ink for stunning mixed-media projects.### **The Downsides?**Honestly, there aren’t many. The only “issue” is that once you start using these, you’ll want to buy more colors. It’s addictive. Also, if you’re heavy-handed, you might go through the paint faster, but that’s just a sign of how much fun you’re having.### **Final Verdict**The **24 Posca Paint Markers** are worth every penny. They’re high-quality, versatile, and downright fun to use. Whether you’re a professional artist or a weekend DIY enthusiast, these markers will elevate your creativity to new heights. Plus, they make an amazing gift for anyone who loves art (or needs a little push to unleash their inner Picasso).So, what are you waiting for? Grab this set, unleash your creativity, and let the world see what you can do with a little Posca magic. Trust me, your art supplies collection will thank you! 🎨✨Rating: ⭐⭐⭐⭐⭐ (5/5 stars)**Posca Markers: Because life’s waaay too short for boring art."
13885,多表面diy/定制群,B06ZYTZXG2,posca,US,5,笔头耐用性,负面-寿命不匹配,dry out,"If you’re an artist, crafter, or just someone who loves to add a splash of color to life, the **24 Posca Paint Markers** are about to become your new best friends. These aren’t just markers—they’re a creative revolution in a box! Whether you’re doodling on fabric, sketching on canvas, or turning your sneakers into wearable art, these acrylic paint pens are here to make your imagination run wild.### **What’s in the Box?**First off, let’s talk about the sheer joy of unboxing this set. You get **24 vibrant colors** that cover every shade you could possibly need. From bold primaries to soft pastels, this collection is like a rainbow in marker form. Each pen features **reversible tips** (3M fine and broad), so you can switch between precision detailing and bold, sweeping strokes with ease. It’s like having two markers in one—genius!### **Why Posca Markers Are a Game-Changer**1. **Versatility on Steroids**: These markers work on *everything*. Paper? Check. Fabric? Check. Glass, wood, metal, plastic, rocks, even your old denim jacket? Triple check! They’re like the Swiss Army knife of art supplies.2. **Acrylic Paint That Pops**: The pigment is rich, opaque, and vibrant. No more streaky, watery mess—just smooth, consistent color that dries quickly and stays put. Plus, it’s water-based and non-toxic, so you can create without worrying about fumes or mess.3. **Reversible Tips for the Win**: The fine tip is perfect for intricate details (think: tiny flowers, lettering, or shading), while the broad tip is ideal for filling in larger areas or making bold statements. Switching between them is as easy as a click.4. **Long-Lasting and Reliable**: These markers don’t dry out easily, even if you forget to cap them (we’ve all been there). The paint flows smoothly, and the nibs are durable, so you won’t have to worry about fraying or clogging.### **Fun Ways to Use Posca Markers**- **Customize Everything**: Turn plain tote bags into statement pieces, personalize mugs, or jazz up your phone case. The possibilities are endless!- **Rock Painting**: Yes, it’s a thing, and Posca markers are perfect for it. Create little masterpieces to hide around your neighborhood or use as paperweights.- **Fabric Art**: These markers are fabric-friendly, so you can design your own T-shirts, shoes, or even curtains. Just heat-set your design, and it’s washable!- **Mixed Media Magic**: Combine them with other art supplies like watercolors, pastels, or ink for stunning mixed-media projects.### **The Downsides?**Honestly, there aren’t many. The only “issue” is that once you start using these, you’ll want to buy more colors. It’s addictive. Also, if you’re heavy-handed, you might go through the paint faster, but that’s just a sign of how much fun you’re having.### **Final Verdict**The **24 Posca Paint Markers** are worth every penny. They’re high-quality, versatile, and downright fun to use. Whether you’re a professional artist or a weekend DIY enthusiast, these markers will elevate your creativity to new heights. Plus, they make an amazing gift for anyone who loves art (or needs a little push to unleash their inner Picasso).So, what are you waiting for? Grab this set, unleash your creativity, and let the world see what you can do with a little Posca magic. Trust me, your art supplies collection will thank you! 🎨✨Rating: ⭐⭐⭐⭐⭐ (5/5 stars)**Posca Markers: Because life’s waaay too short for boring art."
13885,多表面diy/定制群,B06ZYTZXG2,posca,US,5,绘画表现,负面-涂色不均,streak | streaky,"If you’re an artist, crafter, or just someone who loves to add a splash of color to life, the **24 Posca Paint Markers** are about to become your new best friends. These aren’t just markers—they’re a creative revolution in a box! Whether you’re doodling on fabric, sketching on canvas, or turning your sneakers into wearable art, these acrylic paint pens are here to make your imagination run wild.### **What’s in the Box?**First off, let’s talk about the sheer joy of unboxing this set. You get **24 vibrant colors** that cover every shade you could possibly need. From bold primaries to soft pastels, this collection is like a rainbow in marker form. Each pen features **reversible tips** (3M fine and broad), so you can switch between precision detailing and bold, sweeping strokes with ease. It’s like having two markers in one—genius!### **Why Posca Markers Are a Game-Changer**1. **Versatility on Steroids**: These markers work on *everything*. Paper? Check. Fabric? Check. Glass, wood, metal, plastic, rocks, even your old denim jacket? Triple check! They’re like the Swiss Army knife of art supplies.2. **Acrylic Paint That Pops**: The pigment is rich, opaque, and vibrant. No more streaky, watery mess—just smooth, consistent color that dries quickly and stays put. Plus, it’s water-based and non-toxic, so you can create without worrying about fumes or mess.3. **Reversible Tips for the Win**: The fine tip is perfect for intricate details (think: tiny flowers, lettering, or shading), while the broad tip is ideal for filling in larger areas or making bold statements. Switching between them is as easy as a click.4. **Long-Lasting and Reliable**: These markers don’t dry out easily, even if you forget to cap them (we’ve all been there). The paint flows smoothly, and the nibs are durable, so you won’t have to worry about fraying or clogging.### **Fun Ways to Use Posca Markers**- **Customize Everything**: Turn plain tote bags into statement pieces, personalize mugs, or jazz up your phone case. The possibilities are endless!- **Rock Painting**: Yes, it’s a thing, and Posca markers are perfect for it. Create little masterpieces to hide around your neighborhood or use as paperweights.- **Fabric Art**: These markers are fabric-friendly, so you can design your own T-shirts, shoes, or even curtains. Just heat-set your design, and it’s washable!- **Mixed Media Magic**: Combine them with other art supplies like watercolors, pastels, or ink for stunning mixed-media projects.### **The Downsides?**Honestly, there aren’t many. The only “issue” is that once you start using these, you’ll want to buy more colors. It’s addictive. Also, if you’re heavy-handed, you might go through the paint faster, but that’s just a sign of how much fun you’re having.### **Final Verdict**The **24 Posca Paint Markers** are worth every penny. They’re high-quality, versatile, and downright fun to use. Whether you’re a professional artist or a weekend DIY enthusiast, these markers will elevate your creativity to new heights. Plus, they make an amazing gift for anyone who loves art (or needs a little push to unleash their inner Picasso).So, what are you waiting for? Grab this set, unleash your creativity, and let the world see what you can do with a little Posca magic. Trust me, your art supplies collection will thank you! 🎨✨Rating: ⭐⭐⭐⭐⭐ (5/5 stars)**Posca Markers: Because life’s waaay too short for boring art."
13885,多表面diy/定制群,B06ZYTZXG2,posca,US,5,表面/介质表现,负面-在石头上表现差,streaky,"If you’re an artist, crafter, or just someone who loves to add a splash of color to life, the **24 Posca Paint Markers** are about to become your new best friends. These aren’t just markers—they’re a creative revolution in a box! Whether you’re doodling on fabric, sketching on canvas, or turning your sneakers into wearable art, these acrylic paint pens are here to make your imagination run wild.### **What’s in the Box?**First off, let’s talk about the sheer joy of unboxing this set. You get **24 vibrant colors** that cover every shade you could possibly need. From bold primaries to soft pastels, this collection is like a rainbow in marker form. Each pen features **reversible tips** (3M fine and broad), so you can switch between precision detailing and bold, sweeping strokes with ease. It’s like having two markers in one—genius!### **Why Posca Markers Are a Game-Changer**1. **Versatility on Steroids**: These markers work on *everything*. Paper? Check. Fabric? Check. Glass, wood, metal, plastic, rocks, even your old denim jacket? Triple check! They’re like the Swiss Army knife of art supplies.2. **Acrylic Paint That Pops**: The pigment is rich, opaque, and vibrant. No more streaky, watery mess—just smooth, consistent color that dries quickly and stays put. Plus, it’s water-based and non-toxic, so you can create without worrying about fumes or mess.3. **Reversible Tips for the Win**: The fine tip is perfect for intricate details (think: tiny flowers, lettering, or shading), while the broad tip is ideal for filling in larger areas or making bold statements. Switching between them is as easy as a click.4. **Long-Lasting and Reliable**: These markers don’t dry out easily, even if you forget to cap them (we’ve all been there). The paint flows smoothly, and the nibs are durable, so you won’t have to worry about fraying or clogging.### **Fun Ways to Use Posca Markers**- **Customize Everything**: Turn plain tote bags into statement pieces, personalize mugs, or jazz up your phone case. The possibilities are endless!- **Rock Painting**: Yes, it’s a thing, and Posca markers are perfect for it. Create little masterpieces to hide around your neighborhood or use as paperweights.- **Fabric Art**: These markers are fabric-friendly, so you can design your own T-shirts, shoes, or even curtains. Just heat-set your design, and it’s washable!- **Mixed Media Magic**: Combine them with other art supplies like watercolors, pastels, or ink for stunning mixed-media projects.### **The Downsides?**Honestly, there aren’t many. The only “issue” is that once you start using these, you’ll want to buy more colors. It’s addictive. Also, if you’re heavy-handed, you might go through the paint faster, but that’s just a sign of how much fun you’re having.### **Final Verdict**The **24 Posca Paint Markers** are worth every penny. They’re high-quality, versatile, and downright fun to use. Whether you’re a professional artist or a weekend DIY enthusiast, these markers will elevate your creativity to new heights. Plus, they make an amazing gift for anyone who loves art (or needs a little push to unleash their inner Picasso).So, what are you waiting for? Grab this set, unleash your creativity, and let the world see what you can do with a little Posca magic. Trust me, your art supplies collection will thank you! 🎨✨Rating: ⭐⭐⭐⭐⭐ (5/5 stars)**Posca Markers: Because life’s waaay too short for boring art."
13912,精细绘画/插画创作群,B06ZYTZXG2,posca,US,2,笔身与易用性,负面-材质/做工差,flimsy,"I can’t say anything about the pens themselves since what I bought is a gift I have not yet given to my granddaughter.  What I am disappointed in is the way it is packaged for starters.  I ordered what I thought was a “set” of 24 pens, which was written up as a “Bundle Set.”  I expected them to come together in an envelope or box.  Instead I received 15 in a flimsy, dented box, another 7 in a totally different box and 2 loose pens.  For the money, I want these to come in a sturdy storage box where they all can be displayed, used and stored together.  Another thing, there are no directions in English, all in Japanese.  There are some illustrations on back of one of the boxes with 17 accompanying bullet points which would be very helpful to be able to read."
13912,精细绘画/插画创作群,B06ZYTZXG2,posca,US,2,外观与包装,负面-标签与真伪争议 (针对海外版/进口版),no directions in english,"I can’t say anything about the pens themselves since what I bought is a gift I have not yet given to my granddaughter.  What I am disappointed in is the way it is packaged for starters.  I ordered what I thought was a “set” of 24 pens, which was written up as a “Bundle Set.”  I expected them to come together in an envelope or box.  Instead I received 15 in a flimsy, dented box, another 7 in a totally different box and 2 loose pens.  For the money, I want these to come in a sturdy storage box where they all can be displayed, used and stored together.  Another thing, there are no directions in English, all in Japanese.  There are some illustrations on back of one of the boxes with 17 accompanying bullet points which would be very helpful to be able to read."
13955,多表面diy/定制群,B06ZYTZXG2,posca,US,5,笔头耐用性,负面-磨损/分叉,wear down the tip,"I've uploaded several of the rocks I've painted using Posca pens. They last a good long while, only thing with rocks is the surface can be a little rough and wear down the tip. I suggest buying a pack of replacement tips if you're using these pens for rock painting. But also try and select the smoothest rock you can find."
13959,纸面手账/装饰书写群,B06ZYTZXG2,posca,US,5,笔头表现,负面-笔头磨损分叉,frayed,"They are quite opaque and I use them to add details, color things in, and to draw directly onto my art. I use black a lot and the tip is getting a little frayed so I may need a new one to do lettering so it doesn't look fuzzy. I don't think I've even used all the colors yet but I'm having a lot of fun with them."
13959,纸面手账/装饰书写群,B06ZYTZXG2,posca,US,5,笔头耐用性,负面-磨损/分叉,fray,"They are quite opaque and I use them to add details, color things in, and to draw directly onto my art. I use black a lot and the tip is getting a little frayed so I may need a new one to do lettering so it doesn't look fuzzy. I don't think I've even used all the colors yet but I'm having a lot of fun with them."
13967,多表面diy/定制群,B06ZYTZXG2,posca,US,5,色彩饱和度与混合,负面-暗淡/褪色,dull,"POSCA is the only way to go for paint markers. Pro tip, flip the paint tip around when one side gets dulled down. I used for a rock painting celebration with over 50 people and they are still going strong."
13979,儿童/课堂使用群,B06ZYTZXG2,posca,US,1,笔头耐用性,负面-寿命不匹配,dried out,"Pens are ALL DRIED OUT. Used these many times. So upset, kids had project due. Returning. I highly suggest not to buy. I tried everything. Only chinese writing on pens not sure expired or not. But absoultley dont work at all and no paint in pens!!"
14000,多表面diy/定制群,B06ZYTZXG2,posca,US,2,容量,负面-容量小/消耗快,running out of ink,I bought this set recently with high hopes for my rock painting hobby.  I’ve used several other brands but heard such praise for Posca.  The quality of the ink is great and the pens are easy to use but I am running out of ink after hardly any use.  The first pen it happened with I figure it was a random fill issue but my third marker just ran out after very little use.  So disappointing to pay a premium for very little ink.
14023,纸面手账/装饰书写群,B06ZYTZXG2,posca,US,5,笔头表现,负面-笔头磨损分叉,frayed,"So I gave in and decided to try acrylic paint pens because I couldn't locate the huge plastic tub of brand new, never opened bottles of acrylic paint. The tub is somewhere in my craft studio, and that place is like a snake pit - I can't find anything! ANYway, I ordered three different sets of Posca Paint Pens - the 0.7 mm extra-fine pen tips and the 1.8/2.5mm medium bullet tip pens., as well as the black and white variety pack (sizes range from 0.7 to 8mm chisel tip to 15mm big mama jama).Takes a bit to get all the wrappers off. Then you need to 'burp' the tip (hold the pen with the tip pointing up, and with your thumb, press down to get rid of the air that's settled between the inner paint skin and the new felt/plastic tip inside where you can't see it). While burping is fun, this is tedious. And can leave you with bruised thumb tips. Yeah. It's a thing.Once they've been burped, the real non-fun part begins: you gotta prime them. You can shake, shake, shake senora, shake it all around, but you should have a piece of notebook paper or old foam core (I used foam core) so that once you've shaken the snot out of them, you can press down on the paper a few dozen times to coax the paint into the tip. Warning: you can and will poke through the foam core board with the fine tip pens, so be sure you're doing this on a surface that you don't care about - otherwise, it'll end up looking like it has the measles once you're done.You've probably read other reviews that say on certain pens you can pull the tips out and turn them around if they become frayed. I saw the same reviews. And I remember thinking, oh great - I'm gonna spend this kind of money on paint pens that aren't gonna last very long at all before I gotta swap the tips, and then have to get more pens sooner than later. Well, lemme tell ya, I've had these for over 2 months, with daily heavy use, and I've only got one tip that I should probably flip but haven't because I can still use it for larger coverage areas. So, don't freak out. They'll last a good long while.One bit of advice I learned was, don't push the pens away from you when drawing/filling/lining with them. The pens want to flow, and they will if you remember to pull them towards you, and pull them gently. Sure, rocks (in my case) have uneven surfaces and textures, but taking it a bit slower when it comes to outlining with a fine tip pen, you'll discover your pen doesn't skip or leave little eyelash-length splats or flecks.Another pointer is, if you're lettering with these pens and you make a mistake/paint blobs out, if you keep a few clean Q-tips/cotton swabs nearby, you can pop one into your mouth to get it a little moist, and swipe away the problem.The very cool thing about Posca Paint Pens is that, once they dry (and they dry very fast! bonus!) you can go right in with another color and have that color show up bright and clear. The pigment is thick and unless you're trying to make white stripes on a solid dark background, one coat will suffice.You *can* blend with the Poscas. Not very well, because they dry so fast. BUT! You CAN put enough paint down by allowing it to puddle/pool a bit with your first color, then come in with the second/lighter shade and swirl/blend to your desired shade. Don't worry if you get color on your pen tip. It'll come right off after a few squigglies on a scrap piece of paper. Do some curly-cues and once the other paint is visually off the tip, press down to get the pen's paint color to come back to the surface. Voila!Read around on other reviews to see how to get dried Posca Paint Pen residue off your clothes. It will come off finished furniture with a little elbow grease and WD-40; unfinished furniture, not so much. This stuff soaks right in and it's impossible to get out - so you might as well just paint the whole tabletop since you've already got your paint out!Hope this was helpful. The Poscas are expensive, but you're getting a high quality product. The writing on the pen's labels is minuscule and in Japanese, and while you're thinking hey, I can keep these in their cute little crayon type upright box, nah forget that noise. Just dump'em in a small plastic container, throw in a few Q-tips and maybe what's left of an old notebook you've had lying around, and then tote the whole thing to your favorite chair, break out the (clean) rocks and start painting!"
14023,纸面手账/装饰书写群,B06ZYTZXG2,posca,US,5,笔头耐用性,负面-磨损/分叉,fray,"So I gave in and decided to try acrylic paint pens because I couldn't locate the huge plastic tub of brand new, never opened bottles of acrylic paint. The tub is somewhere in my craft studio, and that place is like a snake pit - I can't find anything! ANYway, I ordered three different sets of Posca Paint Pens - the 0.7 mm extra-fine pen tips and the 1.8/2.5mm medium bullet tip pens., as well as the black and white variety pack (sizes range from 0.7 to 8mm chisel tip to 15mm big mama jama).Takes a bit to get all the wrappers off. Then you need to 'burp' the tip (hold the pen with the tip pointing up, and with your thumb, press down to get rid of the air that's settled between the inner paint skin and the new felt/plastic tip inside where you can't see it). While burping is fun, this is tedious. And can leave you with bruised thumb tips. Yeah. It's a thing.Once they've been burped, the real non-fun part begins: you gotta prime them. You can shake, shake, shake senora, shake it all around, but you should have a piece of notebook paper or old foam core (I used foam core) so that once you've shaken the snot out of them, you can press down on the paper a few dozen times to coax the paint into the tip. Warning: you can and will poke through the foam core board with the fine tip pens, so be sure you're doing this on a surface that you don't care about - otherwise, it'll end up looking like it has the measles once you're done.You've probably read other reviews that say on certain pens you can pull the tips out and turn them around if they become frayed. I saw the same reviews. And I remember thinking, oh great - I'm gonna spend this kind of money on paint pens that aren't gonna last very long at all before I gotta swap the tips, and then have to get more pens sooner than later. Well, lemme tell ya, I've had these for over 2 months, with daily heavy use, and I've only got one tip that I should probably flip but haven't because I can still use it for larger coverage areas. So, don't freak out. They'll last a good long while.One bit of advice I learned was, don't push the pens away from you when drawing/filling/lining with them. The pens want to flow, and they will if you remember to pull them towards you, and pull them gently. Sure, rocks (in my case) have uneven surfaces and textures, but taking it a bit slower when it comes to outlining with a fine tip pen, you'll discover your pen doesn't skip or leave little eyelash-length splats or flecks.Another pointer is, if you're lettering with these pens and you make a mistake/paint blobs out, if you keep a few clean Q-tips/cotton swabs nearby, you can pop one into your mouth to get it a little moist, and swipe away the problem.The very cool thing about Posca Paint Pens is that, once they dry (and they dry very fast! bonus!) you can go right in with another color and have that color show up bright and clear. The pigment is thick and unless you're trying to make white stripes on a solid dark background, one coat will suffice.You *can* blend with the Poscas. Not very well, because they dry so fast. BUT! You CAN put enough paint down by allowing it to puddle/pool a bit with your first color, then come in with the second/lighter shade and swirl/blend to your desired shade. Don't worry if you get color on your pen tip. It'll come right off after a few squigglies on a scrap piece of paper. Do some curly-cues and once the other paint is visually off the tip, press down to get the pen's paint color to come back to the surface. Voila!Read around on other reviews to see how to get dried Posca Paint Pen residue off your clothes. It will come off finished furniture with a little elbow grease and WD-40; unfinished furniture, not so much. This stuff soaks right in and it's impossible to get out - so you might as well just paint the whole tabletop since you've already got your paint out!Hope this was helpful. The Poscas are expensive, but you're getting a high quality product. The writing on the pen's labels is minuscule and in Japanese, and while you're thinking hey, I can keep these in their cute little crayon type upright box, nah forget that noise. Just dump'em in a small plastic container, throw in a few Q-tips and maybe what's left of an old notebook you've had lying around, and then tote the whole thing to your favorite chair, break out the (clean) rocks and start painting!"
14023,纸面手账/装饰书写群,B06ZYTZXG2,posca,US,5,笔身与易用性,负面-材质/做工差,break,"So I gave in and decided to try acrylic paint pens because I couldn't locate the huge plastic tub of brand new, never opened bottles of acrylic paint. The tub is somewhere in my craft studio, and that place is like a snake pit - I can't find anything! ANYway, I ordered three different sets of Posca Paint Pens - the 0.7 mm extra-fine pen tips and the 1.8/2.5mm medium bullet tip pens., as well as the black and white variety pack (sizes range from 0.7 to 8mm chisel tip to 15mm big mama jama).Takes a bit to get all the wrappers off. Then you need to 'burp' the tip (hold the pen with the tip pointing up, and with your thumb, press down to get rid of the air that's settled between the inner paint skin and the new felt/plastic tip inside where you can't see it). While burping is fun, this is tedious. And can leave you with bruised thumb tips. Yeah. It's a thing.Once they've been burped, the real non-fun part begins: you gotta prime them. You can shake, shake, shake senora, shake it all around, but you should have a piece of notebook paper or old foam core (I used foam core) so that once you've shaken the snot out of them, you can press down on the paper a few dozen times to coax the paint into the tip. Warning: you can and will poke through the foam core board with the fine tip pens, so be sure you're doing this on a surface that you don't care about - otherwise, it'll end up looking like it has the measles once you're done.You've probably read other reviews that say on certain pens you can pull the tips out and turn them around if they become frayed. I saw the same reviews. And I remember thinking, oh great - I'm gonna spend this kind of money on paint pens that aren't gonna last very long at all before I gotta swap the tips, and then have to get more pens sooner than later. Well, lemme tell ya, I've had these for over 2 months, with daily heavy use, and I've only got one tip that I should probably flip but haven't because I can still use it for larger coverage areas. So, don't freak out. They'll last a good long while.One bit of advice I learned was, don't push the pens away from you when drawing/filling/lining with them. The pens want to flow, and they will if you remember to pull them towards you, and pull them gently. Sure, rocks (in my case) have uneven surfaces and textures, but taking it a bit slower when it comes to outlining with a fine tip pen, you'll discover your pen doesn't skip or leave little eyelash-length splats or flecks.Another pointer is, if you're lettering with these pens and you make a mistake/paint blobs out, if you keep a few clean Q-tips/cotton swabs nearby, you can pop one into your mouth to get it a little moist, and swipe away the problem.The very cool thing about Posca Paint Pens is that, once they dry (and they dry very fast! bonus!) you can go right in with another color and have that color show up bright and clear. The pigment is thick and unless you're trying to make white stripes on a solid dark background, one coat will suffice.You *can* blend with the Poscas. Not very well, because they dry so fast. BUT! You CAN put enough paint down by allowing it to puddle/pool a bit with your first color, then come in with the second/lighter shade and swirl/blend to your desired shade. Don't worry if you get color on your pen tip. It'll come right off after a few squigglies on a scrap piece of paper. Do some curly-cues and once the other paint is visually off the tip, press down to get the pen's paint color to come back to the surface. Voila!Read around on other reviews to see how to get dried Posca Paint Pen residue off your clothes. It will come off finished furniture with a little elbow grease and WD-40; unfinished furniture, not so much. This stuff soaks right in and it's impossible to get out - so you might as well just paint the whole tabletop since you've already got your paint out!Hope this was helpful. The Poscas are expensive, but you're getting a high quality product. The writing on the pen's labels is minuscule and in Japanese, and while you're thinking hey, I can keep these in their cute little crayon type upright box, nah forget that noise. Just dump'em in a small plastic container, throw in a few Q-tips and maybe what's left of an old notebook you've had lying around, and then tote the whole thing to your favorite chair, break out the (clean) rocks and start painting!"
14023,纸面手账/装饰书写群,B06ZYTZXG2,posca,US,5,性价比,负面-价格昂贵,expensive,"So I gave in and decided to try acrylic paint pens because I couldn't locate the huge plastic tub of brand new, never opened bottles of acrylic paint. The tub is somewhere in my craft studio, and that place is like a snake pit - I can't find anything! ANYway, I ordered three different sets of Posca Paint Pens - the 0.7 mm extra-fine pen tips and the 1.8/2.5mm medium bullet tip pens., as well as the black and white variety pack (sizes range from 0.7 to 8mm chisel tip to 15mm big mama jama).Takes a bit to get all the wrappers off. Then you need to 'burp' the tip (hold the pen with the tip pointing up, and with your thumb, press down to get rid of the air that's settled between the inner paint skin and the new felt/plastic tip inside where you can't see it). While burping is fun, this is tedious. And can leave you with bruised thumb tips. Yeah. It's a thing.Once they've been burped, the real non-fun part begins: you gotta prime them. You can shake, shake, shake senora, shake it all around, but you should have a piece of notebook paper or old foam core (I used foam core) so that once you've shaken the snot out of them, you can press down on the paper a few dozen times to coax the paint into the tip. Warning: you can and will poke through the foam core board with the fine tip pens, so be sure you're doing this on a surface that you don't care about - otherwise, it'll end up looking like it has the measles once you're done.You've probably read other reviews that say on certain pens you can pull the tips out and turn them around if they become frayed. I saw the same reviews. And I remember thinking, oh great - I'm gonna spend this kind of money on paint pens that aren't gonna last very long at all before I gotta swap the tips, and then have to get more pens sooner than later. Well, lemme tell ya, I've had these for over 2 months, with daily heavy use, and I've only got one tip that I should probably flip but haven't because I can still use it for larger coverage areas. So, don't freak out. They'll last a good long while.One bit of advice I learned was, don't push the pens away from you when drawing/filling/lining with them. The pens want to flow, and they will if you remember to pull them towards you, and pull them gently. Sure, rocks (in my case) have uneven surfaces and textures, but taking it a bit slower when it comes to outlining with a fine tip pen, you'll discover your pen doesn't skip or leave little eyelash-length splats or flecks.Another pointer is, if you're lettering with these pens and you make a mistake/paint blobs out, if you keep a few clean Q-tips/cotton swabs nearby, you can pop one into your mouth to get it a little moist, and swipe away the problem.The very cool thing about Posca Paint Pens is that, once they dry (and they dry very fast! bonus!) you can go right in with another color and have that color show up bright and clear. The pigment is thick and unless you're trying to make white stripes on a solid dark background, one coat will suffice.You *can* blend with the Poscas. Not very well, because they dry so fast. BUT! You CAN put enough paint down by allowing it to puddle/pool a bit with your first color, then come in with the second/lighter shade and swirl/blend to your desired shade. Don't worry if you get color on your pen tip. It'll come right off after a few squigglies on a scrap piece of paper. Do some curly-cues and once the other paint is visually off the tip, press down to get the pen's paint color to come back to the surface. Voila!Read around on other reviews to see how to get dried Posca Paint Pen residue off your clothes. It will come off finished furniture with a little elbow grease and WD-40; unfinished furniture, not so much. This stuff soaks right in and it's impossible to get out - so you might as well just paint the whole tabletop since you've already got your paint out!Hope this was helpful. The Poscas are expensive, but you're getting a high quality product. The writing on the pen's labels is minuscule and in Japanese, and while you're thinking hey, I can keep these in their cute little crayon type upright box, nah forget that noise. Just dump'em in a small plastic container, throw in a few Q-tips and maybe what's left of an old notebook you've had lying around, and then tote the whole thing to your favorite chair, break out the (clean) rocks and start painting!"
14094,多表面diy/定制群,B06ZYTZXG2,posca,US,5,流畅性,负面-出墨过多/漏墨,leaked,I have been painting rocks. I bought some other brands of paint pens that leaked. Someone suggested I try Posca. These have been awesome. I love the coverage they give and no leaking. They are great for rock painting. So glad I spent the extra money to get the bigger pack.
14145,精细绘画/插画创作群,B06ZYTZXG2,posca,US,5,流畅性,负面-出墨过多/漏墨,bleed through,"I got these in the Fine Point size because I thought Extra Fine might be too small--I figure that I'd rather have a slightly larger tip to make filling larger areas less tedious and then go in with a small micron where finer details are needed. I use these in my sketchbook to add color to the pages, and I really love them! They don't bleed through the page, which is nice. They are vibrant, and the color selection in this set is great. Very versatile.I still think it would be nice to have a larger tip--I may buy some chisel tip or medium tipped pens in two or three colors that I know I'll use a lot."
14153,多表面diy/定制群,B06ZYTZXG2,posca,US,5,色彩饱和度与混合,负面-暗淡/褪色,faded,"I’ve used Posca pens on wood, vinyl, rocks, and paper. On wood, over a good primer coat of Zinnser, they held up extremely well. They were unfaded and didn’t peel or flake after a year of exposure to the elements, including heat, rain, and light sun exposure. (For comparison, bottled acrylic paint applied at the same time did fade.)They were also great and time-saving for adding details on a 3’ x 6’ painting.On medium-weight and up paper, they’re good.They stick great to cleaned rocks, but choose rocks that are as smooth as possible and work gently. I had a tiny bit of texture on my rock, and it made the tip of my pen fuzzy.On a soft leather-textured vinyl iPad cover, they stuck well and didn’t rub off. They could be scraped off, but I didn’t spray with a protectant.All the colors cover well. The white (as typical of almost all white paint) takes multiple passes to cover. The black is silky and opaque on the first pass.There are lower-priced paint pens, but Posca are still the best if you want professional-looking, long-lasting results."
14302,精细绘画/插画创作群,B071DHGPBP,posca,US,5,性价比,负面-价格昂贵,expensive,"I know these are usually a pretty expensive product, but let me tell you that it is truly worth the money. I use these EVERY single day for my artwork, even if only for one or two details. Perfect for anything and everything I need. I flows well with most other types of media. I will always use POSCA!"
14311,精细绘画/插画创作群,B071DHGPBP,posca,US,5,色系评价,负面-色系搭配/质量评价,limited color range,"I used to experiment with lots of different types of art mediums in the past and one of them were acrylics markers. It was fun and easy to use since I am more familiar with pens when it comes to drawing. However, the old markers I had purchased wouldn't always fill in the area I colored,  and sometimes rubbed off the previous layer.<br><br>Fast forward to today. I have seen lots of instagramers playing with posca pens and they piqued my interest, but not enough to begin to even invest in them. I kept remembering my past experiences and I remember more cons than pros to them so I strayed far away from them thinking it was not worth the investment. My friend happened to buy some posca pens because of the hype. I saw her drawings in real life and found it so shocking. The pens, even though they were extra fine, did not leave any scratches nor did the nibs rub off. It really made me want to try them so I thought, why the heck not. If I didn't like them then I could give it to my nieces to play with. I am soooooo glad I finally gave these pens a try after sooooo much time eyeing them. Everything I felt peeved about my old acrylic markers have been solved with this brand and I couldn't be any happier. I started using them on grided notebook paper so that it would be more obvious that I was using the posca pens then just some ordinary marker (like copics or something). I especially love them because they have a limited color range. I was a lil skeptical about it at first but definitely appreciate it now. I always use the same colors over and over again with other mediums so my artworks would always look the same, but since posca pens only have a few colors (or at least the ones I bought) it pushed me out of my comfort zone and choose colors that I would normally never put together into a piece, and as a result, actually liking it (rare for me to like my own drawings). So yes, I do really think they are worth the purchase.<br><br>P.S I also like to draw Link from Legend of Zelda a LOT."
14311,精细绘画/插画创作群,B071DHGPBP,posca,US,5,多样性与适配性,负面-可拓展性差 (Poor expandability),limited color range,"I used to experiment with lots of different types of art mediums in the past and one of them were acrylics markers. It was fun and easy to use since I am more familiar with pens when it comes to drawing. However, the old markers I had purchased wouldn't always fill in the area I colored,  and sometimes rubbed off the previous layer.<br><br>Fast forward to today. I have seen lots of instagramers playing with posca pens and they piqued my interest, but not enough to begin to even invest in them. I kept remembering my past experiences and I remember more cons than pros to them so I strayed far away from them thinking it was not worth the investment. My friend happened to buy some posca pens because of the hype. I saw her drawings in real life and found it so shocking. The pens, even though they were extra fine, did not leave any scratches nor did the nibs rub off. It really made me want to try them so I thought, why the heck not. If I didn't like them then I could give it to my nieces to play with. I am soooooo glad I finally gave these pens a try after sooooo much time eyeing them. Everything I felt peeved about my old acrylic markers have been solved with this brand and I couldn't be any happier. I started using them on grided notebook paper so that it would be more obvious that I was using the posca pens then just some ordinary marker (like copics or something). I especially love them because they have a limited color range. I was a lil skeptical about it at first but definitely appreciate it now. I always use the same colors over and over again with other mediums so my artworks would always look the same, but since posca pens only have a few colors (or at least the ones I bought) it pushed me out of my comfort zone and choose colors that I would normally never put together into a piece, and as a result, actually liking it (rare for me to like my own drawings). So yes, I do really think they are worth the purchase.<br><br>P.S I also like to draw Link from Legend of Zelda a LOT."
14326,儿童/课堂使用群,B071DHGPBP,posca,US,5,性价比,负面-价格昂贵,pricey,Bought these for my daughter and she loves them. They are alittle pricey but worth it. I would buy again.
14392,多表面diy/定制群,B071DHGPBP,posca,US,5,性价比,负面-价格昂贵,pricey,"I use Posca pens for painting rocks.  They go on nice, they coat well and dry quickly.  They are pricey but worth it."
14406,多表面diy/定制群,B071DHGPBP,posca,US,4,性价比,负面-价格昂贵,expensive,"I have been looking at Posca Paint Markers for a long time and finally purchased the 21 Extra Fine (1mm) and the 29 Medium (5mm) Tip sets. I use them on Polymer Clay pieces. The variety of colors is a real plus. The paint does adhere to the clay very well. The outer part of the marker is made of a sturdy plastic material, which feels very solid and is comfortable to hold. The one thing I wasn’t expecting was the need to go over the colored areas several times to get a solid, opaque covering. Once I baked the clay with the colors on the surface, the colors remained vivid and bright coming out of the oven. I did use UV resin to seal the colors and protect them. There are so many things I can use these paint markers for to embellish the pieces I make. The Markers are easy to get started and use. I am very pleased with them and will continue to have fun using them on my polymer clay pieces- they’re great!! The one thing that prevented me from buying these markers in the past is the price. I really do think they are too expensive and the price needs to be reduced. Hence the 4 Stars. Yes, I finally did get an opaque finish but it took multiple applications (4-5 coats) to get there. If it took just one or two coats, I wouldn’t be so concerned about the cost."
14444,儿童/课堂使用群,B071DHGPBP,posca,US,5,笔头耐用性,负面-寿命不匹配,dried up,"Can't go wrong with Posca. I bought quite a few that me and my kids use. Which they made an even finer tip, but these are wonderful. A year into using Poscas not one has dried up. That there is worth the investment."
14468,儿童/课堂使用群,B071DHGPBP,posca,US,5,性价比,负面-价格昂贵,pricey,Bought for my daughter.  I was pleasantly surprised to discover this is actually paint in marker form. It makes beautiful strokes and the colors are vivid. I find this pricey but my daughter loves it!
14649,纸面手账/装饰书写群,B07BBWPKW3,TOOLI-ART,US,1,性价比,负面-价格昂贵,expensive,"Wow, what a let down!  I expected true micro fine tips, but these are like a Sharpie medium marker tip!  I wanted for outlining and lettering only, but these are more for filling in larger spaces!  Their bigger tips must be huge!!!  They also spit and sputter leaving tiny dots all over your art, which means I have to toss an expensive rock each time!  I use Santorini rocks to paint on, and I don't paint or prime the background because I love the stone itself so much!  So when s paint pen spits  you can't get it all cleaned up nice.  You shouldn't have this issue to begin with.<br>Also I thought my arm was going to fall off by the time the pens started flowing and I had paint!  My arm hurt for days from priming!  And lastly, some of them the paint flows out more heavily than others, not even or anything you can depend on.  Lastly, a couple of the pens the paint came out around the outside of the tips too, glowing freely and making a royal mess!<br><br>Sorry but for any experienced artist that puts out quality work, stick with the Posca pens!  I'm done trying these cheaper brands, and will only use Posca from now on!<br><br>I wouldn't even recommend for beginners.  They will get too discouraged when these pens mess up their work!  They try do hard and certainly don't need to use low quality mediums!<br><br>Happy painting to all you wonderful artists!!!"
14693,纸面手账/装饰书写群,B07BBWPKW3,TOOLI-ART,US,5,笔头表现,负面-细节控制差,too thick,These pens are great! I tried Dyan Reaveley pens and  they don’t really work. Then I got some Posca paint pens. They work well but the tips are too thick and they dry with a chalk finish. These pens have a smooth finish when dry and the colors are great. The tips are very fine but can fill in larger areas too. I do art journaling and you can draw very small shapes and faces with these. I highly recommend them!
14693,纸面手账/装饰书写群,B07BBWPKW3,TOOLI-ART,US,5,笔身与易用性,负面-握持不适,too thick,These pens are great! I tried Dyan Reaveley pens and  they don’t really work. Then I got some Posca paint pens. They work well but the tips are too thick and they dry with a chalk finish. These pens have a smooth finish when dry and the colors are great. The tips are very fine but can fill in larger areas too. I do art journaling and you can draw very small shapes and faces with these. I highly recommend them!
14714,多表面diy/定制群,B07BBWPKW3,TOOLI-ART,US,5,色彩饱和度与混合,负面-遮盖力差/透明,watery,These pens go on super smooth and don’t bleed on the rocks that I paint. They are really easy to use and are not watery. Would highly recommend them!
14729,多表面diy/定制群,B07BBWPKW3,TOOLI-ART,US,5,流畅性,负面-出墨过多/漏墨,splatter,"Love these paint pens!  Use them for rock painting, the color holds well and they are fine line, great for writing and drawing.  The paint does not splatter or run.  Very happy with quality."
14752,精细绘画/插画创作群,B07BBWPKW3,TOOLI-ART,US,5,笔头表现,负面-笔头磨损分叉,clogged,"Paint pens have come a long way over recent years, and there is a lot more out there than there used to be.  I've tried many.  These ones are the absolute best so far.  Tooli really sets you up for success.  The pens are well made and easy to use, but they also include detailed instructions for use, care, and troubleshooting, as well as extra ""just in case"" nibs.  I am a full time working artist and I've used these hard so far, following all instructions.  They have been absolutely perfect.  The couple of times I tried to use and the tip seemed clogged, I just pull the nib out and submerge it in water, rubbing at it a bit to clean it.  Pop it back in the pen and scribble a bit to get the water out and the ink running through it again, and works perfectly again.  I like these so well, i've purchased 2 more sets.  I wouldn't mind eventually owning them all!"
14779,多表面diy/定制群,B07BBWPKW3,TOOLI-ART,US,5,流畅性,负面-出墨过多/漏墨,leaked,"These are so much easier to use on fine detail painting than struggling with brushes.  And they work great on painting on rocks.  Only have used half of the colors so far.  Had one defective pen.  The tip came apart from the pen shaft when the pen cap was removed and paint leaked out.  Hopefully none of the others do that.  Overall though, happy with my purchase."
14798,精细绘画/插画创作群,B07BBWPKW3,TOOLI-ART,US,5,流畅性,负面-出墨过多/漏墨,blotchy,"Guys these pens are amazing! I'm an artist who hates to paint. I know that's a contradiction, but it's true. I love to draw though! I was struggling to get some paintings finished (I got bored with them) when I thought I'd try paint pens - a combination of painting and drawing, right? With crossed fingers I bought these after doing some research. I already had a couple of random paint pens from 'the other guys' I'd used to sketch with and lay down outlines, but they weren't amazing and they were hard to use. However when I tried the Tooli pens I was really impressed! First of all the tips (I got all Xtra Fine) are very nice, firm, pointy, can get good detail. Very responsive. Love that they send extras! The ink flows smoothly and isn't blotchy or blobby at all (at least not yet, we will see after I use them for a while.) But what really blew me away was the colors. The black is REALLY BLACK! The 'other guys' black is about the same level as the Tooli dark gray! I mean this is super India Ink color black, really beautiful. Other colors are vivid and stay wet just long enough that you can bring in another color and blend quite well. Note that if you puddle two different colors together they will instantly combine, kind of like water colors. Be prepared for that quick bleed. I recommend these to artists who want to doodle on canvas; works great!!"
14798,精细绘画/插画创作群,B07BBWPKW3,TOOLI-ART,US,5,绘画表现,负面-涂色不均,blotchy,"Guys these pens are amazing! I'm an artist who hates to paint. I know that's a contradiction, but it's true. I love to draw though! I was struggling to get some paintings finished (I got bored with them) when I thought I'd try paint pens - a combination of painting and drawing, right? With crossed fingers I bought these after doing some research. I already had a couple of random paint pens from 'the other guys' I'd used to sketch with and lay down outlines, but they weren't amazing and they were hard to use. However when I tried the Tooli pens I was really impressed! First of all the tips (I got all Xtra Fine) are very nice, firm, pointy, can get good detail. Very responsive. Love that they send extras! The ink flows smoothly and isn't blotchy or blobby at all (at least not yet, we will see after I use them for a while.) But what really blew me away was the colors. The black is REALLY BLACK! The 'other guys' black is about the same level as the Tooli dark gray! I mean this is super India Ink color black, really beautiful. Other colors are vivid and stay wet just long enough that you can bring in another color and blend quite well. Note that if you puddle two different colors together they will instantly combine, kind of like water colors. Be prepared for that quick bleed. I recommend these to artists who want to doodle on canvas; works great!!"
14798,精细绘画/插画创作群,B07BBWPKW3,TOOLI-ART,US,5,教育与启发,负面-有学习门槛,hard to use,"Guys these pens are amazing! I'm an artist who hates to paint. I know that's a contradiction, but it's true. I love to draw though! I was struggling to get some paintings finished (I got bored with them) when I thought I'd try paint pens - a combination of painting and drawing, right? With crossed fingers I bought these after doing some research. I already had a couple of random paint pens from 'the other guys' I'd used to sketch with and lay down outlines, but they weren't amazing and they were hard to use. However when I tried the Tooli pens I was really impressed! First of all the tips (I got all Xtra Fine) are very nice, firm, pointy, can get good detail. Very responsive. Love that they send extras! The ink flows smoothly and isn't blotchy or blobby at all (at least not yet, we will see after I use them for a while.) But what really blew me away was the colors. The black is REALLY BLACK! The 'other guys' black is about the same level as the Tooli dark gray! I mean this is super India Ink color black, really beautiful. Other colors are vivid and stay wet just long enough that you can bring in another color and blend quite well. Note that if you puddle two different colors together they will instantly combine, kind of like water colors. Be prepared for that quick bleed. I recommend these to artists who want to doodle on canvas; works great!!"
14805,多表面diy/定制群,B07BBWPKW3,TOOLI-ART,US,5,流畅性,负面-干涩/刮纸/断墨,skipping,"I have been using Pocsa pens. Someone in our local rock painting group #frederickrocks suggested these.  They are cheaper than Posca and I feel like they are better quality. I hope one day they offer a larger size .7mm is nice for outlines but I'd love to see a 1.5-3.0mm sizing.  But these are great.  Less than $1 a pen.  No skipping,  no pooling, no ruined projects."
14882,多表面diy/定制群,B07BBWPKW3,TOOLI-ART,US,1,笔头耐用性,负面-寿命不匹配,dried up,"Just got them and tried to use... half the pens paint never came out... I followed the directions on the box and still nothing.. tried several times.. almost as if the paint dried up inside. :( also the colors are so vibrant in the picture yet all the rocks we did, when it dried, the color was so faint you could barely see. Very disappointed."
14910,多表面diy/定制群,B07BBWPKW3,TOOLI-ART,US,5,笔头耐用性,负面-寿命不匹配,dried out,"Smooth bright ink and a quality superfine tip. Completely odorless. Caps secure tightly with a nice “click” so you won’t end up with dried out pens.I bought these for painting metal garden markers. I’m not a great artist, but I’m very pleased with the outcome.28 colors PLUS two each of white and black. The white is very nice to use, and a good bright white. Dries really fast too. Each marker is individually wrapped in plastic, and comes in a sturdy box. Love the size of the pens too! Nice for detail work. I just tapped tip on a paper towel if I pressed too hard and got too much. Very easy to clean. Didn’t smear at all when I put on the clear coat to seal it.Really happy with this purchase."
14981,儿童/课堂使用群,B07BBWPKW3,TOOLI-ART,US,1,笔头表现,负面-笔头磨损分叉,clogged,Do not buy.. whatever is going on with the nibs on the markers causes them to work for about a minute..I had One Job to do for school.. write 5 words each on a tiny canvas for 22 students. Barely made it thru.. plenty of ink..just nibs got clogged.. worthless...
15001,多表面diy/定制群,B07BBWPKW3,TOOLI-ART,US,2,笔头表现,负面-笔头磨损分叉,clogged,I have had problems with these from the start. They splatter on my rocks. They get clogged. The paint oozes out of the sides. The company has tried several times to help me with this and I have done absolutely everything they have said to do to get them working properly but they still don’t work correctly. Now I have all of their sets of paint pens but don’t even want to use them anymore. I clean them the way the my day to do. I changed out the nibs the way they said to do. I’ve burned them in the beginning the way they said to do. I have followed every bit of instruction out there for these and I still can’t get them to work correctly. I wasted so much money on these and all I want to do is throw them away. I wish I could get my money back so I could just find some different paint pens to use. So disappointed.
15001,多表面diy/定制群,B07BBWPKW3,TOOLI-ART,US,2,流畅性,负面-出墨过多/漏墨,splatter,I have had problems with these from the start. They splatter on my rocks. They get clogged. The paint oozes out of the sides. The company has tried several times to help me with this and I have done absolutely everything they have said to do to get them working properly but they still don’t work correctly. Now I have all of their sets of paint pens but don’t even want to use them anymore. I clean them the way the my day to do. I changed out the nibs the way they said to do. I’ve burned them in the beginning the way they said to do. I have followed every bit of instruction out there for these and I still can’t get them to work correctly. I wasted so much money on these and all I want to do is throw them away. I wish I could get my money back so I could just find some different paint pens to use. So disappointed.
15012,多表面diy/定制群,B07BBWPKW3,TOOLI-ART,US,5,笔头耐用性,负面-寿命不匹配,dried up,"I love these! I most often use them on plexi glass drawing pictures and writing quotes then framing them, I seal them with a clear gloss paint and they do not run. It actually took me awhile to figure out how to remove the paint without scratching the glass, I found that magic erasers work best! I have also used them on wood surfaces and they were just as fabulous.... they really do have continuous flow, I suggest cleaning the tip after each use. But if it seems like they are dried up roll the tip on a piece of paper while still in the marker and it will get the dried stuff out of there and they will work again. They are very opaque colors and dry with a lovely shine, also a very good color range!"
15041,多表面diy/定制群,B07BBWPKW3,TOOLI-ART,US,5,性价比,负面-价格昂贵,pricey,"Less pricey than other markers, yet provide excellent color and coverage! Love these bright and beautiful markers on my rock paintings. They are also forgiving of mistakes and errors. I will continue to buy this brand of markers in fine, medium, and wide tips because the quality is wonderful without the ridiculous cost seen in the other markers.<br>Thank you!"
15064,填色/大面积上色群,B07BBWPKW3,TOOLI-ART,US,5,流畅性,负面-出墨过多/漏墨,bleed through,"Well... Okay, your mileage may vary, but these don't bleed through the paper in the coloring book I'm working on right now! The extra fine tip helps get into those really small nooks and crannies."
15089,多表面diy/定制群,B07BBWPKW3,TOOLI-ART,US,4,流畅性,负面-出墨过多/漏墨,splatter,They are easy to use.  I use them for rock painting.  Seems to have a lot of splatter compared to the Posca paint pens.  Some of the lighter colors seem really thin and don't cover as well.  They do not seem to need as much shaking as the Posca s.  Overall for the price not bad.
15093,多表面diy/定制群,B07BBWPKW3,TOOLI-ART,US,5,流畅性,负面-出墨过多/漏墨,splatter,"I loooovvvveee these pens!! They work great on rocks.  No splatter,  great assortment of colors."
15104,精细绘画/插画创作群,B07BBWPKW3,TOOLI-ART,US,5,流畅性,负面-出墨过多/漏墨,bleed through,"These markers are of a really good quality. They dot bleed through, colors are nice,the thickness is perfect for small details. They dry quickly."
15111,多表面diy/定制群,B07BBWPKW3,TOOLI-ART,US,1,色彩饱和度与混合,负面-遮盖力差/透明,watery,"So I bought these pens in hopes of being able to use them on plastic but I tried them out on paper to see about 1) blending them,  2) using a color over another color such as white over another color. Well the results were disappointing.  The white is not opaque at all especially over another color such as a light blue or purple.  Then trying purple over red,  it came out looking like I painted over crayon. That watery spoltchy look.  Not what I want or need.  In the picture you can barely see the white over the purple in a small area.  Save yourself and buy another brand cause these ain't it."
15111,多表面diy/定制群,B07BBWPKW3,TOOLI-ART,US,1,绘画表现,负面-过于透明/覆盖力差,not opaque,"So I bought these pens in hopes of being able to use them on plastic but I tried them out on paper to see about 1) blending them,  2) using a color over another color such as white over another color. Well the results were disappointing.  The white is not opaque at all especially over another color such as a light blue or purple.  Then trying purple over red,  it came out looking like I painted over crayon. That watery spoltchy look.  Not what I want or need.  In the picture you can barely see the white over the purple in a small area.  Save yourself and buy another brand cause these ain't it."
15134,多表面diy/定制群,B07BBWPKW3,TOOLI-ART,US,2,流畅性,负面-出墨过多/漏墨,splatter,"I love how affordable these are and the range of colors. The actual pigment of the paint is wonderful... once you mix them THROUGHLY. That's about where the pros end for me.<br><br>**I use these for rock painting so I can't speak to how they behave on canvas/paper. But results are probably similar**<br><br>You really do have to shake these up A LOT to get the true color and when you finally get it flowing you have to constantly stop what you are doing and pump the tip get it to flow again... the tip just dries too fast. Speaking of the tip... it's plastic (which is probably why the paint dries on it so quickly). And if you have to layer colors, no matter how careful you are or how dry the paint is, the tip scratches up the first layer. They also spit/splatter while using... even on my smoothest santorini stones...ruining your art in many cases. And some colors take much longer to dry than others and compared to other brands.<br><br>If they could improve the pen tip on these I could deal with the rest and they would likely become my favorite paint pen. As is, they really don't get used much. Sucks cuz I've spent a small fortune on all the different paint pen sets TooliArt offers."
15151,多表面diy/定制群,B07BBWPKW3,TOOLI-ART,US,5,笔头表现,负面-笔头磨损分叉,clogged,Definitely would recommend these for anyone interested in rock painting. Makes it soooo much easier and looks great! Paint can get clogged but just follow instructions on box and it get cleared out.
15155,多表面diy/定制群,B07BBWPKW3,TOOLI-ART,US,1,笔头耐用性,负面-寿命不匹配,dried out,"I have only opened 8 of these so far. Three were dried out completely. The ball won’t shake in the middle to mix the paint and I can’t get paint to come down to the tip at all. One had blown up inside it’s wrapper and I didn’t even try to open it. I was SUPER excited for all the new colors, especially the TAN because there are so few skin colored pens for painting rocks. I’m really bummed about them. Not sure if I want to replace them and take a chance or just return them and try another brand."
15214,多表面diy/定制群,B07BBWPKW3,TOOLI-ART,US,5,笔头耐用性,负面-寿命不匹配,dried out,"I completely recommend these pens 100%! I ordered them for my daughter to have a new medium to great with. At first I was hesitant for the price for a little kid but the quality was amazing! If I was buying for an adult, I wouldn’t think twice about the price.But these are incredible. Terrific color pay off. They are simple to use if you follow the instructions. They haven’t dried out at all.So far we have used them on wood, stone and cardboard with great results."
15238,填色/大面积上色群,B07BBWPKW3,TOOLI-ART,US,5,流畅性,负面-出墨过多/漏墨,bleed through,amazing markers for coloring books and doesn’t bleed through
15249,精细绘画/插画创作群,B07BBWPKW3,TOOLI-ART,US,4,墨水特性,负面-消耗快,run out of paint,these are great for small details on painted rocks but to cover larger areas you will run out of paint.  They are quite expensive so I only use them for fine detail and stick to paint and paint brushes for larger areas when painting rocks.  sometimes the paint comes out too quickly and other times you have to shake the pen quite a bit to get the paint flowing.  I still recommend them for fine detailed work.
15249,精细绘画/插画创作群,B07BBWPKW3,TOOLI-ART,US,4,性价比,负面-价格昂贵,expensive,these are great for small details on painted rocks but to cover larger areas you will run out of paint.  They are quite expensive so I only use them for fine detail and stick to paint and paint brushes for larger areas when painting rocks.  sometimes the paint comes out too quickly and other times you have to shake the pen quite a bit to get the paint flowing.  I still recommend them for fine detailed work.
15276,精细绘画/插画创作群,B07BBWPKW3,TOOLI-ART,US,2,色彩饱和度与混合,负面-遮盖力差/透明,streaky,"I love to color and I bought these acrylic paint markers to add fine detail to my work. I saw them talked about on TikTok and decided to give them a try. The assortment in colors is nice, but only after having them for a month they are all dried out. I'm not sure if I received a bad batch or what. They are extremely difficult to shake up, and are a pain to get the color down from the tube and into the brush.<br><br>I am not sure if I was supposed to store these markers horizontally and not vertically? But storing them horizontally is not always practical for me. I'm thinking maybe by storing them vertically, this allowed for the paint to gather in the bottom of the pen and harden which resulted in them drying out.<br><br>When they did work, they had a really nice color and performed well. They allowed for fine detail when I colored. After shaking the pen for what seemed like 5 minutes (and the paint finally got flowing), it didn't write streaky and was well-pigmented. However, I don't think I will be buying these again."
15276,精细绘画/插画创作群,B07BBWPKW3,TOOLI-ART,US,2,笔头耐用性,负面-寿命不匹配,dried out,"I love to color and I bought these acrylic paint markers to add fine detail to my work. I saw them talked about on TikTok and decided to give them a try. The assortment in colors is nice, but only after having them for a month they are all dried out. I'm not sure if I received a bad batch or what. They are extremely difficult to shake up, and are a pain to get the color down from the tube and into the brush.<br><br>I am not sure if I was supposed to store these markers horizontally and not vertically? But storing them horizontally is not always practical for me. I'm thinking maybe by storing them vertically, this allowed for the paint to gather in the bottom of the pen and harden which resulted in them drying out.<br><br>When they did work, they had a really nice color and performed well. They allowed for fine detail when I colored. After shaking the pen for what seemed like 5 minutes (and the paint finally got flowing), it didn't write streaky and was well-pigmented. However, I don't think I will be buying these again."
15276,精细绘画/插画创作群,B07BBWPKW3,TOOLI-ART,US,2,绘画表现,负面-涂色不均,streak | streaky,"I love to color and I bought these acrylic paint markers to add fine detail to my work. I saw them talked about on TikTok and decided to give them a try. The assortment in colors is nice, but only after having them for a month they are all dried out. I'm not sure if I received a bad batch or what. They are extremely difficult to shake up, and are a pain to get the color down from the tube and into the brush.<br><br>I am not sure if I was supposed to store these markers horizontally and not vertically? But storing them horizontally is not always practical for me. I'm thinking maybe by storing them vertically, this allowed for the paint to gather in the bottom of the pen and harden which resulted in them drying out.<br><br>When they did work, they had a really nice color and performed well. They allowed for fine detail when I colored. After shaking the pen for what seemed like 5 minutes (and the paint finally got flowing), it didn't write streaky and was well-pigmented. However, I don't think I will be buying these again."
15276,精细绘画/插画创作群,B07BBWPKW3,TOOLI-ART,US,2,表面/介质表现,负面-在石头上表现差,streaky,"I love to color and I bought these acrylic paint markers to add fine detail to my work. I saw them talked about on TikTok and decided to give them a try. The assortment in colors is nice, but only after having them for a month they are all dried out. I'm not sure if I received a bad batch or what. They are extremely difficult to shake up, and are a pain to get the color down from the tube and into the brush.<br><br>I am not sure if I was supposed to store these markers horizontally and not vertically? But storing them horizontally is not always practical for me. I'm thinking maybe by storing them vertically, this allowed for the paint to gather in the bottom of the pen and harden which resulted in them drying out.<br><br>When they did work, they had a really nice color and performed well. They allowed for fine detail when I colored. After shaking the pen for what seemed like 5 minutes (and the paint finally got flowing), it didn't write streaky and was well-pigmented. However, I don't think I will be buying these again."
15297,多表面diy/定制群,B07BBWPKW3,TOOLI-ART,US,5,笔身与易用性,负面-材质/做工差,break,"I realize I'm starting to sound like an ad for this company, but I really do like these pens. Amazon doesn't like it when I quote other name brands, but suffice to say, I've tried A LOT of them. This brand of pen writes smoothly on a variety of surfaces. I mostly use it on beach rocks, scrawling outlines or filling in entire surfaces with color. Do not press down hard the way you would with a pen! I've never had a problem with pooling or the tip breaking on these, and I sure have with other brands. The paint also does not run when sprayed with sealer, which is a huge plus to me."
15311,多表面diy/定制群,B07BBWPKW3,TOOLI-ART,US,5,笔身与易用性,负面-材质/做工差,break,"Definitely follow the instructions on the package for best results.<br>You'll have to shake em up well and prime the markers a few times if you use them after a couple days break.<br>But lots of colors, great fine tip, great quality from what I can tell.<br><br>Use acrylic sealant if you want the paint to be durable on ceramics"
15354,多表面diy/定制群,B07BBWPKW3,TOOLI-ART,US,5,笔头表现,负面-细节控制差,too thick,"I really thought I was buying an inferior paint pen to share with the kids but the Tooli-Art pens have replaced my Posca in the studio much to my surprise. Others have mentioned splatter.  I find that is not a problem with the Tooli-Art unless you are painting on a rough rock and then any pen will splatter some. I love the points are not too thick and allow me to paint small areas as well as large.  The Tooli-Art pens mix very well and come out more opaque than the other brand I was using.  I find the Tooli pens to be more dependable when I'm near the end of my work and really don't want to mess up with a blob of paint coming out like what has happened with the other brand I used.  I have an order of a large group of rocks now that need to be done quickly and I'm taking no chances on any other brand.  I will soon be teaching a class with paint pens and I'm seriously thinking about using the Tooli-Art pens. I haven't yet tried them on anything other than rocks but will be testing them on glassware as I have had a request.  I will write another review after I try them on various other surfaces.  Update:  I did try a simple design on a mug and placed it in a cold oven, turned it on to 375 and left it for 45 mins., I then turned off the oven and left the mug in until the oven cooled and it turned out great.  I included a photo of the quickly done cat outline on a mug (this was just a test). Two of us ran our fingernail over the left hip of this line drawing and it did not scratch off!"
15354,多表面diy/定制群,B07BBWPKW3,TOOLI-ART,US,5,流畅性,负面-出墨过多/漏墨,splatter,"I really thought I was buying an inferior paint pen to share with the kids but the Tooli-Art pens have replaced my Posca in the studio much to my surprise. Others have mentioned splatter.  I find that is not a problem with the Tooli-Art unless you are painting on a rough rock and then any pen will splatter some. I love the points are not too thick and allow me to paint small areas as well as large.  The Tooli-Art pens mix very well and come out more opaque than the other brand I was using.  I find the Tooli pens to be more dependable when I'm near the end of my work and really don't want to mess up with a blob of paint coming out like what has happened with the other brand I used.  I have an order of a large group of rocks now that need to be done quickly and I'm taking no chances on any other brand.  I will soon be teaching a class with paint pens and I'm seriously thinking about using the Tooli-Art pens. I haven't yet tried them on anything other than rocks but will be testing them on glassware as I have had a request.  I will write another review after I try them on various other surfaces.  Update:  I did try a simple design on a mug and placed it in a cold oven, turned it on to 375 and left it for 45 mins., I then turned off the oven and left the mug in until the oven cooled and it turned out great.  I included a photo of the quickly done cat outline on a mug (this was just a test). Two of us ran our fingernail over the left hip of this line drawing and it did not scratch off!"
15354,多表面diy/定制群,B07BBWPKW3,TOOLI-ART,US,5,笔身与易用性,负面-握持不适,too thick,"I really thought I was buying an inferior paint pen to share with the kids but the Tooli-Art pens have replaced my Posca in the studio much to my surprise. Others have mentioned splatter.  I find that is not a problem with the Tooli-Art unless you are painting on a rough rock and then any pen will splatter some. I love the points are not too thick and allow me to paint small areas as well as large.  The Tooli-Art pens mix very well and come out more opaque than the other brand I was using.  I find the Tooli pens to be more dependable when I'm near the end of my work and really don't want to mess up with a blob of paint coming out like what has happened with the other brand I used.  I have an order of a large group of rocks now that need to be done quickly and I'm taking no chances on any other brand.  I will soon be teaching a class with paint pens and I'm seriously thinking about using the Tooli-Art pens. I haven't yet tried them on anything other than rocks but will be testing them on glassware as I have had a request.  I will write another review after I try them on various other surfaces.  Update:  I did try a simple design on a mug and placed it in a cold oven, turned it on to 375 and left it for 45 mins., I then turned off the oven and left the mug in until the oven cooled and it turned out great.  I included a photo of the quickly done cat outline on a mug (this was just a test). Two of us ran our fingernail over the left hip of this line drawing and it did not scratch off!"
15366,儿童/课堂使用群,B07BBWPKW3,TOOLI-ART,US,4,性价比,负面-价格昂贵,expensive,"Got these for my kids for Christmas so they would stop stealing my expensive poscas. Overall we are happy with them. However, no matter how long we shake them, the two pink markers are coming out very transparent.  No problems with the others yet."
15370,多表面diy/定制群,B07BBWPKW3,TOOLI-ART,US,3,色彩饱和度与混合,负面-遮盖力差/透明,watery,"These are so fun. I bought them for a painting I'm working on, but thought I'd test them on some rock paintings first. Most of them look great however a few colors are more watery and don't give a good solid color. Unfortunately, both white pens are like this and completely useless to me."
15411,多表面diy/定制群,B07BBWPKW3,TOOLI-ART,US,5,性价比,负面-价格昂贵,expensive,Love these pens! I use then on rock art they are better than the more expensive brands!
15414,多表面diy/定制群,B07BBWPKW3,TOOLI-ART,US,5,色彩饱和度与混合,负面-暗淡/褪色,dull,"I've been using these to create signs for beers on tap at my bar for about 8 months or so and they are probably the best quality acrylic pens I've had my hands on.<br><br>They seem to last quite a long time and they're extremely versatile. I use them primarily on smooth wood that is coated with black chalkboard paint but I have also used them on cardboard, paper, canvas, and plastic. Have never had any issues with chipping after drying (I do not use sealant). Signs stay pretty dry, so I can't speak to how the acrylic handles an accidental splash of liquid.<br><br>The fine detail nibs are incredible and aren't easily ruined or dulled. Distribution of paint is consistent, though when it gets low you may find yourself pressing the tip more often. Nibs are easily replaceable and washable if you hit a clog (proper storage is necessary).<br><br>The colors in the E+ pack are perfect for what I need as a sign artist and you really can't beat the price for what you get. 5/5 stars by far."
15425,填色/大面积上色群,B07BBWPKW3,TOOLI-ART,US,5,流畅性,负面-漆感差/稀薄/起泡,too thin,"Really love these pens! The colors are vibrant and beautiful, and they're easy to use. I would only recommend these for detail work or scripture as the tip is plastic and too thin for filling in large spaces. One of my black pens was broken on arrival, however these are individually wrapped in plastic so there was no mess and I had an extra one so I wasn't too upset about it. Overall really great item, would definitely buy again."
15425,填色/大面积上色群,B07BBWPKW3,TOOLI-ART,US,5,笔身与易用性,负面-握持不适,too thin,"Really love these pens! The colors are vibrant and beautiful, and they're easy to use. I would only recommend these for detail work or scripture as the tip is plastic and too thin for filling in large spaces. One of my black pens was broken on arrival, however these are individually wrapped in plastic so there was no mess and I had an extra one so I wasn't too upset about it. Overall really great item, would definitely buy again."
15437,多表面diy/定制群,B07BBWPKW3,TOOLI-ART,US,5,笔头表现,负面-笔头磨损分叉,frayed,I like to paint rocks with my son and hide them for others to find.  I bought another brand of markers and the tip frayed after just a few uses and they are now useless.  We both enjoy how easily the color flows and how vibrant they are.
15437,多表面diy/定制群,B07BBWPKW3,TOOLI-ART,US,5,笔头耐用性,负面-磨损/分叉,fray,I like to paint rocks with my son and hide them for others to find.  I bought another brand of markers and the tip frayed after just a few uses and they are now useless.  We both enjoy how easily the color flows and how vibrant they are.
15535,多表面diy/定制群,B07BBWPKW3,TOOLI-ART,US,1,笔头耐用性,负面-寿命不匹配,dried out,"I bought this set of pens and a set of the medium tip pens for rock painting and because of the reviews. After using these for a week I have to say I wish I hadn’t. I’m not a fan at all. They are a waste of money. Over half of them leak, one is dried out with a few more on their way (Takes a lot of priming to get the paint started every time I use them and the caps are on tight ).  The colors aren’t anywhere close to what’s depicted in the pictures.  I know monitors are different. But they are muted colors. The bright (hot) pink is actually just pink, not a pastel like the other one though. I was disappointed as I was wanting a bright/hot pink.  They say these are opaque and dry quickly which I have found out this is not true.  I’ve had to wait minutes for the paint to dry and apply several coats for complete coverage. I’m going to be returning these.  Definitely not worth the time, money and hassle."
15535,多表面diy/定制群,B07BBWPKW3,TOOLI-ART,US,1,性价比,负面-价格昂贵,waste of money | a waste of money,"I bought this set of pens and a set of the medium tip pens for rock painting and because of the reviews. After using these for a week I have to say I wish I hadn’t. I’m not a fan at all. They are a waste of money. Over half of them leak, one is dried out with a few more on their way (Takes a lot of priming to get the paint started every time I use them and the caps are on tight ).  The colors aren’t anywhere close to what’s depicted in the pictures.  I know monitors are different. But they are muted colors. The bright (hot) pink is actually just pink, not a pastel like the other one though. I was disappointed as I was wanting a bright/hot pink.  They say these are opaque and dry quickly which I have found out this is not true.  I’ve had to wait minutes for the paint to dry and apply several coats for complete coverage. I’m going to be returning these.  Definitely not worth the time, money and hassle."
15576,儿童/课堂使用群,B07D2LVYQZ,ARTISTRO,US,5,流畅性,负面-出墨过多/漏墨,splatter,"i thought i got the fine, not extra fine tips but it’s whatever. most of the colors show up pretty great but beware bc the color doesn’t always match what it’s listed to be. also the tips on these things with messed up with the slightest bit of pressure and be permanently messed up (like when you do the first initial tip pushes to get the ink flowing to it). make sure whatever surface you’re using is extremely smooth and don’t beat down any bc with them having the extra fine tips they easily splatter with the skids, slips that happen."
15662,填色/大面积上色群,B07D2LVYQZ,ARTISTRO,US,5,笔身与易用性,负面-材质/做工差,break,"Bright, light, dark brilliant metallic colors that shine and sparkle!  The ink releases evenly on the page and dries fairly quickly.  I'm using them with a coloring book for a midday break and creativity.  These markers are fun and doing the job.  Afterwards, a color image to hang on the wall!"
15676,纸面手账/装饰书写群,B07D2LVYQZ,ARTISTRO,US,5,性价比,负面-价格昂贵,expensive,"Purchased a couple of black paper sketch pads and journals to try out as travel journals. Since I wanted to (mostly) write on the pages rather than draw, the hardest part was finding writing instruments that look the way I wanted on black paper. Attached is a photo of the results of only some of the pens / colored pencils / gel pens, etc. tried. Shown are the best of all of them and I think you'll agree the examples on the left are superior to the ones on the right. (Depending, of course, what you want to do with the sketch pad.)First the not-so-good ones on the right. Tried expensive white, gold, and silver pens from Blick / Hobby Lobby / Michaels and cheaper ones from Dollar Tree / Amazon. (I now have a fairly impressive collection of pens, pencils, and markers that won't work with black paper but will hopefully be good for other projects.) The colored pencil results are very subtle and almost get lost on the page,. Not that great for writing, but they might be great if that's the look you want. FYI - a couple of different brands of gel pens did not work at all for me on black paper. You could barely see them and once they dried completely they were even harder to see. It could have been the brands I tried, so you might want to see for yourself and your individual need.Now the good - I ordered these Artistro Metallic Paint Pens (Acrylic), and they are the clear winners (shown on the left in the photo) for writing on black paper. You get 12 pens for under $16 (sale price when I purchased them) and all of them look good and pop on the black paper with one possible exception - the black/slate pen. Maybe it would be great for semi-secret messages? There are a couple more colors (rust and turquoise) in the pack that there wasn't room for on the test page, but they're nice too. Also, these pens write very smoothly - no clumps or random gooey places like most of the other paint pens tested.I would definitely recommend these pens, especially if you want to write on a dark or black paper!"
15749,多表面diy/定制群,B07D2LVYQZ,ARTISTRO,US,2,性价比,负面-价格昂贵,not worth it,"The lids can be incredibly hard to remove. The colours themselves are okay, but the nibs are very hard and will brutalise paper. They’d be ok on rocks or wood. But Not worth it for me. I’ll just skip these next time and get Posca."
15778,儿童/课堂使用群,B07D2LVYQZ,ARTISTRO,US,4,性价比,负面-价格昂贵,pricey though | pricey,"Received these rock paints in a timely manner, as usual.  The grandkids liked using them and loved the colours.  I did find them a little pricey though."
15845,多表面diy/定制群,B07D2LVYQZ,ARTISTRO,US,3,墨水特性,负面-易褪色/不防水,not permanent,"Easy,  steady paint flow,  quick shipping .  BUT…Not permanent on ceramic, at all . Even after 48 hours air drying, baking at 350 F for 45 minutes and gradually cooling down. And it was the main reason why I bought this set - to use on ceramic."
15873,精细绘画/插画创作群,B07D2LVYQZ,ARTISTRO,US,5,笔头耐用性,负面-形变/软化,spongy,"When I first was looking for paint pens I kept coming to these and looking for something cheaper but these were some of the only markers that listed fabric and I wanted them for a specific project.Worth every damn Penny and I would maybe pay a bit more.  These worked great on my fabric and look like they can be used on a wide variety of surfaces.  I am going to try some of the oven baked bits.Very rigid fine detail tips.  I was so excited that these are fine enough for delicate writing and as far as I have seen the tip does not become spongy and lose shape easily.  Great for drawing and writing, not sure how great these would be for wide coverage/coloring type things.Highly super recommend.  I can't wait to play more with these."
15874,多表面diy/定制群,B07D2LVYQZ,ARTISTRO,US,5,流畅性,负面-出墨过多/漏墨,splatter,"Painting rocks they work well, if the surface is rough the pens splatter ink when hitting a rough spot."
15901,多表面diy/定制群,B07D2LVYQZ,ARTISTRO,US,4,流畅性,负面-出墨过多/漏墨,leaked,I bought these pens for rock painting but a few of the pens leaked which was a tremendous disappointment.
16000,多表面diy/定制群,B07D2LVYQZ,ARTISTRO,US,5,性价比,负面-价格昂贵,expensive,"I am an art director (have used many very expensive markers) and these have exceeded my expectations. Order arrived as stated, on time and each marker is individually sealed in the box. Comes with excellent, clear directions for proper use and production. Colors are fantastic and opaque. Pens needs very little pressure and glide like butter. (And that is saying a lot because I bought these for writing and fine line outlining on rocks.) I highly recommend!  BTW Artistro, beautiful packaging!"
16005,纸面手账/装饰书写群,B07D2LVYQZ,ARTISTRO,US,3,教育与启发,负面-有学习门槛,hard to use,"I bought these pens to use on a backpack for a project. The colors showed up, although I had to go over them a few times. The pens are hard to use on the rougher fabric of the backpack and I ended up stippling more than writing. I also edged the lettering with black sharpie to make it crisper since the colors sprayed a bit from the pens on the fabric. Overall, I would buy these again."
16066,纸面手账/装饰书写群,B07D2LVYQZ,ARTISTRO,US,3,色彩饱和度与混合,负面-暗淡/褪色,washed out,I was pretty disappointed with these. I bought them to use for a scrapbook after the other great reviews but was left disappointed. The metallic look doesn't come across very well and the colour seems really washed out. All of these came across very silvery because of the metallic look. I had to run the pen over the same spot multiple times to get the colour to come across. This just wasn't a good choice for the project I needed it for. These were better than the glitter version though.
16122,纸面手账/装饰书写群,B07D2LVYQZ,ARTISTRO,US,5,流畅性,负面-出墨过多/漏墨,bleed through,"After a few months of using them intermittently, they are still juicy and perfect.  Great for journaling, but they generally bleed through, like most markers."
16128,儿童/课堂使用群,B07D2LVYQZ,ARTISTRO,US,1,笔头表现,负面-细节控制差,scratchy,Very disappointed.  My order just arrived and I was excited to open them up especially since I was searching for metallic markers.  These did not deliver as I expected.  They are extremely scratchy and you can even hear the scratchy sound as you are writing!  I would return them but they were purchased with homeschool funds and I'd have to pay for shipping plus the headache of dealing with the charter school so basically it will be a waste of funds.  I will continue my search for metallic markers for my daughter's art projects.  Take my advice and look elsewhere.
16128,儿童/课堂使用群,B07D2LVYQZ,ARTISTRO,US,1,流畅性,负面-干涩/刮纸/断墨,scratchy,Very disappointed.  My order just arrived and I was excited to open them up especially since I was searching for metallic markers.  These did not deliver as I expected.  They are extremely scratchy and you can even hear the scratchy sound as you are writing!  I would return them but they were purchased with homeschool funds and I'd have to pay for shipping plus the headache of dealing with the charter school so basically it will be a waste of funds.  I will continue my search for metallic markers for my daughter's art projects.  Take my advice and look elsewhere.
16137,纸面手账/装饰书写群,B07D2LVYQZ,ARTISTRO,US,4,教育与启发,负面-有学习门槛,difficult to use,"Wanted to have a hobby and scrapbooking interested me. This is the first time I've ever used stencils or paint markers or scrapbooked. Only worked on the cover tonight and this is my first attempt so kind of crooked and sloppy. Purchased all the materials on Amazon. As a beginner I'm happy. I only tried the gold one out but against black had pretty good saturation. And not too difficult to use with stencils when starting out for the very first time. Tips are fine enough. Seemed to dry pretty quickly which I was happy about cause I'm impatient lol. Only downside is you have to shake them a lot in between pausing what you're doing or else it comes out dry and the tip kind of scratches your base cardboard or paper and  ruins it a little until you go over it once it's liquidy again. But for the price and a beginner set, not sure what the other colors will look like yet but I'm happy with the gold! And glides pretty smoothly when shaken up well and liquidy. Got the beginner job done. :)"
16232,精细绘画/插画创作群,B07D2M6B23,ARTISTRO,US,5,色彩饱和度与混合,负面-遮盖力差/透明,runny,"These pens are super easy to use, fast filling &amp; not thin or runny.<br>Allows me to add fine detailing to my work."
16301,儿童/课堂使用群,B07D2M6B23,ARTISTRO,US,5,性价比,负面-价格昂贵,bit pricey | pricey,"The grandkids used these to write messages on painted rocks etc.  Worked as promised.  Good quality, however these products seem a bit pricey."
16327,多表面diy/定制群,B07D2M6B23,ARTISTRO,US,5,笔头表现,负面-笔头磨损分叉,clogged,Love these markers! They are great for writing on rocks! They make a very thin line! And they haven’t clogged on me yet!
16357,多表面diy/定制群,B07D2M6B23,ARTISTRO,US,5,性价比,负面-价格昂贵,a little expensive | expensive,We bought these for making Christmas ornaments on wood slices. They work perfect and don’t blob like others we have bought. I do think they are a little expensive but happy with the quality.
16485,多表面diy/定制群,B07D2M6B23,ARTISTRO,US,5,笔身与易用性,负面-握持不适,too wide,"Wow, I wish that I had found these pens months ago!  They are fantastic.  I paint rocks and I have tried other paint pens before and they didn’t work — they either didn’t cover darker colours, were transparent, or were too wide for detail.  These pens are perfect — you can do fine detail with them and they cover over any other colour of paint on the rock.  They also dry fairly quickly — dry to the touch in 15 minutes or so, and dried completely in a couple of hours.  You won’t regret buying these paint pens!"
16532,填色/大面积上色群,B07D2M6B23,ARTISTRO,US,1,流畅性,负面-漆感差/稀薄/起泡,paint is thin,Paint is thin and comes out in surges so it causes splotches of paint on your work. Ok for filling in large areas. I won’t be buying them again.
16570,多表面diy/定制群,B07D2M6B23,ARTISTRO,US,5,流畅性,负面-出墨过多/漏墨,too much ink,"When I bought them, I had two possible outcomes in my mind: when writing on glass, the ink would be semi transparent, or they would release too much ink and smudge.I was happily surprised when they didn't do any of this: they leave a very clean mark, it is like writing on paper. Very recommend for this purpose!"
16634,多表面diy/定制群,B07D2M6B23,ARTISTRO,US,2,流畅性,负面-干涩/刮纸/断墨,skipping,"Maybe I got a bad batch, but these things have caused such a headache for me. After shaking, I took the cap off and ink flung all across my desk leaving little pools of black paint everywhere. Totally ruined my desk mat, I'll be scrubbing it off my hands for days, and the ornaments I got them for it wouldn't even work on them (wooden). The paint kept skipping, so I'd replace the cap, shake, and try again only to have more pools of black ink everywhere except on the ornaments. Whole box is going in the garbage along with my desk mat and about five ornaments that got ruined in the process. What a waste."
16636,多表面diy/定制群,B07D2M6B23,ARTISTRO,US,5,流畅性,负面-出墨过多/漏墨,splatter,I use these for my rock painting and fine lines in my artworks. I like them a lot.Not running or clogging so far.No smearing during sealingTip is a bit tricky with rocks they are not like a brush and so you must move them a certain way so they don't skip and drag leaving a splatter but once you get the feel of it down its all good.
16680,多表面diy/定制群,B07D2M6B23,ARTISTRO,US,2,流畅性,负面-漆感差/稀薄/起泡,paint is thin,"Bought these paint markers for glass painting projects since it advertised that it could be used on glass, but this isn't the case. The paint is thin and easily rubs off even when dry. Acrylic paint causes the marker on glass to chip easily and lines are no longer straight."
16680,多表面diy/定制群,B07D2M6B23,ARTISTRO,US,2,墨水特性,负面-易褪色/不防水,rubs off,"Bought these paint markers for glass painting projects since it advertised that it could be used on glass, but this isn't the case. The paint is thin and easily rubs off even when dry. Acrylic paint causes the marker on glass to chip easily and lines are no longer straight."
16695,多表面diy/定制群,B07D2M6B23,ARTISTRO,US,3,流畅性,负面-漆感差/稀薄/起泡,too thin,I used it in wood and the plastic tip did not work well for me. A “felt tip” would have worked much better. The plastic tip was too thin and did not make a smooth line on the wood.
16695,多表面diy/定制群,B07D2M6B23,ARTISTRO,US,3,笔身与易用性,负面-握持不适,too thin,I used it in wood and the plastic tip did not work well for me. A “felt tip” would have worked much better. The plastic tip was too thin and did not make a smooth line on the wood.
16719,精细绘画/插画创作群,B07D2M6B23,ARTISTRO,US,1,笔头耐用性,负面-寿命不匹配,dried out,"I was very excited to get these pens to use in some detailed painting for a wood carved piece.  To my disappointment, the white pen, the only one I had used of the set, dried out before I finalized my first project."
16812,儿童/课堂使用群,B07D2M6B23,ARTISTRO,US,2,笔身与易用性,负面-材质/做工差,break,"I used this on decorating ceramic tiles for a school project.  The ink came out easily and wrote beautifully; however, when it dried, it flaked off easily.  Then, I tried sealing the tiles with mod podge, but that just ended up breaking the writing apart and sliding/slipping the chunks of paint across the tile with the paintbrush. It may work well on other surfaces, but it's a no go for tiles."
16812,儿童/课堂使用群,B07D2M6B23,ARTISTRO,US,2,表面/介质表现,负面-在金属(Metal)上表现差,flaked off,"I used this on decorating ceramic tiles for a school project.  The ink came out easily and wrote beautifully; however, when it dried, it flaked off easily.  Then, I tried sealing the tiles with mod podge, but that just ended up breaking the writing apart and sliding/slipping the chunks of paint across the tile with the paintbrush. It may work well on other surfaces, but it's a no go for tiles."
16865,多表面diy/定制群,B07D2M6B23,ARTISTRO,US,3,墨水特性,负面-易褪色/不防水,not waterproof,"These are definitely not waterproof..the description says waterproof resistant but I wouldn't even say they are that. They do write on glass which is why I purchased them, but even after drying a little water and they wipe right off."
16865,多表面diy/定制群,B07D2M6B23,ARTISTRO,US,3,场景表现,负面-不能多表面DIY,not waterproof,"These are definitely not waterproof..the description says waterproof resistant but I wouldn't even say they are that. They do write on glass which is why I purchased them, but even after drying a little water and they wipe right off."
16877,多表面diy/定制群,B07D2M6B23,ARTISTRO,US,2,色彩饱和度与混合,负面-暗淡/褪色,dull,"They’re alright.The fine tips do not last a very long time, they start dulling down after the first few strokes. It is a bit annoying, but that doesn’t mean they don’t work. Nonetheless if you’re looking for a super fine tip that will last you a while, look elsewhere. Also, I don’t think I would recommend using these on glass as they scratch away VERY easily."
16898,多表面diy/定制群,B07D2M6B23,ARTISTRO,US,4,墨水特性,负面-消耗快,doesn't last long,"They are great, but I used them on a ceramic mug and baked it. The design stayed on the mug for maybe a week and that was with hand washing the mug only with a soft a sponge. I may have done something incorrectly, but just a heads up it doesn't last long."
17079,精细绘画/插画创作群,B07D2M6B23,ARTISTRO,US,3,笔头表现,负面-细节控制差,skips,I purchased this to add details to my acrylic paintings and it runs and skips and splatters and is just not great :( have ruined a few of my paintings that I was working on. 3 starts because I’m sure it would be fine on paper.
17079,精细绘画/插画创作群,B07D2M6B23,ARTISTRO,US,3,流畅性,负面-干涩/刮纸/断墨,skips,I purchased this to add details to my acrylic paintings and it runs and skips and splatters and is just not great :( have ruined a few of my paintings that I was working on. 3 starts because I’m sure it would be fine on paper.
17079,精细绘画/插画创作群,B07D2M6B23,ARTISTRO,US,3,流畅性,负面-出墨过多/漏墨,splatter,I purchased this to add details to my acrylic paintings and it runs and skips and splatters and is just not great :( have ruined a few of my paintings that I was working on. 3 starts because I’m sure it would be fine on paper.
17083,多表面diy/定制群,B07D2M6B23,ARTISTRO,US,5,笔头表现,负面-细节控制差,too thick,I ordered these markers for writing on wood slice ornaments. They seem to work very well so far. I've only used one marker but the tip is exactly what I wanted. Some of the other markers out there seem to be WAY too thick. These are a good thickness.
17083,多表面diy/定制群,B07D2M6B23,ARTISTRO,US,5,笔身与易用性,负面-握持不适,too thick,I ordered these markers for writing on wood slice ornaments. They seem to work very well so far. I've only used one marker but the tip is exactly what I wanted. Some of the other markers out there seem to be WAY too thick. These are a good thickness.
17155,儿童/课堂使用群,B07D2M6B23,ARTISTRO,US,1,性价比,负面-价格昂贵,waste of money | a waste of money,Got these for my daughter that draws and she said it was a waste of money says they dry up quick so not much use in them.
17238,多表面diy/定制群,B07HLQFQ5F,ARTISTRO,US,3,笔头耐用性,负面-寿命不匹配,dry out,"These pens are a pretty good value for their cost, however the design of the tip on the thin tipped pens tend to “flick” paint on a surface that isn’t perfectly smooth - like stone or wood, and the thicker tipped pens dry out really quickly and need a lot more pumping and shaking to keep the stream constant. The paint inside also separates a LOT, and quickly, so you will need to shake them again even if you put them down for a moment while using them. The tips also flood frequently, so light, continuous pressure is key. I think Artistro is a good value but if you’re interested in painting detail, or being able to switch colors without a lot of effort, Posca is the brand to buy."
17312,多表面diy/定制群,B07HLQFQ5F,ARTISTRO,US,4,色彩饱和度与混合,负面-暗淡/褪色,dull,"I paint rocks...<br><br>I‘ve developed a love/hate relationship with these pens. They can be great or awful depending on the surface you’re working on<br><br>The colors are fantastic and the pigment density/coverage can be very good. They take a little longer to shake/mix the other pens. If not shaken long enough the pigment doesn’t mix with its base and you’ll get a weird syrupy liquid that’s not true to its color. It usually winds up being much darker than it should be. This can create problems with inconsistencies and color that doesn’t match. So shake, shake shake and have a piece of paper handy to dab, dab dab! You’ll need to “milk” the pen to bleed off any unmixed color that collects at the nib.<br><br>The paint is shiny which I didn’t expect &amp; might be helpful for shoppers to know. When working on a hard, non porous surface the first coat of paint will dry quickly and peel as you’re still applying color. This leads to a terrible surface texture as little bits of paint flakes pull up and mix in leaving a lumpy, bumpy, ugly designs. I was ready to toss these in the garbage til I tried them on a new type of rock I purchased...then everything changed!! On the slightly more porous rocks they were incredible!! None of the same issues existed. They created an even, densely colored coat with no flaking issues!<br><br>There’s one aspect to these pens that are superior to poscas. The nibs are harder (and maybe even smaller?) and the paint consistency slight different so you can get really thin lines and so some very precise work<br><br>It might be wise to get a smaller set of these if available to try them first and see how they do on the surface you’re planning to work with. If it’s a match then you’ll really enjoy these pens and the colors offered<br><br>I’ve attached a picture of a few of the rocks I’ve made. I mix media so keep in mind that not all the colors seen here are from the markers<br><br>UPDATE: I’ve come back to update my review after working with these pens for a good length of time. I’m loving them! I never even use my expensive Posca pens anymore. The density of color and range of colors is fantastic! The “texture” of the paint is beautiful to work with. The only draw back is the shaking/mixing of the pens. It is difficult to mix them well....it takes a good bit of shaking and “milking” before you start to paint. It’s a small gripe but it’d be easier if they mixed quicker and more thoroughly.<br><br>Originally I didn’t like the sheen of these pens since I was used to the Poscas but now I’ve come to hate the Poscas chalky finish which can create an uneven surface and clumps and looks dull in comparison. These pens make a nice even fluid coat<br><br>I’ve added a few more pictures of my newer pieces. I love what these pens can do!"
17312,多表面diy/定制群,B07HLQFQ5F,ARTISTRO,US,4,外观与包装,负面-外观廉价/丑,ugly design,"I paint rocks...<br><br>I‘ve developed a love/hate relationship with these pens. They can be great or awful depending on the surface you’re working on<br><br>The colors are fantastic and the pigment density/coverage can be very good. They take a little longer to shake/mix the other pens. If not shaken long enough the pigment doesn’t mix with its base and you’ll get a weird syrupy liquid that’s not true to its color. It usually winds up being much darker than it should be. This can create problems with inconsistencies and color that doesn’t match. So shake, shake shake and have a piece of paper handy to dab, dab dab! You’ll need to “milk” the pen to bleed off any unmixed color that collects at the nib.<br><br>The paint is shiny which I didn’t expect &amp; might be helpful for shoppers to know. When working on a hard, non porous surface the first coat of paint will dry quickly and peel as you’re still applying color. This leads to a terrible surface texture as little bits of paint flakes pull up and mix in leaving a lumpy, bumpy, ugly designs. I was ready to toss these in the garbage til I tried them on a new type of rock I purchased...then everything changed!! On the slightly more porous rocks they were incredible!! None of the same issues existed. They created an even, densely colored coat with no flaking issues!<br><br>There’s one aspect to these pens that are superior to poscas. The nibs are harder (and maybe even smaller?) and the paint consistency slight different so you can get really thin lines and so some very precise work<br><br>It might be wise to get a smaller set of these if available to try them first and see how they do on the surface you’re planning to work with. If it’s a match then you’ll really enjoy these pens and the colors offered<br><br>I’ve attached a picture of a few of the rocks I’ve made. I mix media so keep in mind that not all the colors seen here are from the markers<br><br>UPDATE: I’ve come back to update my review after working with these pens for a good length of time. I’m loving them! I never even use my expensive Posca pens anymore. The density of color and range of colors is fantastic! The “texture” of the paint is beautiful to work with. The only draw back is the shaking/mixing of the pens. It is difficult to mix them well....it takes a good bit of shaking and “milking” before you start to paint. It’s a small gripe but it’d be easier if they mixed quicker and more thoroughly.<br><br>Originally I didn’t like the sheen of these pens since I was used to the Poscas but now I’ve come to hate the Poscas chalky finish which can create an uneven surface and clumps and looks dull in comparison. These pens make a nice even fluid coat<br><br>I’ve added a few more pictures of my newer pieces. I love what these pens can do!"
17312,多表面diy/定制群,B07HLQFQ5F,ARTISTRO,US,4,性价比,负面-价格昂贵,expensive,"I paint rocks...<br><br>I‘ve developed a love/hate relationship with these pens. They can be great or awful depending on the surface you’re working on<br><br>The colors are fantastic and the pigment density/coverage can be very good. They take a little longer to shake/mix the other pens. If not shaken long enough the pigment doesn’t mix with its base and you’ll get a weird syrupy liquid that’s not true to its color. It usually winds up being much darker than it should be. This can create problems with inconsistencies and color that doesn’t match. So shake, shake shake and have a piece of paper handy to dab, dab dab! You’ll need to “milk” the pen to bleed off any unmixed color that collects at the nib.<br><br>The paint is shiny which I didn’t expect &amp; might be helpful for shoppers to know. When working on a hard, non porous surface the first coat of paint will dry quickly and peel as you’re still applying color. This leads to a terrible surface texture as little bits of paint flakes pull up and mix in leaving a lumpy, bumpy, ugly designs. I was ready to toss these in the garbage til I tried them on a new type of rock I purchased...then everything changed!! On the slightly more porous rocks they were incredible!! None of the same issues existed. They created an even, densely colored coat with no flaking issues!<br><br>There’s one aspect to these pens that are superior to poscas. The nibs are harder (and maybe even smaller?) and the paint consistency slight different so you can get really thin lines and so some very precise work<br><br>It might be wise to get a smaller set of these if available to try them first and see how they do on the surface you’re planning to work with. If it’s a match then you’ll really enjoy these pens and the colors offered<br><br>I’ve attached a picture of a few of the rocks I’ve made. I mix media so keep in mind that not all the colors seen here are from the markers<br><br>UPDATE: I’ve come back to update my review after working with these pens for a good length of time. I’m loving them! I never even use my expensive Posca pens anymore. The density of color and range of colors is fantastic! The “texture” of the paint is beautiful to work with. The only draw back is the shaking/mixing of the pens. It is difficult to mix them well....it takes a good bit of shaking and “milking” before you start to paint. It’s a small gripe but it’d be easier if they mixed quicker and more thoroughly.<br><br>Originally I didn’t like the sheen of these pens since I was used to the Poscas but now I’ve come to hate the Poscas chalky finish which can create an uneven surface and clumps and looks dull in comparison. These pens make a nice even fluid coat<br><br>I’ve added a few more pictures of my newer pieces. I love what these pens can do!"
17356,多表面diy/定制群,B07HLQFQ5F,ARTISTRO,US,4,性价比,负面-价格昂贵,expensive,"I bought these paint pens because I really didnt want to wait 8 weeks for the delivery of the posca brand. These are quite a bit more expensive as well but you get 42 colors and wow I dont know what I'm going to do with them all. I did test out a few shades on a caterpillar rock and a spin off rainbow flower (which also has the glitter pens on it). I am really enjoying these pens, they seem delicate though and I was being a little more gentle with them than I normally would. The one part I enjoyed the least was having to unwrapped every individual color. It was alot of work to get 42 pens of plastic off then shake and prime them all."
17362,精细绘画/插画创作群,B07HLQFQ5F,ARTISTRO,US,5,绘画表现,负面-涂色不均,streak | streaking,These are a game changer! Drawing has always come much easier to me than painting. These not only created even color without streaking but really allowed me to have better control in areas that required detail. I was always leery of paint pens as I hadn’t had much luck in the past but I’ve been nothing but impressed with these!
17441,多表面diy/定制群,B07HLQFQ5F,ARTISTRO,US,4,色彩饱和度与混合,负面-暗淡/褪色,pale,"I am using this product so far for rock painting.  My designs are rather intricate so I really needed an extra-fine tip.  I have found that the paint doesn't come out consistently.  Sometimes it is thin--maybe because I didn't shake it enough--or too much paint--which may be caused by pushing down on the tip too many times--I'm really not sure.  I think I need to practice some more to get it just right.  The paint has great coverage, dries quickly and has a wonderful variety of colors.  I'm looking forward to mixing the colors on a palette to see if they can be expanded even more and then using a rigger brush for the very fine lines and spaces.  Very easy to use as the barrel is the size of a regular pen.  Enjoy!!"
17533,多表面diy/定制群,B07HLQFQ5F,ARTISTRO,US,1,墨水特性,负面-易褪色/不防水,rubs off,"I purchased these hoping that i could use them for glass or plastic ornaments.  After much testing, the paint just rubs off after even a week of sitting.  I spent a lot of money buying the black and white and the multi-colored set.  Maybe they work on paper but that is not why i purchased them."
17553,精细绘画/插画创作群,B07HLQFQ5F,ARTISTRO,US,4,流畅性,负面-出墨过多/漏墨,leaked,"I love them but some of them have started to leak when you’re using them. There were two that leaked when the package arrived, a week later there are 7 that leak too much to use for precise details."
17628,多表面diy/定制群,B07HLQFQ5F,ARTISTRO,US,3,色彩饱和度与混合,负面-遮盖力差/透明,watery,"I bought a pack to get into rock painting, at first I was impressed by the fine detail, soon learned that some of the pens just simply didn't work, some came out way to watery to the point it would only paint on paper, and others seemed to be clogged or the nib just didn't dispense the paint properly, maybe I just had it unlucky with my pack maybe not, either way I don't reccomend this product for people who are serious and professional with projects, otherwise its probably fine."
17628,多表面diy/定制群,B07HLQFQ5F,ARTISTRO,US,3,笔头表现,负面-笔头磨损分叉,clogged,"I bought a pack to get into rock painting, at first I was impressed by the fine detail, soon learned that some of the pens just simply didn't work, some came out way to watery to the point it would only paint on paper, and others seemed to be clogged or the nib just didn't dispense the paint properly, maybe I just had it unlucky with my pack maybe not, either way I don't reccomend this product for people who are serious and professional with projects, otherwise its probably fine."
17638,多表面diy/定制群,B07HLQFQ5F,ARTISTRO,US,5,色彩饱和度与混合,负面-遮盖力差/透明,watered down,I absolutely love this product for rock painting and won't use anything else. Super easy to use and colors are vibrant. Paint quality is great too it doesn't run and isn't watered down. Will definitely be buying again
17664,多表面diy/定制群,B07HLQFQ5F,ARTISTRO,US,5,购买与服务体验,负面-运输/损坏,pen was missing,"These pens are wonderful. They flow smoothly and have a nice fine line for details. I am a crafter in many different directions (rock painting, paper crafting, and jewelry). These pens have vivid color and easy application for whatever project I am currently working on.When I received this set there was a duplicate color in the box and the red pen was missing. I contacted the seller and they sent me the red pen in about 3 days. Very nice and personable support person. Her name was Cornelia and I thank her for her prompt resolution to the missing pen, and for her pleasant correspondence.I would not hesitate to recommend these pens to someone who is a seasoned artist, or a beginner."
17712,多表面diy/定制群,B07HLQFQ5F,ARTISTRO,US,5,流畅性,负面-干涩/刮纸/断墨,skipping,These paint pens are top-notch!  I use them for painting rocks and other crafts.  No issues with bleeding or skipping.  Very smooth!  Highly recommend!
17771,多表面diy/定制群,B07HLQFQ5F,ARTISTRO,US,5,性价比,负面-价格昂贵,expensive,"This pack was a bit expensive but it has a great selection of colors so I decided to get it. I’m pretty happy with it, I’ve only just begun to learn how to do rock painting and these are going to make it a bit easier for me I think. I noticed that the lighter colors need extra coats but the darker colors can sometimes get away with just one coat, which is nice."
17873,多表面diy/定制群,B07HLQFQ5F,ARTISTRO,US,5,色彩饱和度与混合,负面-遮盖力差/透明,streaky,"These pens work wonderfully on wood projects! They are vibrant, some colors take 2 coats to keep from looking streaky, but they are definitely worth it!"
17873,多表面diy/定制群,B07HLQFQ5F,ARTISTRO,US,5,绘画表现,负面-涂色不均,streak | streaky,"These pens work wonderfully on wood projects! They are vibrant, some colors take 2 coats to keep from looking streaky, but they are definitely worth it!"
17873,多表面diy/定制群,B07HLQFQ5F,ARTISTRO,US,5,表面/介质表现,负面-在石头上表现差,streaky,"These pens work wonderfully on wood projects! They are vibrant, some colors take 2 coats to keep from looking streaky, but they are definitely worth it!"
17875,儿童/课堂使用群,B07HLQFQ5F,ARTISTRO,US,2,性价比,负面-价格昂贵,don't waste your money,"I completely ran out of both the ""light and dark blues"" before I could finish this sign for my son. As you can see, it's not a real big sign (attached pics with measurements for the sign itself, so you can see how much of each light and dark blue I used) and I've spent way too long on it. It's for his kindergarten class, teach wanted us to make a reading nook. My son likes Minecraft and isn't a big fan of sitting down for long enough to actually read anything for longer than 5 mins... So I tried to ""theme"" his reading nook for him so he'd actually be interested.. I'm pissed I have to order another set of these lame ass markers to finish the his sign so the colors match. Don't waste your money. There are better paint markers out there, please don't fall for the ""deal."""
17905,精细绘画/插画创作群,B07HLQFQ5F,ARTISTRO,US,5,笔头耐用性,负面-寿命不匹配,dried out,"Pens work well so far. Only used them for the week since they arrived. Pens make a smooth fine line which make them good for detailed work. Haven't used them all, but so far no dried out pens."
17929,多表面diy/定制群,B07HLQFQ5F,ARTISTRO,US,4,笔头耐用性,负面-寿命不匹配,dried out,"I paint rocks and these are easy to use but beware because some are dried out so they don't paint at all.  I love them, the ones that work. They are expensive and for some not to work is very disappointing."
17929,多表面diy/定制群,B07HLQFQ5F,ARTISTRO,US,4,性价比,负面-价格昂贵,expensive,"I paint rocks and these are easy to use but beware because some are dried out so they don't paint at all.  I love them, the ones that work. They are expensive and for some not to work is very disappointing."
17939,多表面diy/定制群,B07HLQFQ5F,ARTISTRO,US,2,性价比,负面-价格昂贵,pricey,"These pens are terrible, they work for a bit then the paint stops coming out. I clean the tips and still they work when they want to.  I was just checking the date to send back and it’s too late.  I paint smooth rocks with them . Frustrating because they are pricey!!"
17968,精细绘画/插画创作群,B07HLQFQ5F,ARTISTRO,US,3,性价比,负面-价格昂贵,expensive,"Just received these, so will update review once I see how long they last.<br><br>On the pens, pros first:<br><br>-Great assortment of colors<br>-Very fine tip for touchups &amp; detailed artwork<br>-Cap color is spot-on for the color paint that comes out<br><br>Cons:<br>-Very expensive!  More than double what other acrylic paint pens are sold on Amazon for...that alone will stop me from a 2nd purchase.<br>-You can only draw in one direction - meaning that if you draw a line from left to right, then try to go left to go over line again, a little spritz of paint shoots out, very frustrating!<br>-All you get is the pens &amp; box, no other storage bag to put them in.  Every paint pen set I've EVER purchased always included some kind of storage for the pens other than just the box it came in.  Pretty stingy for $45...jeez."
17981,多表面diy/定制群,B07HLQFQ5F,ARTISTRO,US,3,笔头耐用性,负面-寿命不匹配,dried out,"I’ve bought other brands - these are very dried out, not much use out of them at all.  Used for rock painting - color was not vivid, and not much coverage.  Will not buy again"
18034,多表面diy/定制群,B07HLQFQ5F,ARTISTRO,US,2,墨水特性,负面-易褪色/不防水,rubs off | not permanent,These markers doesnt last on glass metal or ceramic surfaces<br>It washes off or rubs off in all 3 cases<br>It’s not permanent or water proof it’s honestly nothing better than a white board marker<br>And the formula isn’t even dissolved completely<br>They do have a pretty range of colors though<br>And they definitely work on paper
18087,儿童/课堂使用群,B07JFPKBWC,ZEYAR,US,3,墨水特性,负面-易褪色/不防水,rubs off,"These paint pens are really easy to use and my kids used them to decorate mugs as gifts for family members. However, after doing the baking in the oven and sitting for a while, the paint still rubs off really easy if it gets wet. So maybe the mugs can be used as pencil holders instead of drinking mugs."
18126,儿童/课堂使用群,B07JFPKBWC,ZEYAR,US,2,墨水特性,负面-易褪色/不防水,not permanent,"These are not permanent!I followed the directions, backed the mugs with the beautiful art, I didn’t even use the mug a full cup of coffee and the colors were smudging.I don’t think you could bake these long enough to set them. I believe these markers might work if used under a sealant for sorts.How sad were my kids and I when our beautified art mugs ended up smudged and botched. So. Sad."
18128,多表面diy/定制群,B07JFPKBWC,ZEYAR,US,5,流畅性,负面-漆感差/稀薄/起泡,paint is thin,"These worked really well! I have two teenagers that were wanting to use every glass in the house and leave them half-filled with milk... all the while neither would take ownership. We had countless ridiculous conversations about it.Went to good will, bought four drinking glasses and two mugs (each kid received two glasses and a mug).  We sat and decorated them, let them dry overnight, and then baked as directed. All items have been through repeated dishwasher cycles without flaking or losing color. Amazing!  Colors are very bright and stay that way. One of the glasses had paint that ran, the paint is thin, but if you use an appropriate amount (don’t glob it on) then it won’t run.So, it didn’t just do what it said - it helped us with our little problem.  Now there’s no question when someone hasn’t washed their own glass or hasn’t finished their milk.  This has solved some ridiculous accountability issues in our home. (Thank The Lord; the struggle is real.)Thinking we’ll use these for gift ideas like spoonrests, Christmas ornaments, etc. and if we start seeing issues with plates and bowls...then we’ll do the same.  🤦🏻‍♀️"
18142,多表面diy/定制群,B07NS6WPNR,ARTISTRO,US,5,绘画表现,负面-涂色不均,streak,"I love Artistro acrylic paint pens. The coverage is nice and solid, they flow beautifully and they don't paint leaving streaks. Be sure to shake them well for the full coverage you'd expect. Perfect for rock painting..I appreciate the very fine tip for close details. RECOMMEND."
18159,多表面diy/定制群,B07NS6WPNR,ARTISTRO,US,1,色彩饱和度与混合,负面-遮盖力差/透明,watery,I really wanted to like these but I just can’t.My initial reason for purchase was to use them with resin art as finishing touches. Fail. So I thought maybe rock painting. Fail. Scrapbooking. Fail. You see where I’m going here.The gold is no shade of gold. It’s ORANGE. And not a pretty orange either. I tried all of the pens in the package and not a single one has a metallic sheen to them. Just orange marker after orange marker.Just take a look at the pictures of the markers from the seller. You’ll notice the silver marker matches on top and bottom - both silver. Then look at the gold. You’ll notice the plastic top piece and cap are gold. But the bottle is orange. That’s what you’re getting.The sliver is metallic silver. But it’s so watery that in order for you to see that you have to do multiple coats which then become clumpy and causes shading due to overlapping paint.I can’t and won’t recommend nor purchase again.(I’m not sure why you’d want a “sheer” paint marker…but I gave that portion 5 stars because that’s exactly what these are - watery)
18358,纸面手账/装饰书写群,B07NS6WPNR,ARTISTRO,US,5,色彩饱和度与混合,负面-遮盖力差/透明,see through,"I'm not sure what ""sheerness"" means. ""Sheer"" means the ability to see through something. I don't think it applies here. The box should tell the user to ""shake well"" before using. You also have to shake and push the tip down while using or the ink won't flow. But these pens do a beautiful job and last quite a while. I addressed 60 holiday cards with one pen and still have ink left. We'll see if they store well for another year."
18358,纸面手账/装饰书写群,B07NS6WPNR,ARTISTRO,US,5,绘画表现,负面-过于透明/覆盖力差,see through,"I'm not sure what ""sheerness"" means. ""Sheer"" means the ability to see through something. I don't think it applies here. The box should tell the user to ""shake well"" before using. You also have to shake and push the tip down while using or the ink won't flow. But these pens do a beautiful job and last quite a while. I addressed 60 holiday cards with one pen and still have ink left. We'll see if they store well for another year."
18445,多表面diy/定制群,B07P6HXKCJ,FLYMAX,US,5,笔头耐用性,负面-寿命不匹配,dried out,"This was a good deal, but ... it took quite awhile to get the paint pen to work.  I think I was pounding on the pen tip for about 10 minutes - not wanting to give up.  I had purchased it to use on our granddaughter's new (dark wood) rocking chair - I had planned to write a personal inscription on the underside of the darkly stained wooden seat and this white paint pen worked wonderfully (ONCE I was able to get the ink to flow).  I am very happy that it wasn't dried out before I even got to use it.  So, if you purchase this and think it won't write, I'd recommend having a little more patience and tell you to continue pressing down on the tip because the ink will (eventually) start flowing out.  Overall, I am very satisfied that I was able to write ""nicely"" with this paint pen.  And, I'm even happier that it came in a set ... so, I'll have more for 'future' gifts.  After I finished writing our personal message on the underside of the seat, I sprayed a clear coat over it to be sure that it wouldn't scratch off easily."
18487,纸面手账/装饰书写群,B07P6HXKCJ,FLYMAX,US,5,流畅性,负面-出墨过多/漏墨,splatter,I used the white pens to outline all of my flowers! Really brought the whole painting together and they worked great! They do gave a harder tip and it’s not soft like felt. Almost like a calligraphy pen! Super cool. I did notice if I pressed too hard I got some splattering but that’s from my technique not the pens themselves :P
18503,多表面diy/定制群,B07P6HXKCJ,FLYMAX,US,5,色彩饱和度与混合,负面-暗淡/褪色,faded,"I bought these pens because my boss didn't want to replace is sturdy old calculator which is upwards of 25 years old now.  The numbers which were bright white had faded off the keypad which is grey.  I purchased these on the hopes it would work.... and they did.  Very easy to use once you prime the pen.  It was neat, my boss is happy that he can now see the numbers again and he has extra pens now to use on whatever he wants.These work great on plastic.  We let the paint dry overnight before using the calculator.  I have used them on paper as well and they work fine on paper."
18508,多表面diy/定制群,B07P6HXKCJ,FLYMAX,US,1,流畅性,负面-出墨过多/漏墨,leaked,These DO NOT work like pens on wood. It completely leaked on my guest book like paint pouring out of a pen. Would not recommend!! Sadly didn’t test these prior to my wedding and ended up using a sharpie as guestbook pen. So bummed.
18553,儿童/课堂使用群,B07P6HXKCJ,FLYMAX,US,5,笔身与易用性,负面-材质/做工差,break,"I tried a different brand before I tried these. The first one was so disappointing that I nearly gave up. Then I found these. The paint flows smoothly, and the tips don't break or leak even in the hands of kids. Love them!"
18631,精细绘画/插画创作群,B07P6HXKCJ,FLYMAX,US,4,流畅性,负面-出墨过多/漏墨,splatter,"The tips of these pens are nice and fine, which makes for better precision and detailing. The ink flow is good too. I bought these pens for art purposes and I needed a paint pen with a nice fine tip. I sometimes use white paint pens to draw over painted pictures, or to add extra highlights to a subject. I tested these pens on black paper, and an acrylic piece that was mixed with Liquitex pouring medium so it dried with a glossy finish. It looked really good on both surfaces and it dried well on the glossy surface of my painting when I thought it wouldn't. One thing to note is if you're drawing over a bumpy surface, the ink has a tendency to splatter which might make it harder for craft or textured pieces. But all in all these pens do a great job."
18645,儿童/课堂使用群,B07P6HXKCJ,FLYMAX,US,5,笔头耐用性,负面-寿命不匹配,dried out,I bought 2 packs of these for a class art project. Every one worked perfectly. No pooling or dried out markers. 8th grade students used them easily. Paint was opaque when applied to a cd. I would recommend; performed as promised.
18677,多表面diy/定制群,B07P6HXKCJ,FLYMAX,US,4,流畅性,负面-出墨过多/漏墨,blotchy,"Used this on my child's growth chart. A bit blotchy on wood surface, other then that it's a good product. Comes with 6 markers so that's a deal in itself."
18677,多表面diy/定制群,B07P6HXKCJ,FLYMAX,US,4,绘画表现,负面-涂色不均,blotchy,"Used this on my child's growth chart. A bit blotchy on wood surface, other then that it's a good product. Comes with 6 markers so that's a deal in itself."
18764,儿童/课堂使用群,B07P6HXKCJ,FLYMAX,US,2,笔头耐用性,负面-寿命不匹配,dried out,I bought these for my daughter for her painting. I ordered in July31. Today is Aug 8 and none of them are working. They have dried out. Disappointed they worked well at first.
18766,纸面手账/装饰书写群,B07P6HXKCJ,FLYMAX,US,5,色彩饱和度与混合,负面-暗淡/褪色,faded,"These White Paint Pens are very easy to use. They are not sheer for my usage, which is great. I use them to refresh the raised numbers on plastic cards, like bank, debit, credit cards! It is difficult to see, use and scan cards once the paint on the numbers has faded. The paint seems to fade frequently even when cards are kept in sleeves.Used carefully, it is easy to use the White paint pens and they make the letters and numbers appear so bright and clear. If pressed too hard, the paint will spread beyond the number, but it was easy to quickly wipe away the excess with a cotton swab, a thin point tweezer or a metal nail file. Using these Pens saves a lot of time, particularly during pandemic when it is sometimes difficult to reach rep’s and to order duplicate cards without having to frequently change account numbers .These also worked on backs of remotes, battery compartments  or plastic items, bottoms of rechargeable candles, wood items.  These “highlight” items with raised lettering There’s a number of ideas that one could use these."
18906,精细绘画/插画创作群,B07P6HXKCJ,FLYMAX,US,5,笔头表现,负面-笔头磨损分叉,clogged,"I have spent so much money on white pens to add details to my art. Too often the pens get clogged and stop working before the ink is out. These art pens have worked through drying and dry paint. They are easy to use and the flow is perfect, as it does not leak out.  I think I finally found my forever white art pen!"
18906,精细绘画/插画创作群,B07P6HXKCJ,FLYMAX,US,5,笔头耐用性,负面-寿命不匹配,stop working,"I have spent so much money on white pens to add details to my art. Too often the pens get clogged and stop working before the ink is out. These art pens have worked through drying and dry paint. They are easy to use and the flow is perfect, as it does not leak out.  I think I finally found my forever white art pen!"
18913,多表面diy/定制群,B07P6HXKCJ,FLYMAX,US,4,笔头耐用性,负面-寿命不匹配,dry out,I use them for writing on metal. The fine tip is great for accurate measurement lines. I also love the fact the marks say Visible even after the Metal has been heated up from welding.  The tip doesn’t dry out like other paint marks do.  I would highly recommend them for anybody who welds.
18989,多表面diy/定制群,B07P6HXKCJ,FLYMAX,US,3,表面/介质表现,负面-在木材上表现差,bleeds into the wood grain,"As long as you follow directions and shake them and pump the tip before using, the paint flows out very well.Unfortunately I havent gotten to use them much because they did not work for what I purchased them for.  It claims they work well on wood, however, if you are trying to write words on wood (even wood already painted rather than raw and untreated) the paint bleeds into the wood grains.  Because of this, I'm not sure how you could really use them on wood unless to paint a small piece of wood completely.Other than that, I feel the product works fine.  I just have to figure out what else I can use them for now."
19119,多表面diy/定制群,B07P6HXKCJ,FLYMAX,US,1,色彩饱和度与混合,负面-遮盖力差/透明,watery,"I was really disappointed with these, I bought them to write on wood for a project and the pens splatter when you write with them and the paint is watery."
19119,多表面diy/定制群,B07P6HXKCJ,FLYMAX,US,1,流畅性,负面-出墨过多/漏墨,splatter,"I was really disappointed with these, I bought them to write on wood for a project and the pens splatter when you write with them and the paint is watery."
19237,多表面diy/定制群,B07P6HXKCJ,FLYMAX,US,4,流畅性,负面-出墨过多/漏墨,splatter,"The product functionality is great - paint flows out in a controlled manner and you can adjust how think you write by bringing more paint to the felt tip. Didn’t leak or splatter. My only qualm is the quality of the paint being too thin and sheer. I used these on painted pieces of wood. When writing on light green, the white paint pen worked just fine and didn’t require extra layers. However, when writing on a metallic gold, I had to rewrite and layer the writing MULTIPLE times for the white paint to appear clean and easily visible. All in all, these are perfect if you are writing on a lighter color material or maybe even a non-porous material. But not so great if using on a darker porous material."
19237,多表面diy/定制群,B07P6HXKCJ,FLYMAX,US,4,流畅性,负面-漆感差/稀薄/起泡,too thin,"The product functionality is great - paint flows out in a controlled manner and you can adjust how think you write by bringing more paint to the felt tip. Didn’t leak or splatter. My only qualm is the quality of the paint being too thin and sheer. I used these on painted pieces of wood. When writing on light green, the white paint pen worked just fine and didn’t require extra layers. However, when writing on a metallic gold, I had to rewrite and layer the writing MULTIPLE times for the white paint to appear clean and easily visible. All in all, these are perfect if you are writing on a lighter color material or maybe even a non-porous material. But not so great if using on a darker porous material."
19237,多表面diy/定制群,B07P6HXKCJ,FLYMAX,US,4,笔身与易用性,负面-握持不适,too thin,"The product functionality is great - paint flows out in a controlled manner and you can adjust how think you write by bringing more paint to the felt tip. Didn’t leak or splatter. My only qualm is the quality of the paint being too thin and sheer. I used these on painted pieces of wood. When writing on light green, the white paint pen worked just fine and didn’t require extra layers. However, when writing on a metallic gold, I had to rewrite and layer the writing MULTIPLE times for the white paint to appear clean and easily visible. All in all, these are perfect if you are writing on a lighter color material or maybe even a non-porous material. But not so great if using on a darker porous material."
19342,多表面diy/定制群,B07P6HXKCJ,FLYMAX,US,1,墨水特性,负面-易褪色/不防水,comes off easily,comes off easily with water on plastic surfaces.
19349,多表面diy/定制群,B07P6HXKCJ,FLYMAX,US,5,笔头耐用性,负面-寿命不匹配,dry out,Work really well and they don't dry out quickly. Absolutely worth the money. Used on wood and canvas so far and it looks great. Will purchase again
19351,多表面diy/定制群,B07P6HXKCJ,FLYMAX,US,5,绘画表现,负面-线条表现差/难控,inconsistent line,"I used these pens to hand personalize glass Christmas ornaments.Consistent white with no blotting. You've got to give the instrument time todeposit the line or whatever your graphic is. If you are too quick, it'll leave an inconsistent line.Just be patient with it."
19399,儿童/课堂使用群,B07P6HXKCJ,FLYMAX,US,1,绘画表现,负面-过于透明/覆盖力差,doesn't cover,I bought these paint pens to use in my classroom for Christmas crafts.  They are horrible!!!  The paint doesn't cover well and they are not user friendly.  I teach fifth grade so my students are capable of using paint pens on their own.  My students even commented that they weren't worth the money I spent.
19452,多表面diy/定制群,B07P6HXKCJ,FLYMAX,US,2,墨水特性,负面-易褪色/不防水,rubs off,Even after applying multiple layers you could barely see it. Rubs off very easy. Do not recommend using on glass. Look for acrylic based markers for glass projects.
19471,纸面手账/装饰书写群,B07P6HXKCJ,FLYMAX,US,5,色彩饱和度与混合,负面-暗淡/褪色,dull,"I have a side business doing mirror calligraphy, mostly for weddings. I used to buy my acrylic paint markers from Miniso which were $1 each, but for whatever reason they discontinued White a couple years ago, so I was then forced to buy either Sharpie brand (not my fave, colour is dull and clogs easily) or Posca (great pens but $7 each and have to buy at an art store).So needless to say when I came across these I was like WHY DIDN’T I THINK TO LOOK ON AMAZON SOONER. I go through SO many pens during wedding season. The colour on these is great, nice and opaque, and they seem to last as long just as any other pens I bought.These are really easy to remove with rubbing alcohol and paper towel.I’m only buying this brand and the thicker rounded tipped version from now on!"
19526,儿童/课堂使用群,B07P6HXKCJ,FLYMAX,US,3,教育与启发,负面-有学习门槛,hard to use,"I bought these white markers for my daughter to use for drawing. She loved them, and uses them to add little details and highlights. She likes the 0.7mm point, because she can add both small or large details. One thing she didn’t like was that it bled through the paper easily. The instructions are easy to follow, but it was hard to use in the first place. We shook the pen as the instructions said, but it took a while."
19597,纸面手账/装饰书写群,B07P6HXKCJ,FLYMAX,US,3,笔头耐用性,负面-寿命不匹配,dry out,I purchased these to do some hand lettering for a wedding project for someone. I purchased these markers because I got 6 markers for a great price. Once you got the paint out of the markers they would work really well but shortly after you get it working great it starts to dry out and you have to keep messing with it to get more paint out and it kind of messed with flow of my project and made it look uneven. I ended up going through my 6 markers a lot quicker than I intended to.
19770,多表面diy/定制群,B07P6HXKCJ,FLYMAX,US,1,笔头耐用性,负面-寿命不匹配,dried out,"It's either dried out, defective or simply not fit for purpose, as getting it to draw a white line is a struggle, due to the minimal amount of dye it releases. I've tried it mostly on wood, but strongly suspect the result will be the same on any other surface."
19806,纸面手账/装饰书写群,B07P6HXKCJ,FLYMAX,US,2,流畅性,负面-出墨过多/漏墨,splatter,"Thickness is perfect but I tried writing it on card stock paper and it just did not work; I had to use multiple layers but it still never looked good. This product, if you hold it a certain way, it splatters paint around. I don’t know how well it works on other materials but on paper, it is no bueno!"
19906,儿童/课堂使用群,B07X1QH66Q,ZSCM QUALITY DECIDES THE FUTURE,US,5,笔头耐用性,负面-寿命不匹配,dry out,"Update: I used these markers on wood ornaments and they work great! The color fades into the wood some on the first set of ornaments I made, so I used a different brand of white acrylic paint to paint a base layer and then used the markers to paint the wintry scene. Overall these markers are well worth the price!These paint markers were great for painting pumpkins. They are easy for kids to use, and the paint washed off hands fairly easy. The price was good. The paint dried quickly on the pumpkins, but the markers did not dry out quickly while using. The markers were great size for children and adult hands. It takes a couple of tries to get the paint to flow well but once they do, they work great."
19967,多表面diy/定制群,B07X1QH66Q,ZSCM QUALITY DECIDES THE FUTURE,US,5,墨水特性,负面-气味难闻,strong smell,"I love these paint markers. They are beautiful bright colors that are metallic. The markers are sturdy, and the paint tips are strong- not wiggly. They don’t have a strong smell. Best part- WATERPROOF!!!!! The markers say they are sun fade resistant, but i have not had my projects in the sun yet. I used these for coffee mug dotting. Paint went on smoothly with great coverage. By far the best paint pens i have purchased!!! Love them so much that i will be buying more in near future!"
19975,多表面diy/定制群,B07X1QH66Q,ZSCM QUALITY DECIDES THE FUTURE,US,4,笔头耐用性,负面-寿命不匹配,dried out,Got it as a lightning deal. Used it for rocks 2 colors were dried out.
20075,纸面手账/装饰书写群,B086XCN9CR,AKARUED,US,1,性价比,负面-价格昂贵,not worth it,Not worth it.  As a person who does calligraphy signs for a living these markers are not the one. It literally smudges.  I'll stick for Sharpie paint.
20086,精细绘画/插画创作群,B086XCN9CR,AKARUED,US,3,流畅性,负面-出墨过多/漏墨,bleed through,"As an artist, white markers are an essential tool in my work. That's why I was thrilled to find these on amazon. However, I found that they tent to bleed through the paper, which can be frustrating when trying to create detailed designs. Additionally, I noticed that they can be hard to clean off your hands and working surface, which can be a drawback for those looking for a more convinient and easy-to-use option"
20173,儿童/课堂使用群,B086XCN9CR,AKARUED,US,1,流畅性,负面-出墨过多/漏墨,leaked | leaked all over,Used these in an art class and they leaked all over the place and ran out of ink in one week. Total bummer :(
20173,儿童/课堂使用群,B086XCN9CR,AKARUED,US,1,购买与服务体验,负面-运输/损坏,leaked all over,Used these in an art class and they leaked all over the place and ran out of ink in one week. Total bummer :(
20173,儿童/课堂使用群,B086XCN9CR,AKARUED,US,1,容量,负面-容量小/消耗快,ran out of ink,Used these in an art class and they leaked all over the place and ran out of ink in one week. Total bummer :(
20191,纸面手账/装饰书写群,B086XCN9CR,AKARUED,US,5,色彩饱和度与混合,负面-暗淡/褪色,dull,"&nbsp;I have a side business doing mirror calligraphy, mostly for weddings. I used to buy my acrylic paint markers from Miniso which were $1 each, but for whatever reason they discontinued White a couple years ago, so I was then forced to buy either Sharpie brand (not my fave, colour is dull and clogs easily) or Posca (great pens but $7 each and have to buy at an art store).<br><br>So needless to say when I came across these I was like WHY DIDN’T I THINK TO LOOK ON AMAZON SOONER. I go through SO many pens during wedding season. The colour on these is great, nice and opaque, and they seem to last as long just as any other pens I bought.<br><br>These are really easy to remove with rubbing alcohol and paper towel.<br><br>I’m only buying this brand and the finer tipped version from now on!"
20195,精细绘画/插画创作群,B086XCN9CR,AKARUED,US,5,绘画表现,负面-涂色不均,streak,"These work GREAT! The ink control is very helpful. They do not streak or leave blotches of color. The brush is thicker than I expected, which is my fault for not paying attention. This is great for outlining and shading, but not much so for intricate details."
20207,多表面diy/定制群,B086XCN9CR,AKARUED,US,5,笔头耐用性,负面-寿命不匹配,dry out,"Perfect for writing on glass or acrylic. Great value. Don't dry out at all, and last long"
20268,精细绘画/插画创作群,B086XCN9CR,AKARUED,US,5,绘画表现,负面-涂色不均,streak,"As someone who does art as a hobby, these AKARUED White Paint Pens have seriously stepped up my creative game. The opacity is fantastic, especially on black paper, where it really makes my designs pop. Whether I’m adding fine details or bold highlights, the precision of these markers makes my work look way more polished and professional than it actually is!The acrylic paint flows smoothly, with no blotching or uneven streaks, and they dry quickly without smudging, which is a huge plus. Honestly, these have become a go-to in my toolkit, and they've helped transform my sketches into pieces that I actually want to frame.If you’re into art, whether professionally or just for fun, these white paint pens are a game-changer. Highly recommend!"
20304,儿童/课堂使用群,B086XCN9CR,AKARUED,US,3,色彩饱和度与混合,负面-暗淡/褪色,dull,Used these for an art lesson as white pastel was going to look too dull. The paint was nice and bright on the black cardstock. I had to warn my students (ages 8-9) not to press the pen too hard or the paint would come out quickly. I had them test it out on scrap paper before putting on artwork. It can get messy if paint comes out quick. Can get on clothes so best not to wear nice clothes. Paint did eventually come off desks (wiped right away). Use with care.
20315,多表面diy/定制群,B086XCN9CR,AKARUED,US,5,性价比,负面-价格昂贵,expensive,"Love these! Worked out perfectly for my DIY project!! Easy to use, inexpensive."
20319,多表面diy/定制群,B086XCN9CR,AKARUED,US,5,笔头表现,负面-细节控制差,scratchy,I thought it would have been scratchy on wood but it did perfect! I loved them!
20319,多表面diy/定制群,B086XCN9CR,AKARUED,US,5,流畅性,负面-干涩/刮纸/断墨,scratchy,I thought it would have been scratchy on wood but it did perfect! I loved them!
20372,儿童/课堂使用群,B086XCN9CR,AKARUED,US,1,笔头耐用性,负面-寿命不匹配,tips didn't last,"These markers fell apart super easy and were not good quality.  Also, the tips didn't last.....I've used LOTS of paint markers in my classroom and these were by far the worst ones."
20372,儿童/课堂使用群,B086XCN9CR,AKARUED,US,1,笔身与易用性,负面-材质/做工差,fell apart,"These markers fell apart super easy and were not good quality.  Also, the tips didn't last.....I've used LOTS of paint markers in my classroom and these were by far the worst ones."
20386,儿童/课堂使用群,B086XCN9CR,AKARUED,US,5,特殊用途,负面-非专业级,good for beginners,These were perfect additions to my supplies for art class. I used them for a couple months and they’re good for beginners to paint pens. They were a little sheer though.
20443,多表面diy/定制群,B086XCN9CR,AKARUED,US,5,墨水特性,负面-消耗快,run out of paint,"I liked how it covered. I used it decoration wood slices and it work like a charm - covered the wood so nicely, and easy to put another color over top. Overall, very pleased, and pleasantly surprised how my first pen hasn’t even run out of paint yet. I use it a lot this time of year making wooden decorations."
20445,儿童/课堂使用群,B086XCN9CR,AKARUED,US,3,墨水特性,负面-气味难闻,stinks,"The pen works well on coated paper, but on construction paper the ink just soaks right into the paper. Which stinks for me, because I teach preschool, and construction paper is what we use for the children's projects, and I wanted them to write names on dark paper. Sigh.Update: they DO work on oaktag, even using the white on yellow. So they're not completely useless."
20456,多表面diy/定制群,B086XCN9CR,AKARUED,US,2,笔头耐用性,负面-寿命不匹配,dried out,My daughter used this to paint rocks. They dried out quickly. They also leaked while she used them.
20456,多表面diy/定制群,B086XCN9CR,AKARUED,US,2,流畅性,负面-干涩/刮纸/断墨,dried out quick,My daughter used this to paint rocks. They dried out quickly. They also leaked while she used them.
20456,多表面diy/定制群,B086XCN9CR,AKARUED,US,2,流畅性,负面-出墨过多/漏墨,leaked,My daughter used this to paint rocks. They dried out quickly. They also leaked while she used them.
20502,多表面diy/定制群,B086XCN9CR,AKARUED,US,5,笔头耐用性,负面-寿命不匹配,dry out,"I do a lot of wedding signs on wood and have tried many different paint pens. I was skeptical that pens this ""cheap"" would be opaque enough for my needs and not dry out or bleed after a little use. Boy was I pleasantly surprised! Hands down these are the best pens I've ever used! They write so smoothly and don't bleed at all! And the coverage is *chef's kiss*I will 10/10 purchase again and again!"
20527,多表面diy/定制群,B086XCN9CR,AKARUED,US,5,绘画表现,负面-涂色不均,streak,"These white paint pens are fantastic for adding fine details to DIY projects! The ink flows smoothly and provides bright, crisp white lines, making them perfect for everything from craft projects to touch-ups. I’ve used them on wood, canvas, and even ceramics, and they work really well on various surfaces.The pens are easy to use, and the fine tip allows for precise control, which is great for small, intricate areas. They dry quickly and the finish is nice and opaque, so you don’t have to worry about streaks or uneven coverage.The only thing I would mention is that they can run out faster than I expected with heavy use, so it’s worth keeping a backup on hand. Overall, these are great for detailing, writing, or any project where you need a clean white finish. Would definitely recommend!"
20533,纸面手账/装饰书写群,B086XCN9CR,AKARUED,US,3,色彩饱和度与混合,负面-遮盖力差/透明,watery,"Pen works ok but the paint is a little watery.  I traced over my white lettering on my wrangler truck tires to make them pop out more, but found that it doesnt last more than a few weeks and fades out.  I found that you brush a little clear craft sealer paint over top it after you applied the paint, should last more than a few months...provided you do rub the tire on curbs..lol.  Recommend NOT to go through automated car wash as the water and the rubbing on the guard rail with fade the paint too."
20543,多表面diy/定制群,B086XCN9CR,AKARUED,US,1,流畅性,负面-出墨过多/漏墨,gush paint out,"I had high hopes after watching some videos online where crafts were done using paint pens on dark, stained wood.These pens either gush paint out or drag paint along, they don’t release paint smoothly as you go.Totally ruined my project. I tried the pens on different materials and had the same crummy experience with all of them.Could be user error, but these are definitely not something I will use in my crafting. Returning them and moving on to other ideas. Hopefully others have better experiences with them!"
20646,多表面diy/定制群,B08NWK73ZN,Utillo Craft,US,1,性价比,负面-价格昂贵,don't waste your money,"I purchased the white, acrylic paint markers, extra fine tip, 8 pack.I've used various paint markers, but this is the first time trying out the Utillo brand.On the side of the box, it says it can be used on wood,glass, rubber, leather, ceramics.... etc.Firstly , this is Not an extra fine tip.Even after following the instructionsThe paint does not flow evenly. It flows for maybe 1/2"" , then it blobs/ puddlesMaking a ruin of the handmade ceramic items I made. I am more than frustrated with such aPathetic product. Don't waste your money"
20692,精细绘画/插画创作群,B08NWK73ZN,Utillo Craft,US,3,色彩饱和度与混合,负面-遮盖力差/透明,watery,"I got the 0.7 tip, same size as another brand. I read the reviews and thought these sounded very high quality but I found the paint watery, thin and sheer and the tip much larger than the other brand's same size. I can't do the detailed work I ordered them for. The tip does not make a nice pointillist dot, more like a watery smudge spot:( Unfortunately I let the return window expire and now I'm stuck with these. Hopefully I can use them on something else."
20735,填色/大面积上色群,B08NWK73ZN,Utillo Craft,US,3,笔头耐用性,负面-寿命不匹配,stop working,"UPDATE:<br>Sadly, I must report that these turned out to not be all that great.  What happens is that the pens are super fantastic for about the first week after you activate one.  Then they just stop working.  No matter if you are cleaning off the tip after use, storing in the proper way, etc.  They just clog up - in fact, they clog up worse than some others I have tried.  This will teach me to not get too excited at first use lol.  Considering that you only have a week to use one of them up after activation, these are somewhat pricey.<br><br>Back to trying to find a white paint pen that actually lives up to my standards of needing it to work for more than a week.<br><br>ORIGINAL REVIEW:<br>If you are on the fence about ordering these, jump down now and order them!  I have used many different 'white pens' in an attempt to find the best, most opaque white pen for my various art needs.  These are heads and shoulders above anything I have ever used.  So much so, I ordered a back up set and the black set as well.<br><br>These are perfect on dark or black paper.  They are perfect to add highlights and POP to coloring pages.  They are perfect to add touch ups, highlights and POP to your watercolor and acrylic paintings.<br><br>TIP: To keep them super fresh, use one of those food saver vacuum sealer devices to seal up the pens you are not going to use right away.  It's better than just putting in a zip lock bag."
20735,填色/大面积上色群,B08NWK73ZN,Utillo Craft,US,3,性价比,负面-价格昂贵,pricey,"UPDATE:<br>Sadly, I must report that these turned out to not be all that great.  What happens is that the pens are super fantastic for about the first week after you activate one.  Then they just stop working.  No matter if you are cleaning off the tip after use, storing in the proper way, etc.  They just clog up - in fact, they clog up worse than some others I have tried.  This will teach me to not get too excited at first use lol.  Considering that you only have a week to use one of them up after activation, these are somewhat pricey.<br><br>Back to trying to find a white paint pen that actually lives up to my standards of needing it to work for more than a week.<br><br>ORIGINAL REVIEW:<br>If you are on the fence about ordering these, jump down now and order them!  I have used many different 'white pens' in an attempt to find the best, most opaque white pen for my various art needs.  These are heads and shoulders above anything I have ever used.  So much so, I ordered a back up set and the black set as well.<br><br>These are perfect on dark or black paper.  They are perfect to add highlights and POP to coloring pages.  They are perfect to add touch ups, highlights and POP to your watercolor and acrylic paintings.<br><br>TIP: To keep them super fresh, use one of those food saver vacuum sealer devices to seal up the pens you are not going to use right away.  It's better than just putting in a zip lock bag."
20844,精细绘画/插画创作群,B08NWK73ZN,Utillo Craft,US,5,笔头表现,负面-细节控制差,scratchy,"I wasn't sure what to expect with pens at the low price point, but I was incredibly surprised and pleased with the quality. Some pens have a 'scratchy' feel as you're using them - but not these. Fine tip allows for great details but paint also covers evenly, even on dark paper. These pens truly dry quickly - no smears or streaks. Really happy with this purchase!"
20844,精细绘画/插画创作群,B08NWK73ZN,Utillo Craft,US,5,流畅性,负面-干涩/刮纸/断墨,scratchy,"I wasn't sure what to expect with pens at the low price point, but I was incredibly surprised and pleased with the quality. Some pens have a 'scratchy' feel as you're using them - but not these. Fine tip allows for great details but paint also covers evenly, even on dark paper. These pens truly dry quickly - no smears or streaks. Really happy with this purchase!"
20844,精细绘画/插画创作群,B08NWK73ZN,Utillo Craft,US,5,绘画表现,负面-涂色不均,streak,"I wasn't sure what to expect with pens at the low price point, but I was incredibly surprised and pleased with the quality. Some pens have a 'scratchy' feel as you're using them - but not these. Fine tip allows for great details but paint also covers evenly, even on dark paper. These pens truly dry quickly - no smears or streaks. Really happy with this purchase!"
20942,多表面diy/定制群,B098QPHCVT,AKARUED,US,3,墨水特性,负面-易褪色/不防水,scratches off | not permanent,Ink bleeds on fabric. Line is wider than 0.7mm. Not permanent. Scratches off with fingernail easily. May be useful but not what I wanted.
20942,多表面diy/定制群,B098QPHCVT,AKARUED,US,3,表面/介质表现,负面-在布料上效果差,bleeds on fabric,Ink bleeds on fabric. Line is wider than 0.7mm. Not permanent. Scratches off with fingernail easily. May be useful but not what I wanted.
20964,儿童/课堂使用群,B098QPHCVT,AKARUED,US,1,笔头耐用性,负面-磨损/分叉,tips were dry and cracked,Very disappointed. Bought 24 of these for my 5th grade art class. The one I used for the sample worked fine. When the kids started their project we realized about half didn't work. The paint wouldn't flow and the tips were dry and cracked. These were brand new pens being used for the first time.
21005,纸面手账/装饰书写群,B098QPHCVT,AKARUED,US,4,绘画表现,负面-涂色不均,streak,"The White Paint Pen Acrylic Marker set is a fantastic addition to any artist or crafter's toolkit, offering versatility and vibrant results on various surfaces, including black paper.What stands out most about these markers is their precision and brightness. The 0.7mm fine tip allows for detailed work and intricate designs, making them ideal for creating precise lines and intricate patterns. The white acrylic paint flows smoothly from the marker, providing consistent coverage without streaks or smudges.I particularly enjoy using these markers on black paper, as the opaque white pigment stands out vividly against the dark background. It's perfect for adding highlights, lettering, or intricate details to artwork, scrapbooks, or DIY projects.The markers are also versatile enough to be used on other surfaces such as glass, wood, ceramics, and metal, providing endless creative possibilities. The quick-drying formula ensures minimal waiting time between layers, allowing for efficient workflow and preventing smearing.However, one minor drawback is that these markers can get messy if not handled carefully. Excess paint may accumulate around the nib or leak if stored improperly, which can lead to unintentional smudges or stains on hands or surfaces. It's advisable to cap them securely after each use and store them upright to prevent leakage.Overall, the White Paint Pen Acrylic Marker set offers exceptional value with its precise application, vibrant white pigment, and versatility across different surfaces. Despite the potential messiness, these markers are a must-have for anyone looking to add eye-catching details and accents to their artistic creations."
21015,精细绘画/插画创作群,B098QPHCVT,AKARUED,US,3,笔头表现,负面-细节控制差,too thick,Almost what I was looking for! The tip is a little too thick. I use them to paint details over my watercolor painting sometime I have to over twice as the white blends in.
21015,精细绘画/插画创作群,B098QPHCVT,AKARUED,US,3,笔身与易用性,负面-握持不适,too thick,Almost what I was looking for! The tip is a little too thick. I use them to paint details over my watercolor painting sometime I have to over twice as the white blends in.
21103,儿童/课堂使用群,B098QPHCVT,AKARUED,US,2,笔头耐用性,负面-寿命不匹配,stop working | dried out,"I've gone through half this pack since I ordered them for my art classes. I used each one maybe four times for some small detail work and then it would stop working. Didn't matter that it was capped between use. How much I shook it to activate it, or how long I held it down to try to get the paint to come down. They just dried out right away or there was barely any paint in them. I got the black from the same seller and the same brand and I'm still on the first pen and it's super juicy. The white ones are just horrible."
21274,多表面diy/定制群,B09TR9SD6P,SAKEYR,US,2,色彩饱和度与混合,负面-暗淡/褪色,dull,"Got these for my wife, who really enjoys art supplies.She found the colors from these markers to be disappointingly dull. Unlike other reviewers who have called them brilliant, she says to her most of them looked like variations of brown, especially when used on white fabric instead of paper. (See our picture, where the strip on the right is fabric.) Also, most of the markers didn’t seem very metallic, although the silver, gold and copper were sufficiently shiny.The colors beaded up a bit when used on glass, though they did dry nicely on the glass and it’s possible to go back over the spotty areas. They wash off of glass easily, so are fun for a temporary project. Because they’re not permanent on glass at all, we don’t know whether or not they’re food safe. They can certainly be good for a decorative project.We didn’t think they were great on paper. Since they contain acrylic paints and not watercolors, they require heavier paper. The tips are blunt and made of fabric with some fibers that came loose while my wife was testing the marker.All is not negative. On the plus side, they worked really well and looked great on rock (also in the picture). If you have a bunch of rocks to decorate, these markers are for you. Otherwise, we’re not recommending them."
21274,多表面diy/定制群,B09TR9SD6P,SAKEYR,US,2,墨水特性,负面-易褪色/不防水,not permanent,"Got these for my wife, who really enjoys art supplies.She found the colors from these markers to be disappointingly dull. Unlike other reviewers who have called them brilliant, she says to her most of them looked like variations of brown, especially when used on white fabric instead of paper. (See our picture, where the strip on the right is fabric.) Also, most of the markers didn’t seem very metallic, although the silver, gold and copper were sufficiently shiny.The colors beaded up a bit when used on glass, though they did dry nicely on the glass and it’s possible to go back over the spotty areas. They wash off of glass easily, so are fun for a temporary project. Because they’re not permanent on glass at all, we don’t know whether or not they’re food safe. They can certainly be good for a decorative project.We didn’t think they were great on paper. Since they contain acrylic paints and not watercolors, they require heavier paper. The tips are blunt and made of fabric with some fibers that came loose while my wife was testing the marker.All is not negative. On the plus side, they worked really well and looked great on rock (also in the picture). If you have a bunch of rocks to decorate, these markers are for you. Otherwise, we’re not recommending them."
21274,多表面diy/定制群,B09TR9SD6P,SAKEYR,US,2,场景表现,负面-不能多表面DIY,not permanent on glass,"Got these for my wife, who really enjoys art supplies.She found the colors from these markers to be disappointingly dull. Unlike other reviewers who have called them brilliant, she says to her most of them looked like variations of brown, especially when used on white fabric instead of paper. (See our picture, where the strip on the right is fabric.) Also, most of the markers didn’t seem very metallic, although the silver, gold and copper were sufficiently shiny.The colors beaded up a bit when used on glass, though they did dry nicely on the glass and it’s possible to go back over the spotty areas. They wash off of glass easily, so are fun for a temporary project. Because they’re not permanent on glass at all, we don’t know whether or not they’re food safe. They can certainly be good for a decorative project.We didn’t think they were great on paper. Since they contain acrylic paints and not watercolors, they require heavier paper. The tips are blunt and made of fabric with some fibers that came loose while my wife was testing the marker.All is not negative. On the plus side, they worked really well and looked great on rock (also in the picture). If you have a bunch of rocks to decorate, these markers are for you. Otherwise, we’re not recommending them."
21336,多表面diy/定制群,B09TR9SD6P,SAKEYR,US,4,表面/介质表现,负面-在金属(Metal)上表现差,flaked off,Great colors and worked good on wood not on the glass though.  Flaked off quickly.
21345,纸面手账/装饰书写群,B09TR9SD6P,SAKEYR,US,5,笔头耐用性,负面-寿命不匹配,dry out,"My wife and I enjoy gift giving for holidays, birthdays and milestones and we especially enjoy making those gifts, when appropriate. We like to make our own cards. And we sometimes assemble baskets or themed gifts, which usually involves making additional cards or labels.These pens are a wonderful addition to our craft supplies. We've had colored pens before, but not pens that dispense this kind of metallic-shine paint.We were very pleased that the kit came with each marker individually shrink wrapped in plastic. We've used craft pens over many years and, even if you don't use them up on crafts and cards, they will dry out over time. So we like the fact that we can pick and choose which pens we'll open at any given time. Of course, once the shrink wrap's off, it's off. And we can't predict how long these pens will last. To do that we'd have to wait a year or so to write this review, which doesn't seem practical.Second tip: These pen tips are fairly broad, meaning they're not ideal for specialized lettering like fancy calligraphy. However, we did do some nice lettering with these pens. They're just not a finely chiseled tip that allows more elaborate effects in writing.Happy to give these 5 stars and to recommend them to others."
21384,精细绘画/插画创作群,B09TR9SD6P,SAKEYR,US,5,性价比,负面-价格昂贵,expensive,"I bought these for fun to use on both paper and rocks. I love them! They release ink smoothly on either smooth or rough surfaces and the metallics are truly shiny without being garish or cheap looking. The colors are vibrant and saturated, but still pair well with the matte colors from other pen sets—it gives a sheen to the same colors instead of popping/taking all of the attention, which I really like!<br><br>For anyone just getting started with rock painting and not sure what size to get: I bought the 2-3mm size and it’s great for filling in larger sections while still allowing me to attempt some details, like highlights. It’s not overly wide or particularly fine; it’s a good “medium” size. Since it’s harder to control for fine details though, I would recommend also getting some fine pens (like 0.7mm) for detailed drawings, in addition to this 2-3mm size for filling in sections or backgrounds. You’d likely only need a pen wider than this 2-3mm for larger scale artwork, as this is plenty big enough for rock painting.<br><br>My only complaint about this particular set of pens is that I wish it came with a white pen too (maybe pearl or iridescent for the shine). Otherwise I’m very happy with it! Been using it for a couple of months and no clogging or drying out so far. If you’re debating between the smaller or larger set of the 2-3mm pens, get the one with more pens. It’ll be worth it to have more color options!<br><br>I recommend this set for quality but inexpensive paint pens, and plan to buy them again when my current set gets used up. They’d make a good gift, too!"
21426,儿童/课堂使用群,B0B3DHCYB1,ARTISTRO,US,5,绘画表现,负面-涂色不均,streak,I bought these for my student government class to use when they create school posters. The ink does a great job lasting on the paper. I like the thickness of the streak.
21445,多表面diy/定制群,B0B7VZ9KTJ,Artugn,US,3,墨水特性,负面-易褪色/不防水,comes off easily,"They don't work on plastic or rubber. ""Paint"" comes off easily.  It does ok on paper, but not a multi pen. Color brightness and flow are ok. Colors are on point. These are the markers you need if you don't want a ruined home by kids, not serious artists."
21455,儿童/课堂使用群,B0B7VZ9KTJ,Artugn,US,5,流畅性,负面-出墨过多/漏墨,leaked,We used this to paint rocks on a new school day and the kids loved it. Great quality and no cleaning involved. They haven’t leaked yet.
21468,多表面diy/定制群,B0B7VZ9KTJ,Artugn,US,5,流畅性,负面-干涩/刮纸/断墨,skipping,"I've been using these a lot on ceramic,  wood,  and paper and the colors remain true and solid.  No skipping,  just nice and smooth.  The dual tip is super helpful and allows you to get the smallest of strokes.  A great product!"
21497,精细绘画/插画创作群,B0B7VZ9KTJ,Artugn,US,3,色彩饱和度与混合,负面-暗淡/褪色,pale,"Overall for a low price the markers are ok but not great. They do dry quickly on paper and some colors are very vibrant. Some markers in the set work well and the brush tip stayed small enough for detailed use.A few markers were dry when I got them or dried out soon after, particularly on the brush end, despite using them infrequently. The thicker side isn’t as useful.It would be nice if there was more color variety and more light, saturated colors. There are more dark colors than I need because they can’t be layered and can make everything look overly dark if too many are used. Some of the light colors like pale blue and pale green look very similar."
21497,精细绘画/插画创作群,B0B7VZ9KTJ,Artugn,US,3,笔头耐用性,负面-寿命不匹配,dried out,"Overall for a low price the markers are ok but not great. They do dry quickly on paper and some colors are very vibrant. Some markers in the set work well and the brush tip stayed small enough for detailed use.A few markers were dry when I got them or dried out soon after, particularly on the brush end, despite using them infrequently. The thicker side isn’t as useful.It would be nice if there was more color variety and more light, saturated colors. There are more dark colors than I need because they can’t be layered and can make everything look overly dark if too many are used. Some of the light colors like pale blue and pale green look very similar."
21553,儿童/课堂使用群,B0B7VZ9KTJ,Artugn,US,1,墨水特性,负面-易褪色/不防水,not permanent,My kids hard work went to waste:( these pens are not permanent and scratch easily
21577,多表面diy/定制群,B0B7VZ9KTJ,Artugn,US,1,绘画表现,负面-过于透明/覆盖力差,not opaque,They are NOT OPAQUE on rock - which is what I wanted them for
21596,多表面diy/定制群,B0B7VZ9KTJ,Artugn,US,1,墨水特性,负面-易褪色/不防水,not permanent,"Not permanentNot paintNot worth itNot as describedI ordered these in a hurry to complete a gift. I was painting a ceramic piggy bank . These looked good and I needed to replace my old set. I should have read more than a couple of reviews. They wipe off with little effort, but are advertised for use on glass, ceramic, ricks etc..Yes , they were priced cheap on sale. Yes they came with a variety of colors.  The brush end is ok, the other did not work at all. It was either dry or too hard and actually was removing the “acrylic “.They are not acrylic paint pens. Or at least not like similar ones I have been using for over 20 years.They dry up in pen tip way too fast. I only used these for less than a minute each and already some were drying up.So now , I can’t give my gift today as planned. I am disappointed."
21596,多表面diy/定制群,B0B7VZ9KTJ,Artugn,US,1,性价比,负面-价格昂贵,not worth it,"Not permanentNot paintNot worth itNot as describedI ordered these in a hurry to complete a gift. I was painting a ceramic piggy bank . These looked good and I needed to replace my old set. I should have read more than a couple of reviews. They wipe off with little effort, but are advertised for use on glass, ceramic, ricks etc..Yes , they were priced cheap on sale. Yes they came with a variety of colors.  The brush end is ok, the other did not work at all. It was either dry or too hard and actually was removing the “acrylic “.They are not acrylic paint pens. Or at least not like similar ones I have been using for over 20 years.They dry up in pen tip way too fast. I only used these for less than a minute each and already some were drying up.So now , I can’t give my gift today as planned. I am disappointed."
21613,多表面diy/定制群,B0B7VZ9KTJ,Artugn,US,5,笔头耐用性,负面-寿命不匹配,dry out,"These are the best paints I've ever bought. My grandson loves using them. Since my grandson is adhd I bought a t shirt with dinosaurs and several diy dinosaurs, snakes, dragons, and Christmas ornaments for him to paint. He spends hours painting them. They've helped him relax and have fun at the same time. He and I love that the markers dry instantly and the colors are beautiful. Even on the tshirt the colors look amazing. I love that they're permanent and fast drying. Can't believe how long these markers are lasting. I've bought some that they either dry out or empty out fast. I highly recommend these. I'm looking for more things on Amazon for my grandson to paint. Thank you for a wonderful item."
21615,儿童/课堂使用群,B0B7VZ9KTJ,Artugn,US,5,色彩饱和度与混合,负面-遮盖力差/透明,streaky,"As the grandchildren transition from simple markers, they use these. They are respecting the fine point and the fuller end of the acrylic paint. The coloring of the pictures are more solid and less streaky and patchy."
21615,儿童/课堂使用群,B0B7VZ9KTJ,Artugn,US,5,绘画表现,负面-涂色不均,streak | streaky | patchy,"As the grandchildren transition from simple markers, they use these. They are respecting the fine point and the fuller end of the acrylic paint. The coloring of the pictures are more solid and less streaky and patchy."
21615,儿童/课堂使用群,B0B7VZ9KTJ,Artugn,US,5,表面/介质表现,负面-在石头上表现差,streaky,"As the grandchildren transition from simple markers, they use these. They are respecting the fine point and the fuller end of the acrylic paint. The coloring of the pictures are more solid and less streaky and patchy."
21663,多表面diy/定制群,B0B7VZ9KTJ,Artugn,US,5,流畅性,负面-出墨过多/漏墨,bleed through,"Was a bit skeptical of the coverage of these pens, not knowing if they were actual acrylic paints or glorified felt pens. They're GREAT paint pens! They glide easily on plastic without bubbling, they work wonderfully on wood without absorbing in and don't bleed through paper, even when there are repeated strokes and the different colors are also plentiful."
21672,多表面diy/定制群,B0B7VZ9KTJ,Artugn,US,4,墨水特性,负面-易褪色/不防水,not waterproof,"Came quickly and worked great on plastic flower pots. However, it’s not waterproof!"
21672,多表面diy/定制群,B0B7VZ9KTJ,Artugn,US,4,场景表现,负面-不能多表面DIY,not waterproof,"Came quickly and worked great on plastic flower pots. However, it’s not waterproof!"
21684,儿童/课堂使用群,B0B7VZ9KTJ,Artugn,US,5,性价比,负面-价格昂贵,expensive,"I decided to try these for my daughter who asked for the more expensive, better known brand. She loves them and got 24 markers for less money then the 8 market brand name pack."
21691,儿童/课堂使用群,B0B7VZ9KTJ,Artugn,US,3,色彩饱和度与混合,负面-暗淡/褪色,dull | colors are too dull,it is an ok product but the colors are too dull and boring. there is no red it is more of a darkish pink. if you want bright colors this is not a good product. it is ok for kids play...
21719,儿童/课堂使用群,B0B7VZ9KTJ,Artugn,US,5,性价比,负面-价格昂贵,pricey,"Ordered these for my daughter. She absolutely loves them. They are a little pricey, but she loved them."
21747,多表面diy/定制群,B0B7VZ9KTJ,Artugn,US,4,笔头表现,负面-细节控制差,too thick,"I bought these specifically for coloring wax seals but with the dual purpose of card making calligraphy if that didn't work out. It comes with a decent selection of colors and the pens are double ended with a nub and a brush head.I tried them on some junk mail when they arrived and was happy with the smooth flow of the brush head. The white in particular stood out quite well, which is usually the most disappointing color in my experience. It takes a few seconds to dry so you have to keep that in mind.As far as using on the wax seals, it kind of worked, but not well. The paint spread and slipped across the wax and neither head was particularly effective. The brush head was a bit too thick and bled. The result is not something I would be happy gifting, so that's out the window.My second test was on card stock. This was better. I prefer the brush head and they glide well but were varying thickness. The nubs seem more consistent and offer a bolder line. My biggest complaint here is that almost every single color is flat matte. Out of the few I tested, only the gold had a metallic hue. This really depends on your needs, but for me, it's not the prettiest effect for card making. Will probably work best on rocks and maybe glass if it doesn't spread too much before drying.The other drawback is the flimsy box. Couldn't get the markers back in and you have to store these flat (horizontally) to prevent leakage. So provided I decide to keep these, I have to figure out how to store them properly. Hope this helps someone make their decision!"
21747,多表面diy/定制群,B0B7VZ9KTJ,Artugn,US,4,笔身与易用性,负面-材质/做工差,flimsy,"I bought these specifically for coloring wax seals but with the dual purpose of card making calligraphy if that didn't work out. It comes with a decent selection of colors and the pens are double ended with a nub and a brush head.I tried them on some junk mail when they arrived and was happy with the smooth flow of the brush head. The white in particular stood out quite well, which is usually the most disappointing color in my experience. It takes a few seconds to dry so you have to keep that in mind.As far as using on the wax seals, it kind of worked, but not well. The paint spread and slipped across the wax and neither head was particularly effective. The brush head was a bit too thick and bled. The result is not something I would be happy gifting, so that's out the window.My second test was on card stock. This was better. I prefer the brush head and they glide well but were varying thickness. The nubs seem more consistent and offer a bolder line. My biggest complaint here is that almost every single color is flat matte. Out of the few I tested, only the gold had a metallic hue. This really depends on your needs, but for me, it's not the prettiest effect for card making. Will probably work best on rocks and maybe glass if it doesn't spread too much before drying.The other drawback is the flimsy box. Couldn't get the markers back in and you have to store these flat (horizontally) to prevent leakage. So provided I decide to keep these, I have to figure out how to store them properly. Hope this helps someone make their decision!"
21747,多表面diy/定制群,B0B7VZ9KTJ,Artugn,US,4,笔身与易用性,负面-握持不适,too thick,"I bought these specifically for coloring wax seals but with the dual purpose of card making calligraphy if that didn't work out. It comes with a decent selection of colors and the pens are double ended with a nub and a brush head.I tried them on some junk mail when they arrived and was happy with the smooth flow of the brush head. The white in particular stood out quite well, which is usually the most disappointing color in my experience. It takes a few seconds to dry so you have to keep that in mind.As far as using on the wax seals, it kind of worked, but not well. The paint spread and slipped across the wax and neither head was particularly effective. The brush head was a bit too thick and bled. The result is not something I would be happy gifting, so that's out the window.My second test was on card stock. This was better. I prefer the brush head and they glide well but were varying thickness. The nubs seem more consistent and offer a bolder line. My biggest complaint here is that almost every single color is flat matte. Out of the few I tested, only the gold had a metallic hue. This really depends on your needs, but for me, it's not the prettiest effect for card making. Will probably work best on rocks and maybe glass if it doesn't spread too much before drying.The other drawback is the flimsy box. Couldn't get the markers back in and you have to store these flat (horizontally) to prevent leakage. So provided I decide to keep these, I have to figure out how to store them properly. Hope this helps someone make their decision!"
21755,儿童/课堂使用群,B0B7VZ9KTJ,Artugn,US,1,性价比,负面-价格昂贵,not worth the price,"I bought these for my students, they ran out so quickly. The ink flow was terrible, at times they would over flow or they wouldn’t come out at all. Not worth the price and I’ve found better paint markers."
21769,多表面diy/定制群,B0B7VZ9KTJ,Artugn,US,5,笔头耐用性,负面-寿命不匹配,dry out,"These paint pens have a brush end and dotting end.  Because the pens are double tipped, they should be stored horizontally so that one end doesn’t dry out.  These pens will dry if the cap is left off for an extended period of time.  The paint is water-based, so it will clean up easily while it is still wet, but once it dries it will be hard to remove from surfaces and fabrics.  These are actually good for painting on fabrics because of their permanence once dry.Perfect for craft projects, for paper as well as non-porous surfaces.  These pens allow you to add details and writing that would be hard to do with a traditional paint brush.The colors are nice and opaque and give great coverage with the brush pen end.  I liked that the set comes with a mix of light, dark, and metallic colors – white, off white, and pink for dark surfaces and gold and silver particularly stand out.The dotting end provides less coverage and may need a little finessing to get the desired quantity of paint.  The dotting end has a typical pump action of the nib.  They were already full of paint and did not require priming before use."
21786,多表面diy/定制群,B0B7VZ9KTJ,Artugn,US,4,流畅性,负面-出墨过多/漏墨,too much ink,Not like regular paint pens that you have to shake and wait for them to flow or sometimes release too much ink. The round end doesn’t work as well as the pointed one that’s why I gave it a 4 rating.I use them for rock painting but have used them for poster writing and drawing which came out great. I will buy more!
21796,儿童/课堂使用群,B0B7VZ9KTJ,Artugn,US,5,绘画表现,负面-涂色不均,streak,I bought this for my son and it looks smooth and vibrant on his art. No streaks.
21800,填色/大面积上色群,B0B7VZ9KTJ,Artugn,US,5,色彩饱和度与混合,负面-暗淡/褪色,pale,"I love these pens! I asked myself what took me so long to purchase something like this? I love coloring and painting for a hobby (plus good mental health care), but paint can get a little messy at times. These acrylic paint pens were ideal for times that I wanted to work on crafts as I was recovering from a flare up of my chronic illness. I couldn't sit at a desk or table with a protective tablecloth and paint palette, so using these pens from bed or the couch was perfect! I've included a page from my coloring book, a Christmas picture on a small canvas (used my glitter glue pens too), and a little ceramic Santa figurine to show the versatility of the pens!"
21823,儿童/课堂使用群,B0B7VZ9KTJ,Artugn,US,4,绘画表现,负面-涂色不均,streak | streaking,"I purchased these in an attempt to save some money after seeing the price of the Sharpie brand. They are great, and perfectly fine for children and casual art. If you're a serious or professional artist, though, stick with Sharpie. These leave a little more streaking and aren't quite as ""juicy"". They need more frequent rests and shakes to cover as much as the Sharpies cover. They also don't ""pop"" on top of each other as much as Sharpie does. A  very, very good second; just not the best."
21826,儿童/课堂使用群,B0B7VZ9KTJ,Artugn,US,5,性价比,负面-价格昂贵,expensive,I honestly didn't expect much from these. I figured they'd be a set of knock-off Crayolas for kids. They are *actually* exactly like the super expensive Prismacolors. The colors are insanely vivid and the ink is saturated. They glide smoothly on paper. The colors blend beautifully - I'm so impressed!
21840,多表面diy/定制群,B0B7VZ9KTJ,Artugn,US,5,色彩饱和度与混合,负面-遮盖力差/透明,streaky,I’ve tried regular paints on my polymer clay figures but it always come out so so streaky. These markers make it so beautiful and comes out nice and and I don’t have to go over it multiple times. I will continue to buy these! They’re my favorite
21840,多表面diy/定制群,B0B7VZ9KTJ,Artugn,US,5,绘画表现,负面-涂色不均,streak | streaky,I’ve tried regular paints on my polymer clay figures but it always come out so so streaky. These markers make it so beautiful and comes out nice and and I don’t have to go over it multiple times. I will continue to buy these! They’re my favorite
21840,多表面diy/定制群,B0B7VZ9KTJ,Artugn,US,5,表面/介质表现,负面-在石头上表现差,streaky,I’ve tried regular paints on my polymer clay figures but it always come out so so streaky. These markers make it so beautiful and comes out nice and and I don’t have to go over it multiple times. I will continue to buy these! They’re my favorite
21849,精细绘画/插画创作群,B0B7VZ9KTJ,Artugn,US,5,色彩饱和度与混合,负面-暗淡/褪色,faded,These are fun to draw with or get detailed on outdoor decor that has faded.
21968,多表面diy/定制群,B0B7VZ9KTJ,Artugn,US,1,笔头耐用性,负面-寿命不匹配,dry out,The fat side seems to not have alot of paint and paint dryly not a very good quality paint pen for rocks. I was not satisfied I will go with something else in the future. Seems to dry out quickly.
21982,多表面diy/定制群,B0B7VZ9KTJ,Artugn,US,5,笔头耐用性,负面-寿命不匹配,dried up,"I originally got these brush markers to draw on glass cups and they worked amazing for that but they're even better on canvas! The color payoff is pretty good, they're pigmented enough where 1 or 2 layers is enough for full coverage (lighter colors may need more). The brush tips are so great for getting small details in and they come with so many colors! I've had them for almost a year now and they haven't dried up or ran out of paint yet"
22036,儿童/课堂使用群,B0B7VZ9KTJ,Artugn,US,3,笔头耐用性,负面-寿命不匹配,dried out,"These are great for arts and crafts and when painting with acrylic paints. I haven't used most of the colors, I mainly used the black and red colors. The red color is not as vibrant as I would have like it and the tip seem to have dried out upon using it very quickly. The black brush tip was pushed in upon using it for the first time. I would have returned/exchanged them had I not gotten rid of the packaging. I will be happy if I get a few uses out of them. I like the concept of these pens and I will try to look for a better brand in the future. Good for kids and beginners."
22040,儿童/课堂使用群,B0B7VZ9KTJ,Artugn,US,1,色彩饱和度与混合,负面-遮盖力差/透明,watery,They are so diluted and watery they do not cover anything. Too light of paint. I wouldn't buy this if you are legit trying to do a project. They are probably fine for kids
22040,儿童/课堂使用群,B0B7VZ9KTJ,Artugn,US,1,笔身与易用性,负面-握持不适,too light,They are so diluted and watery they do not cover anything. Too light of paint. I wouldn't buy this if you are legit trying to do a project. They are probably fine for kids
22101,纸面手账/装饰书写群,B0B7VZ9KTJ,Artugn,US,4,色彩饱和度与混合,负面-暗淡/褪色,pale,"UPDATE: I still love these but recommend trying them all before using so you can insure they are all working. I used a lot of them for my Christmas cards and yesterday for the first time went to use the white and it was completely dried up on the 'dot"" side. I was saving white for some special projects so hadn't opened it until now and  can only conclude it was dried up when it arrived. Had i known, i would have returned them before using. Still very nice pens.These are great for card making!Pros: good coverage, fast drying, and I felt it was a bonus to get two metallic colors-gold and silver .Cons: wish they came in a nicer box.  Also the palette in the 24 box is somewhat muted, but I still love them. There is not a true red in the 24, which surprised me.I would definitely get these again."
22101,纸面手账/装饰书写群,B0B7VZ9KTJ,Artugn,US,4,笔头耐用性,负面-寿命不匹配,dried up,"UPDATE: I still love these but recommend trying them all before using so you can insure they are all working. I used a lot of them for my Christmas cards and yesterday for the first time went to use the white and it was completely dried up on the 'dot"" side. I was saving white for some special projects so hadn't opened it until now and  can only conclude it was dried up when it arrived. Had i known, i would have returned them before using. Still very nice pens.These are great for card making!Pros: good coverage, fast drying, and I felt it was a bonus to get two metallic colors-gold and silver .Cons: wish they came in a nicer box.  Also the palette in the 24 box is somewhat muted, but I still love them. There is not a true red in the 24, which surprised me.I would definitely get these again."
22166,精细绘画/插画创作群,B0B9KTWRKJ,Droaful,US,5,流畅性,负面-出墨过多/漏墨,splatter,"These have a nice range of colors within this set of acrylic pens. Usually sets like these are super vibrant and almost fluorescent in color hues. With this one, though, you can get much more subtle gradients and blending on a regular surfaces, etring you create more realistic, natural looking paintings. It's non-toxic so you can use your fingers to blend colors together, make special patterns or leave colored fingerprints along your design area. The paints wash off rather easily, barely needing any soap to get your hands or desk clean after a drawing session. The barrel size is good for young ones and adults as well. The finer points allow for better details and for less possibility of ink splatters or exploding blobs of ink on your workspace."
22170,多表面diy/定制群,B0B9KTWRKJ,Droaful,US,4,流畅性,负面-干涩/刮纸/断墨,skipping,"My backyard has a bunch of rocks.  Every time I do my yard, I end up with at least a bucket of rocks varying in different shapes and sizes.I decided to start my own rock garden and had the opportunity to give these a try.  These come with a large variety of colors and what's great is that the tips were not getting worn on the rocks, which was great as well.  I decided to go against putting a base coat on these to save on time and was surprised that even without a base coat the color was able to still pop through.  Depending on how perfect you want your rocks, I do recommend putting a coat of base coat though.  As for the lighter colors, you do have to go through another pass after drying as the dark color of the rocks do appear to show through.  After you are done, I do recommend not skipping the clear coat though.  That will help seal in the color and even add some shine.The use is just like any other paint marker.  You shake it up a few times and then compress the tip on a piece of paper or surface to prime the tip with paint.As mentioned, no issues with the color and could see you using these to even customize stickers; however, it took forever to get here.  I think it was about a month before I got the markers.  Not sure what the hold up was, but when it was out for delivery, it didn't make it until 2 days later.  Also, because of the variety of colors, I would have wished for each color to be marked what the color was as a lot look very similar."
22171,儿童/课堂使用群,B0B9KTWRKJ,Droaful,US,5,性价比,负面-价格昂贵,expensive,"We are working on making some masterpieces for gift giving this year.  I purchased some inexpensive plain coffee mugs, and we explored outside and found some rocks we can paint.  The color selection is fine for kids, plenty of choices.  You have to shake them well and then press down on the tips a few times to get the paint flowing, then it's just a matter of creating your masterpiece and letting it dry.  The grandkids are excited about making gifts for their parents."
22195,多表面diy/定制群,B0B9KTWRKJ,Droaful,US,5,墨水特性,负面-消耗快,run out of paint,I purchased these after using a brand name rock painting kit that did not work well. Let me tell you.... these are AMAZING for rock painting! They are big enough that you can color things in and also small enough to be a little more precise. They dry fairly quickly too making it easy to outline things. They wrote on surfaces very well. They feel a bit like a sharpie. You can also press down the foam tip to add more paint of you need to spread the paint out to color something in. They hold up well and there are many colors to choose from.We have also used them on other crafts and they are great! I will definitely buy these again when the current ones run out of paint.
22198,儿童/课堂使用群,B0B9KTWRKJ,Droaful,US,4,色彩饱和度与混合,负面-遮盖力差/透明,see through,"I love acrylic paint pens because they cut down on the amount of mess made, especially with kids. They are so incredibly easy to use, just prime and go. I like how my kids can practice with a different medium without breaking the bank. The paint has great coverage and is not sheer or see through. I would have given 5 stars, but I feel like other brands have definitely lasted longer. Before I knew it, we were running out of colors."
22198,儿童/课堂使用群,B0B9KTWRKJ,Droaful,US,4,笔身与易用性,负面-材质/做工差,break,"I love acrylic paint pens because they cut down on the amount of mess made, especially with kids. They are so incredibly easy to use, just prime and go. I like how my kids can practice with a different medium without breaking the bank. The paint has great coverage and is not sheer or see through. I would have given 5 stars, but I feel like other brands have definitely lasted longer. Before I knew it, we were running out of colors."
22198,儿童/课堂使用群,B0B9KTWRKJ,Droaful,US,4,绘画表现,负面-过于透明/覆盖力差,see through,"I love acrylic paint pens because they cut down on the amount of mess made, especially with kids. They are so incredibly easy to use, just prime and go. I like how my kids can practice with a different medium without breaking the bank. The paint has great coverage and is not sheer or see through. I would have given 5 stars, but I feel like other brands have definitely lasted longer. Before I knew it, we were running out of colors."
22228,多表面diy/定制群,B0B9KTWRKJ,Droaful,US,5,色彩饱和度与混合,负面-暗淡/褪色,pale,"These make it really easy to paint rocks! These markers provided a few hours of fun as my daughter made a little collection to put into my vegetable garden for some fun color. (The black outline comes from a different marker, not from this set.) Box claims these are waterproof; a run under the faucet confirms it! As for how it'll hold up in the heat and the sun... we'll see! We're heading into the fall so it should be okay, so the real test will be whether it holds up for the next several months and heading into the summer.The number of colors is just right and provides a large enough palette for gradual blending monochromatically. I've seen other kits with higher number count but in some of those a few of the colors seem to be so similar it might not even be worth it. So we're happy with this size palette of colors."
22232,多表面diy/定制群,B0B9KTWRKJ,Droaful,US,5,绘画表现,负面-涂色不均,streak | streaking,"We painted some rocks using these markers and honestly loved the results. They were pretty easy to use and have a good variety of colors silver and gold being our favorite.Out of the box you definitely need to shake them and press the nibs to get the color flow to the tips. I would suggest be patient and let them fill fully to get the best results.Talking about the flow, it is really smooth and the ink doesn’t leak at all. The markers dry pretty much faster for single coat than I was expecting, however, if you are applying multiple coats give them a little more time. I also tried streaking and blending through the blue, black and silver to get some realistic water affects (definitely after one dried) and it worked pretty well. The blending was fun I am glad my silver didn’t get ruined.It is definitely a great set at the given price!  HAPPY CRAFTING!"
22235,儿童/课堂使用群,B0B9KTWRKJ,Droaful,US,4,笔头耐用性,负面-寿命不匹配,dried out,I thought these were pretty good.  I used them for crafts with my kids.  Clean up wasn’t to bad compared to painting. I had some that worked great and others not so much. They seemed dried out as the paint just did not flow. When they worked I liked them. Overall I think they are good.
22243,多表面diy/定制群,B0B9KTWRKJ,Droaful,US,5,笔头耐用性,负面-寿命不匹配,dried up,"We really enjoy drawing on rocks, the paint has held up well just seems that the markers have dried up too fast"
22268,多表面diy/定制群,B0BKP1M6QK,Funcils,US,5,多样性与适配性,负面-可补充性差 (Poor replenishability),disposable,This set of black acrylic paint pens had such a great variety of size options.  The black is nice and opaque and works well on my projects which is mainly rocks and art outlining.The reversible/flippable nibs (which is often the standard on these types of pens) are always a bit crazy to change around after the initial priming of the pen - I recommend disposable gloves and pulling out the nib over the top of a couple of paper towels - because flipping the nib around can sometimes be unpredictable and messy.
22286,多表面diy/定制群,B0BKP1M6QK,Funcils,US,4,笔身与易用性,负面-材质/做工差,break,"Our family has had a generally positive experience with the Funcils 5 Acrylic Black Paint Pen set. These versatile pens have proven to be quite useful for a variety of creative projects that we engage in together. The assortment of tip sizes – ranging from 1mm to 15mm – has allowed us to explore different techniques on a variety of surfaces, including plastic, canvas, wood, and even glass.The fine tip options were particularly handy for intricate detailing, while the jumbo pens were perfect for broader strokes and bolder designs. This variety made the set a go-to tool for family crafting sessions, where each of us could find the right pen for our respective projects.The ink quality is generally good, providing rich and consistent coverage across different surfaces. However, we did notice one minor drawback that led to a 4-star rating. The issue revolves around the ink flow control. It appears that there can be an excess of ink on the nib when starting to use the pen, which can result in a messy application if not carefully managed. We found that pressing down the nib to help the ink flow actually caused the opposite problem – an overflow of ink that quickly made our designs messy.This isn't a dealbreaker for us, as we've learned to delicately control the flow by wiping the nib before use. It's a small inconvenience, but it's worth mentioning for those who might be new to using paint pens. Once we got the hang of managing the ink flow, the pens performed admirably and allowed us to bring our creative visions to life.All in all, the Funcils 5 Acrylic Black Paint Pen set has earned its place in our family's creative toolkit. The range of tip sizes and the ability to work on various surfaces make it a versatile choice for our crafty endeavors. While the issue of ink flow control does exist, it's manageable with a little practice, and the results are definitely worth the effort. If you're looking for a set of paint pens to spark your family's artistic side, this one is definitely worth considering."
22316,多表面diy/定制群,B0BKP1M6QK,Funcils,US,5,色彩饱和度与混合,负面-遮盖力差/透明,streaky,"I was lucky enough to be able to test three different Funcils sets at the same time (gold, silver, and black).  Many acrylic pens require constant shaking to maintain paint flow, but these have no such issues.  They take some time to prime but, once that’s done, the paint flows very smoothly.  If anything, it may be a little too fluid for some tasks.  It’s runnier than others I’ve used and a lot can come out at once, which means longer drying times (10+ minutes in some cases).Once fully dry, it has a nice semi-gloss finish that feels very durable.  The drying characteristics often depend on the material you’re drawing on, however.  I found these worked well on watercolour paper and canvas but, when used on smooth surfaces like plastic or glass, they have a tendency to rub off.  I think they’re best suited to porous materials like fabric, canvas, wood, or stone.The different Funcils colours generally mark well on each other (please see photo...and try not to notice that I managed to write one entire section upside down).  The silver and gold stand out nicely on the black (and vice versa), but I found they don’t cover over darker colours quite so well.  They’re often streaky and need at least two coats to achieve a good opaque layer.  The semi-gloss finish might also make it harder for other paints to adhere, so these may not be the best choice for a base layer.I really liked the variety of different nibs.  The fine nibs (1 and 3 mm) are great for detail work, but the markers are so similar in size/shape that I often grab one thinking it's the other.  The 3 and 6 mm nibs are reversible (bullet and chisel tips), and the 15 mm nib has a unique flattened chisel tip with three flat surfaces.The only major concern I have is longevity.  They don’t seem prone to drying out, but I’ve only been using them for three days, so it’s hard to reach a full conclusion in that time frame.  I also worry that, since they tend to put a lot of paint out at once, they’ll run out faster than other pens.  Only time will tell in either regard.At $15.95, I think these are well-priced for the quality and variety they offer.  Most comparable sets only have one or two pen sizes, but these are well-suited to a range of applications.  The paint itself has a couple of minor issues but, from what I’ve seen so far, I’d certainly recommend them.My rating: 4.5 stars"
22316,多表面diy/定制群,B0BKP1M6QK,Funcils,US,5,绘画表现,负面-涂色不均,streak | streaky,"I was lucky enough to be able to test three different Funcils sets at the same time (gold, silver, and black).  Many acrylic pens require constant shaking to maintain paint flow, but these have no such issues.  They take some time to prime but, once that’s done, the paint flows very smoothly.  If anything, it may be a little too fluid for some tasks.  It’s runnier than others I’ve used and a lot can come out at once, which means longer drying times (10+ minutes in some cases).Once fully dry, it has a nice semi-gloss finish that feels very durable.  The drying characteristics often depend on the material you’re drawing on, however.  I found these worked well on watercolour paper and canvas but, when used on smooth surfaces like plastic or glass, they have a tendency to rub off.  I think they’re best suited to porous materials like fabric, canvas, wood, or stone.The different Funcils colours generally mark well on each other (please see photo...and try not to notice that I managed to write one entire section upside down).  The silver and gold stand out nicely on the black (and vice versa), but I found they don’t cover over darker colours quite so well.  They’re often streaky and need at least two coats to achieve a good opaque layer.  The semi-gloss finish might also make it harder for other paints to adhere, so these may not be the best choice for a base layer.I really liked the variety of different nibs.  The fine nibs (1 and 3 mm) are great for detail work, but the markers are so similar in size/shape that I often grab one thinking it's the other.  The 3 and 6 mm nibs are reversible (bullet and chisel tips), and the 15 mm nib has a unique flattened chisel tip with three flat surfaces.The only major concern I have is longevity.  They don’t seem prone to drying out, but I’ve only been using them for three days, so it’s hard to reach a full conclusion in that time frame.  I also worry that, since they tend to put a lot of paint out at once, they’ll run out faster than other pens.  Only time will tell in either regard.At $15.95, I think these are well-priced for the quality and variety they offer.  Most comparable sets only have one or two pen sizes, but these are well-suited to a range of applications.  The paint itself has a couple of minor issues but, from what I’ve seen so far, I’d certainly recommend them.My rating: 4.5 stars"
22316,多表面diy/定制群,B0BKP1M6QK,Funcils,US,5,表面/介质表现,负面-在石头上表现差,streaky,"I was lucky enough to be able to test three different Funcils sets at the same time (gold, silver, and black).  Many acrylic pens require constant shaking to maintain paint flow, but these have no such issues.  They take some time to prime but, once that’s done, the paint flows very smoothly.  If anything, it may be a little too fluid for some tasks.  It’s runnier than others I’ve used and a lot can come out at once, which means longer drying times (10+ minutes in some cases).Once fully dry, it has a nice semi-gloss finish that feels very durable.  The drying characteristics often depend on the material you’re drawing on, however.  I found these worked well on watercolour paper and canvas but, when used on smooth surfaces like plastic or glass, they have a tendency to rub off.  I think they’re best suited to porous materials like fabric, canvas, wood, or stone.The different Funcils colours generally mark well on each other (please see photo...and try not to notice that I managed to write one entire section upside down).  The silver and gold stand out nicely on the black (and vice versa), but I found they don’t cover over darker colours quite so well.  They’re often streaky and need at least two coats to achieve a good opaque layer.  The semi-gloss finish might also make it harder for other paints to adhere, so these may not be the best choice for a base layer.I really liked the variety of different nibs.  The fine nibs (1 and 3 mm) are great for detail work, but the markers are so similar in size/shape that I often grab one thinking it's the other.  The 3 and 6 mm nibs are reversible (bullet and chisel tips), and the 15 mm nib has a unique flattened chisel tip with three flat surfaces.The only major concern I have is longevity.  They don’t seem prone to drying out, but I’ve only been using them for three days, so it’s hard to reach a full conclusion in that time frame.  I also worry that, since they tend to put a lot of paint out at once, they’ll run out faster than other pens.  Only time will tell in either regard.At $15.95, I think these are well-priced for the quality and variety they offer.  Most comparable sets only have one or two pen sizes, but these are well-suited to a range of applications.  The paint itself has a couple of minor issues but, from what I’ve seen so far, I’d certainly recommend them.My rating: 4.5 stars"
22323,多表面diy/定制群,B0BKP1M6QK,Funcils,US,5,性价比,负面-价格昂贵,expensive,"Turn your average everyday rocks into gold! Okay, it’s not real gold but it looks the part! You have varying size pens that need activating but once done can paint onto almost any surface. I did find the largest on the pens took a little effort to activate and once I had it did leak out quite fast compared to the others, it’s not much of a problem but can be a little messy, at least if you’re turning rocks into nuggets!The colour is great, it’s got a very nice metallic shine to it. Being paint I do wonder on their longevity but they’ve been fine so far over a couple weeks.At £12.95 I think it’s fair, it is only one colour but it’s an expensive colour and looks great and the different thicknesses do give you a lot of options. I’m happy with them."
22381,多表面diy/定制群,B0BKP1M6QK,Funcils,US,3,色彩饱和度与混合,负面-遮盖力差/透明,watery,"So this is my first time using acrylic paint markers but I've seen videos of people using them and thought I knew what to expect. The paint in these are extremely watery and made a huge mess by running everywhere, also there was nothing permanent about them. The paint easily rubbed off everything I put them on and smugged horribly. They may work ok on fabric and something absorbent, but for metal, glass, rocks etc I can't say I'm impressed."
22393,多表面diy/定制群,B0BKP1M6QK,Funcils,US,5,笔头表现,负面-细节控制差,skips,"These are the Funcils 5 Acrylic Black Paint Pen - Fine Tip, Thin Point & Jumbo Pens (1mm, 3mm, 6mm, 10mm, 15mm) - Black Paint Marker for Plastic, Canvas, Wood, Rock Painting, Fabric, Tire, Metal, Glass. I've been using these markers to do the outlines for my rock painting. I find that they are excellent for smooth consistent ink flow and quick drying. The different sizes is really handy for doing detailed work as well. The ink dries to a flat matte finish and is pretty smudge proof once it is dry. It's completely compatible with my other acrylic paints as well. Seems to be very durable and you don't get any skips or bubbling when using these pans. They stay consistently wet as long as you keep the caps on tightly. I think this is a really good deal for such good quality acrylic paint pens and the versatility is amazing. My next project will be some wine glasses for Halloween. Definitely recommend."
22393,多表面diy/定制群,B0BKP1M6QK,Funcils,US,5,流畅性,负面-干涩/刮纸/断墨,skips,"These are the Funcils 5 Acrylic Black Paint Pen - Fine Tip, Thin Point & Jumbo Pens (1mm, 3mm, 6mm, 10mm, 15mm) - Black Paint Marker for Plastic, Canvas, Wood, Rock Painting, Fabric, Tire, Metal, Glass. I've been using these markers to do the outlines for my rock painting. I find that they are excellent for smooth consistent ink flow and quick drying. The different sizes is really handy for doing detailed work as well. The ink dries to a flat matte finish and is pretty smudge proof once it is dry. It's completely compatible with my other acrylic paints as well. Seems to be very durable and you don't get any skips or bubbling when using these pans. They stay consistently wet as long as you keep the caps on tightly. I think this is a really good deal for such good quality acrylic paint pens and the versatility is amazing. My next project will be some wine glasses for Halloween. Definitely recommend."
22411,精细绘画/插画创作群,B0BKP1M6QK,Funcils,US,5,色彩饱和度与混合,负面-暗淡/褪色,pale,"⭐⭐⭐⭐⭐I recently purchased the Acrylic Black Paint Pen set of 5, and I am absolutely thrilled with the quality and versatility of these pens. Whether you're an amateur hobbyist or a seasoned artist, these paint pens are a fantastic addition to your creative toolkit.Firstly, the pigment quality of the black acrylic paint is outstanding. The ink flows smoothly, providing a rich, opaque black color that stands out beautifully on a variety of surfaces. I've used these pens on everything from canvas and paper to rocks and wood, and the results are consistently impressive. The paint dries quickly to a glossy finish that is both water-resistant and fade-resistant, ensuring your artwork stays vibrant over time.The precision of the pen tips is another highlight. The set includes different tip sizes, allowing for a range of line widths from fine details to broader strokes. This versatility makes them perfect for intricate designs, calligraphy, or filling in larger areas with ease. The pens are also incredibly easy to control, which is great for achieving clean lines and avoiding unwanted smudges.One of the best features of these paint pens is their convenience. There's no need for brushes or palettes, and cleanup is a breeze. They're portable, too, which means I can take my creativity on the go. Whether I'm sketching outdoors or working on a project at a café, these pens are always in my bag.The durability and quality of the pens themselves are noteworthy. They feel sturdy in hand and the paint hasn't shown any signs of running out prematurely, despite frequent use. It's clear that these pens are made to last, offering excellent value for money.In conclusion, the Acrylic Black Paint Pen set of 5 has been a joy to use. They have enhanced my artistic projects, providing a high-quality, convenient, and versatile option for incorporating black acrylic paint into my work. I highly recommend them to anyone looking to explore their creativity with reliable and effective tools. These pens have definitely earned a permanent spot in my collection."
22462,多表面diy/定制群,B0BN8CW9ZY,TANMIT,US,4,笔头耐用性,负面-寿命不匹配,dried out,"Love these markers, especially for the incredible price. I make and sell illustrations on wood and need paint markers, but purchasing them from craft supply stores was getting so expensive and they always dried out immediately.These markers actually LAST and the quality is so much better. I was skeptical but these are truly great.The only issue was that the black marker seemed to have a different texture to it but other than that they were PERFECT!"
22462,多表面diy/定制群,B0BN8CW9ZY,TANMIT,US,4,性价比,负面-价格昂贵,expensive,"Love these markers, especially for the incredible price. I make and sell illustrations on wood and need paint markers, but purchasing them from craft supply stores was getting so expensive and they always dried out immediately.These markers actually LAST and the quality is so much better. I was skeptical but these are truly great.The only issue was that the black marker seemed to have a different texture to it but other than that they were PERFECT!"
22583,儿童/课堂使用群,B0BN8CW9ZY,TANMIT,US,5,流畅性,负面-出墨过多/漏墨,bleed through,"Colors are very bright.  Easily handled by everyone in groups. Used to paint pumpkins, painting on canvas and plain paper plates.  No bleed through and fast drying.  Clean up was especially easy for kids with just soap and water. Surface cleaning was easy with disinfectant cleaning clothes."
22610,精细绘画/插画创作群,B0BN8CW9ZY,TANMIT,US,5,性价比,负面-价格昂贵,expensive,"My wife started rock painting before we were married. And then took off many years to start a family and focus on the home among other things. Over the past year, she has returned to the hobby.In the beginning, when she restarted, she tried acrylic paint pens with less than satisfactory results. We tried the recommended brands, but she had issues with how well the paint covered the surfaces, issues with the tips, specifically with fine detail and also failures of the pens which resulted in leaks and drips. She eventually, settled on using brushes instead of pens. But, in the back of her mind, she hadn't given up on the convenience of using the pens.Recently we came across this offering which was very economically priced and seemed to promise better performance. So, we placed our order.The set contains 24 colors. The pens are double ended which saves money buying two of each. Although we'd have to say neither is particularly sharp. So, detailed work is still an open issue.What these pens supply is really good coverage on the first coat. And superfast drying times - within minutes on smooth rock. Right now, they are new so we can't really judge if the points are going to hold up but, for now we don't have any drips or leaks.So, it seems we may have an alternative to brushes for the broader areas of a surface. But for the details it seems brushes are still her go to tool. We'll have to keep looking for the right pen.So, these are economically price pens that provide very good, first coat coverage that dries relatively quickly. The pens come in a good variety of colors and the tips seem to be holding up well so far. At least as good as anything we've seen including the tips we've seen on the more expensive brands. If you've been looking for an inexpensive brand of capable acrylic pens, you may want to consider giving these one's a try."
22653,多表面diy/定制群,B0BN8CW9ZY,TANMIT,US,5,笔头耐用性,负面-寿命不匹配,dry out,So far they have been great. Nice vibrant colors that dry quickly. Great for rock painting.Hoping they don’t dry out quickly
22702,纸面手账/装饰书写群,B0BN8CW9ZY,TANMIT,US,4,色彩饱和度与混合,负面-遮盖力差/透明,streaky,"They alright , I used them to journal but after some time they get kinda dry and streaky. They rip up regular writing paper too"
22702,纸面手账/装饰书写群,B0BN8CW9ZY,TANMIT,US,4,绘画表现,负面-涂色不均,streak | streaky,"They alright , I used them to journal but after some time they get kinda dry and streaky. They rip up regular writing paper too"
22702,纸面手账/装饰书写群,B0BN8CW9ZY,TANMIT,US,4,表面/介质表现,负面-在石头上表现差,streaky,"They alright , I used them to journal but after some time they get kinda dry and streaky. They rip up regular writing paper too"
22718,儿童/课堂使用群,B0BN8CW9ZY,TANMIT,US,5,笔头耐用性,负面-寿命不匹配,dry out,I’m a teacher and go through a lot of paint markers.  They usually dry out so fast.  These were perfect!  Smooth vivid color.  Plenty of paint comes out without being messy.  I actually ordered a second box!
22728,多表面diy/定制群,B0BN8CW9ZY,TANMIT,US,3,笔身与易用性,负面-材质/做工差,flimsy,"Large set of markers with tips on each end. There’s not a lot of difference between the thick and fine point ends. The fine point could really be a lot finer to be more useful. The colors are very pretty, but there isn’t really a true red or true green. The paint dries very fast and looks like it will work well for rock painting with a clear coat applied over it. I wish it had included some sort of case to hold the markers. The box they come in is flimsy cardboard and probably won’t stand the test of time. I’ll probably go with a gallon ziplock for storage."
22766,多表面diy/定制群,B0BN8CW9ZY,TANMIT,US,5,笔头耐用性,负面-寿命不匹配,dry out,"These work really well on glass and wood so far, and dry pretty quickly. The ink flow is very consistent and easy to use and don’t seem like they will dry out quickly. I also love that it has a thinner and thicker tip option. They are a great quality and affordable. You get almost every color of the rainbow for any project."
22769,多表面diy/定制群,B0BN8CW9ZY,TANMIT,US,5,墨水特性,负面-消耗快,run out of paint,"These paint markers work great.  I have used them on different surfaces such as canvas, wood, paper, and glass, and have not had any issues or smudges.  They dry quickly and there is no messy cleanup.  The color variety was more than enough for what I was looking for with multiple shades of each color.  Each paint marker has two different size tips making them great for any size project.  They also last a long time.  I have had them for quite some time now and used them on multiple projects and have yet to have any color run out of paint or dry up.  I would recommend them to any art enthusiast from beginner to professional, and also for kid projects as well as they are not messy and easy to use.  I was very satisfied and would purchase these markers again.  Great quality and a great price.  I would give them 5 stars.  Definitely exceeded my expectations."
22782,儿童/课堂使用群,B0BN8CW9ZY,TANMIT,US,5,墨水特性,负面-气味难闻,bad smell,"It has been so much fun and inexpensive to decorate random outdoor stuff with the kids. Definitely a summer must have. I love the colors, one side is thick, the other pointy, and no bad smell."
22782,儿童/课堂使用群,B0BN8CW9ZY,TANMIT,US,5,墨水特性,负面-香味难闻/太浓,bad smell,"It has been so much fun and inexpensive to decorate random outdoor stuff with the kids. Definitely a summer must have. I love the colors, one side is thick, the other pointy, and no bad smell."
22782,儿童/课堂使用群,B0BN8CW9ZY,TANMIT,US,5,性价比,负面-价格昂贵,expensive,"It has been so much fun and inexpensive to decorate random outdoor stuff with the kids. Definitely a summer must have. I love the colors, one side is thick, the other pointy, and no bad smell."
22816,多表面diy/定制群,B0BN8CW9ZY,TANMIT,US,5,笔身与易用性,负面-材质/做工差,flimsy,"We love paint markers in this house!  I have a lot of grandkids, and when they come over, they almost always want to do a craft project.  As you might imagine, paint markers can come in very handy for crafting.  This set of 24 markers is very nice.  I tried out the colors using both the ball-tip and paintbrush tip.  The color feeds beautifully, without any kind of priming, which is often a feature of paint markers.  I love the pretty, vibrant colors, though I do agree that a true red, and a true kelly green would be nice.  But for most purposes, the slightly off-colored green and red are just fine.  None of the grandkids have mentioned this at all, so I'm definitely quibbling.  The markers came in a flimsy cardboard box, without any kind of separation.  So if you've pulled a number of the markers out of the box at the same time, chances are excellent that the rest of them will just fall down on their sides, requiring you to shake them out of the box.  To save myself the hassle, I found a conveniently-sized plastic storage container (the disposable ones you can get at the grocery store, or dollar store), and the markers are all now happily living in there.  I like that it has a cover, too.  You do need to be careful to close the caps firmly on the markers (just like all markers), so your paint doesn't dry up.  Time will tell how durable these markers are; but at $14.99 for 24 markers (as of this writing), I won't feel badly about just replacing them when the time comes."
22816,多表面diy/定制群,B0BN8CW9ZY,TANMIT,US,5,多样性与适配性,负面-可补充性差 (Poor replenishability),disposable,"We love paint markers in this house!  I have a lot of grandkids, and when they come over, they almost always want to do a craft project.  As you might imagine, paint markers can come in very handy for crafting.  This set of 24 markers is very nice.  I tried out the colors using both the ball-tip and paintbrush tip.  The color feeds beautifully, without any kind of priming, which is often a feature of paint markers.  I love the pretty, vibrant colors, though I do agree that a true red, and a true kelly green would be nice.  But for most purposes, the slightly off-colored green and red are just fine.  None of the grandkids have mentioned this at all, so I'm definitely quibbling.  The markers came in a flimsy cardboard box, without any kind of separation.  So if you've pulled a number of the markers out of the box at the same time, chances are excellent that the rest of them will just fall down on their sides, requiring you to shake them out of the box.  To save myself the hassle, I found a conveniently-sized plastic storage container (the disposable ones you can get at the grocery store, or dollar store), and the markers are all now happily living in there.  I like that it has a cover, too.  You do need to be careful to close the caps firmly on the markers (just like all markers), so your paint doesn't dry up.  Time will tell how durable these markers are; but at $14.99 for 24 markers (as of this writing), I won't feel badly about just replacing them when the time comes."
22898,多表面diy/定制群,B0BR3X3J9L,Betem,US,3,色彩饱和度与混合,负面-暗淡/褪色,dull | not bright,"Just don’t like these. They have a preloaded tip, so you don’t need to fight to get the paint out but once I started using them, I was very disappointed. They have very fat tips so it’s hard to get a nice clean line. The ink is not bright or thick so the paint is thin and dull. Even when I did multiple coats, it never looked good. I would not buy this again. Waste of money and had to buy more to get the projects finished.I used these to paint rocks, on paper, etc. didn’t look great on most surfaces. Thumbs down."
22898,多表面diy/定制群,B0BR3X3J9L,Betem,US,3,流畅性,负面-漆感差/稀薄/起泡,paint is thin,"Just don’t like these. They have a preloaded tip, so you don’t need to fight to get the paint out but once I started using them, I was very disappointed. They have very fat tips so it’s hard to get a nice clean line. The ink is not bright or thick so the paint is thin and dull. Even when I did multiple coats, it never looked good. I would not buy this again. Waste of money and had to buy more to get the projects finished.I used these to paint rocks, on paper, etc. didn’t look great on most surfaces. Thumbs down."
22898,多表面diy/定制群,B0BR3X3J9L,Betem,US,3,性价比,负面-价格昂贵,waste of money,"Just don’t like these. They have a preloaded tip, so you don’t need to fight to get the paint out but once I started using them, I was very disappointed. They have very fat tips so it’s hard to get a nice clean line. The ink is not bright or thick so the paint is thin and dull. Even when I did multiple coats, it never looked good. I would not buy this again. Waste of money and had to buy more to get the projects finished.I used these to paint rocks, on paper, etc. didn’t look great on most surfaces. Thumbs down."
22913,儿童/课堂使用群,B0BR3X3J9L,Betem,US,2,色彩饱和度与混合,负面-遮盖力差/透明,streaky,The color pigment is weak compared to brands like Master’s Touch or Droaful. It took several passes to get consistent non streaky coverage. The card stock paper actually started to peal from the amount of liquid it took to cover any given section. The fine tip would have been amazing if it worked as I had hoped it would. I will be purchasing a different set and letting my children use these. I would not recommend these for any art project using paper. You get what you pay for. I would never buy them again.
22913,儿童/课堂使用群,B0BR3X3J9L,Betem,US,2,绘画表现,负面-涂色不均,streak | streaky,The color pigment is weak compared to brands like Master’s Touch or Droaful. It took several passes to get consistent non streaky coverage. The card stock paper actually started to peal from the amount of liquid it took to cover any given section. The fine tip would have been amazing if it worked as I had hoped it would. I will be purchasing a different set and letting my children use these. I would not recommend these for any art project using paper. You get what you pay for. I would never buy them again.
22913,儿童/课堂使用群,B0BR3X3J9L,Betem,US,2,表面/介质表现,负面-在石头上表现差,streaky,The color pigment is weak compared to brands like Master’s Touch or Droaful. It took several passes to get consistent non streaky coverage. The card stock paper actually started to peal from the amount of liquid it took to cover any given section. The fine tip would have been amazing if it worked as I had hoped it would. I will be purchasing a different set and letting my children use these. I would not recommend these for any art project using paper. You get what you pay for. I would never buy them again.
22938,儿童/课堂使用群,B0BR3X3J9L,Betem,US,4,笔头耐用性,负面-寿命不匹配,dry out,These are cool little markers but they dry out a little faster than I expected. I love the colors and the kids can make some pretty cool things with these markers. Overall these are great and love to see what my kids come up with when using these markers.
23031,多表面diy/定制群,B0BWRCVHPD,NICETY,US,2,流畅性,负面-出墨过多/漏墨,splatter,"When I bought these, I was expecting them to be the same as my other acrylic markers, where the tips are the same as regular markers. The stiff plastic tips that need to be pumped to fill are horrible. Depending on the wood, they bleed into the wood grain. If there is a larger grain in the wood, due to the lack of flexibility in the tip, you get a paint splatter.On glass, because of the type of tip, the flow is uneven causing darker spots. Although it dries quite fast, it ended up washing off with ease with just water. It was quite disappointing!The colours are great and I have found ways to make these work for some my projects, but they are definitely not a marker I would recommend."
23061,多表面diy/定制群,B0BWRCVHPD,NICETY,US,5,性价比,负面-价格昂贵,expensive,"I remember the days when paint pens used to be so expensive and you could only get them in certain colors. I’ve used these on rocks, wood, fabric, canvas, shoes..you name it. Great selection of colors and pretty thick and opaque."
23114,多表面diy/定制群,B0BWRCVHPD,NICETY,US,2,流畅性,负面-出墨过多/漏墨,splatter,"Love the colors, but the colors are not labeled. I bought to use with stencils and it didn’t work like I wanted it to. Paint is very thin. They bleed and splattered. Used on plastic cups let it dry for 3 days and the paint washed all off."
23134,填色/大面积上色群,B0BWRCVHPD,NICETY,US,4,外观与包装,负面-外观廉价/丑,cheaply made,I ordered these for an adult coloring book. The colors don't bleed but the only reason I didn't give it 5 stars was either user error or they are cheaply made because when they are being used they sometimes leek on the side of the pen and the ink goes everywhere. Make sure they are tightly secured when coloring.
23137,纸面手账/装饰书写群,B0BWRCVHPD,NICETY,US,5,流畅性,负面-出墨过多/漏墨,splatter,"This review is for the following item:  NICETY 72 Colors Acrylic Paint Pens Paint Markers, Extra Fine Tip Point Acrylic Paint Pens for Rock Painting, Canvas, Wood, Ceramic, Glass, Stone, Fabric, Scrapbooking, DIY Crafts &amp; Art Supplies<br><br>I purchased these set of acrylic paint pens for my husbands 3d printing.  He goes through a lot of pens doing highlighting to his prints.  I can tell you that we will be fighting over this set.<br><br>The colors are amazing, and I can get a fine line with these pens which makes it perfect for highlighting lashes and fingernails and eyebrows on his prints.<br><br>BUT this set of colors just has me itching to start rock painting again.  So hubby will have to play nice and share or another set will need to be ordered.<br><br>I do recommend this set of paint pens, they draw nicely, no stuttering, no splattering of paint.  If you don't glob the paint on, they dry quickly also.  I do like how the metallic colors reflect the light.  Great paint pens with so many different uses.<br><br>To use the pens, make sure the cap is on tightly, shake the pen and you will hear a metal ball moving around inside.  Once it seems to be moving freely, uncap the pen and push the tip down onto a flat surface.  The ink will fill the tip.  Now you are ready to start your painting.  Have fun."
23156,多表面diy/定制群,B0BWRCVHPD,NICETY,US,5,性价比,负面-价格昂贵,pricey,"I was stoked to get these markers, and they truly lived up to my expectations. I have a ton of arts and crafts that I'm super into that these markers go perfectly with. I've used the Sharpie brand Acrylic markers and they are nothing in comparison to these. I love that they are fine-tipped, easy to use, and the pictures do not do the actual pens brightness justice.<br><br>I also love that these markers are versatile enough to be used on several different surfaces. I've used them on glass  cups, rocks, cardboard, wood, and even resin epoxy. They are a little pricey, but they are definitely worth the investment. I've been using them non-stop since I got them and don't have a single complaint."
23160,多表面diy/定制群,B0BWRCVHPD,NICETY,US,3,表面/介质表现,负面-在金属(Metal)上表现差,flaked off,"This product would be amazing in another circumstance… however I was looking for acrylic markers that would withstand heat for shrinking plastic DIY. Some pens didn’t bubble but the ones that did- did so significantly and flaked off. I returned the product, but wow did I wish it worked out."
23183,填色/大面积上色群,B0BY85SLSK,Shuttle Art,US,4,笔头表现,负面-细节控制差,too thick,"White paint pens are a hard thing to accomplish. One push and the paint loaded in these. In fact, I should have pushed more lightly because it is really thin paint and flows out quickly. The paint is opaque. Not a fan of the tip on these. They will be fine for filling large areas, but I do a lot of script in smaller spaces, and these are a bit too thick for that."
23183,填色/大面积上色群,B0BY85SLSK,Shuttle Art,US,4,笔身与易用性,负面-握持不适,too thick,"White paint pens are a hard thing to accomplish. One push and the paint loaded in these. In fact, I should have pushed more lightly because it is really thin paint and flows out quickly. The paint is opaque. Not a fan of the tip on these. They will be fine for filling large areas, but I do a lot of script in smaller spaces, and these are a bit too thick for that."
23198,纸面手账/装饰书写群,B0BY85SLSK,Shuttle Art,US,5,笔头表现,负面-细节控制差,too thick,"Sweetness is having a whole cup full of white paint pens to make delicious marks with.These paint pens cover quite well. The white went over my air brush paint…absorbing a little of the water based paint, but if I put another coat on it would be very white. The paint also marked very well on a piece of black cardstock.The tip is medium and not super fine or too thick. These markers will be a wonderful tool to use when I do my artwork. I love them.For 20 pens I would say they are extremely affordable."
23198,纸面手账/装饰书写群,B0BY85SLSK,Shuttle Art,US,5,笔身与易用性,负面-握持不适,too thick,"Sweetness is having a whole cup full of white paint pens to make delicious marks with.These paint pens cover quite well. The white went over my air brush paint…absorbing a little of the water based paint, but if I put another coat on it would be very white. The paint also marked very well on a piece of black cardstock.The tip is medium and not super fine or too thick. These markers will be a wonderful tool to use when I do my artwork. I love them.For 20 pens I would say they are extremely affordable."
23213,精细绘画/插画创作群,B0BYDHRZWF,Coogert,US,5,墨水特性,负面-消耗快,run out of paint,"I really love these. There is one minor problem. They run out of paint very quickly. I painted 4 rocks no more than 2x2 inches the white,green,blue,black and yellow ran out. I only used them for fine details. This was disappointing"
23219,儿童/课堂使用群,B0BYDHRZWF,Coogert,US,5,性价比,负面-价格昂贵,expensive,Bought these for my son. We were looking at a more expensive kinds I saved money going with these. They work great!!!
23286,精细绘画/插画创作群,B0BYDHRZWF,Coogert,US,5,笔头表现,负面-笔头磨损分叉,frayed,"This was such a good find. I was worried it would be just average but they are very nice quality and opaque. The fine tip makes it perfect for details and precise application. The paint flows smoothly and the color selection is beautiful. I am an artist that has tried a few other brands including the popular (and expensive) ones and these are JUST as good quality, they have great usability. I’ve already decorated a number of things around my desk . They mix well while still wet for custom color blends, but with these many colors you’ll have everything you need. I will be trying out other sized markers from this brand when I can, for larger projects. These are skinny and sleek enough to fit into my pencil case. They work well on every surface and they dry with a slightly raised texture off the surface of whatever you’re going to draw on so I recommend grabbing some sort of acrylic finishing seal coat. I use mod podge’s iridescent shimmer acrylic sealer and regular glossy sealer to protect my finished (dried) work.Tips have not frayed whatsoever so far even with moderate use. I do use my art supplies gently with care though, so I am not doing any kind of heavy handed application to deliberately test their strength but from my use of them to customize 8 water bottles so far they are very strong and retain their pointy-ness for continuous fine detailing. Hope this helps I would get these they’re nice and worth the money with the discount especially!I don’t know what the sheerness rating means but I gave it five stars because they are NOT sheer they are OPAQUE and have no issues with sheerness. I only ever needed a single coat for applications and the coverage is beautiful. Have not tried them without a sealer coat on top, except on my stapler and stationary cup and they are still completely fine but It doesn’t get much traffic. I don’t know why anyone would NOT choose to protect their hard work."
23286,精细绘画/插画创作群,B0BYDHRZWF,Coogert,US,5,笔头耐用性,负面-磨损/分叉,fray,"This was such a good find. I was worried it would be just average but they are very nice quality and opaque. The fine tip makes it perfect for details and precise application. The paint flows smoothly and the color selection is beautiful. I am an artist that has tried a few other brands including the popular (and expensive) ones and these are JUST as good quality, they have great usability. I’ve already decorated a number of things around my desk . They mix well while still wet for custom color blends, but with these many colors you’ll have everything you need. I will be trying out other sized markers from this brand when I can, for larger projects. These are skinny and sleek enough to fit into my pencil case. They work well on every surface and they dry with a slightly raised texture off the surface of whatever you’re going to draw on so I recommend grabbing some sort of acrylic finishing seal coat. I use mod podge’s iridescent shimmer acrylic sealer and regular glossy sealer to protect my finished (dried) work.Tips have not frayed whatsoever so far even with moderate use. I do use my art supplies gently with care though, so I am not doing any kind of heavy handed application to deliberately test their strength but from my use of them to customize 8 water bottles so far they are very strong and retain their pointy-ness for continuous fine detailing. Hope this helps I would get these they’re nice and worth the money with the discount especially!I don’t know what the sheerness rating means but I gave it five stars because they are NOT sheer they are OPAQUE and have no issues with sheerness. I only ever needed a single coat for applications and the coverage is beautiful. Have not tried them without a sealer coat on top, except on my stapler and stationary cup and they are still completely fine but It doesn’t get much traffic. I don’t know why anyone would NOT choose to protect their hard work."
23286,精细绘画/插画创作群,B0BYDHRZWF,Coogert,US,5,性价比,负面-价格昂贵,expensive,"This was such a good find. I was worried it would be just average but they are very nice quality and opaque. The fine tip makes it perfect for details and precise application. The paint flows smoothly and the color selection is beautiful. I am an artist that has tried a few other brands including the popular (and expensive) ones and these are JUST as good quality, they have great usability. I’ve already decorated a number of things around my desk . They mix well while still wet for custom color blends, but with these many colors you’ll have everything you need. I will be trying out other sized markers from this brand when I can, for larger projects. These are skinny and sleek enough to fit into my pencil case. They work well on every surface and they dry with a slightly raised texture off the surface of whatever you’re going to draw on so I recommend grabbing some sort of acrylic finishing seal coat. I use mod podge’s iridescent shimmer acrylic sealer and regular glossy sealer to protect my finished (dried) work.Tips have not frayed whatsoever so far even with moderate use. I do use my art supplies gently with care though, so I am not doing any kind of heavy handed application to deliberately test their strength but from my use of them to customize 8 water bottles so far they are very strong and retain their pointy-ness for continuous fine detailing. Hope this helps I would get these they’re nice and worth the money with the discount especially!I don’t know what the sheerness rating means but I gave it five stars because they are NOT sheer they are OPAQUE and have no issues with sheerness. I only ever needed a single coat for applications and the coverage is beautiful. Have not tried them without a sealer coat on top, except on my stapler and stationary cup and they are still completely fine but It doesn’t get much traffic. I don’t know why anyone would NOT choose to protect their hard work."
23312,多表面diy/定制群,B0BYDHRZWF,Coogert,US,5,流畅性,负面-出墨过多/漏墨,splatter,"Best for rock painting fine lines, only sometimes they splatter, just need to test them first, then draw"
23324,多表面diy/定制群,B0BYDHRZWF,Coogert,US,5,性价比,负面-价格昂贵,expensive,I love to paint rocks and go through a lot of paint. I really enjoyed this paint pens. They’re the best I’ve ever used actually. Even better than my more expensive brands. The paint came down the point immediately and I like that you can see everything because of the clear tube. The paint is a nice consistency and covers well. I highly recommend!
23376,多表面diy/定制群,B0BYDHRZWF,Coogert,US,4,色彩饱和度与混合,负面-暗淡/褪色,pale,"I got these as a gift. I had been wanting acrylic pens and have been having fun with them! It took a bit to get the paint to the tip, and it remains to be seen if the tips will dry out. I have used them several times since Christmas and so far they have performed well. If you work on a ln uneven surface you do need to adjust to the texture. I tried writing on wood and found the tip easy to skip. I started making the letters in small sections and fixed the problem. It would be nice to have more vibrant colors too. The color palette is a little too pastel."
23376,多表面diy/定制群,B0BYDHRZWF,Coogert,US,4,笔头耐用性,负面-寿命不匹配,dry out,"I got these as a gift. I had been wanting acrylic pens and have been having fun with them! It took a bit to get the paint to the tip, and it remains to be seen if the tips will dry out. I have used them several times since Christmas and so far they have performed well. If you work on a ln uneven surface you do need to adjust to the texture. I tried writing on wood and found the tip easy to skip. I started making the letters in small sections and fixed the problem. It would be nice to have more vibrant colors too. The color palette is a little too pastel."
23395,精细绘画/插画创作群,B0BYDHRZWF,Coogert,US,5,色彩饱和度与混合,负面-暗淡/褪色,pale,"I recently acquired a set of 36 color acrylic paint pens, and they've completely transformed my creative projects. Here's why I can't stop singing their praises:Expansive Color Palette: The range of colors in this set is astonishing! With 36 vibrant shades to choose from, I can let my imagination run wild. It's like having a rainbow at my fingertips, and I can easily find the perfect color for any project.Smooth and Precise Application: These paint pens glide effortlessly on various surfaces. Whether I'm working on canvas, wood, fabric, or even rocks, the pens provide a consistent and smooth application. I can achieve both fine details and broad strokes with ease.Quick Drying: The quick-drying formula is a game-changer. I no longer have to worry about smudging my artwork, and I can layer colors without waiting for extended drying times.Versatility: These pens are incredibly versatile. I've used them for painting, outlining, and even writing on different surfaces. They're perfect for DIY crafts, home décor, and adding personal touches to gifts.Long-Lasting: I've been pleasantly surprised by how long these pens last. The ink flows consistently, and they've maintained their quality over time. A little goes a long way, making this set an excellent investment.Non-Toxic and Safe: As a responsible artist, I appreciate that these acrylic paint pens are non-toxic and safe to use. They are suitable for artists of all ages.Great for Beginners and Professionals: Whether you're a beginner exploring the world of acrylics or a seasoned artist looking for convenience, these pens cater to all skill levels.This set of 36 color acrylic paint pens has truly unlocked my creativity and made my art projects more vibrant and enjoyable. The possibilities are endless, and I'm constantly finding new ways to use them. If you're looking to add a burst of color and creativity to your projects, I wholeheartedly recommend these acrylic paint pens. They're a treasure trove of artistic potential!"
23409,纸面手账/装饰书写群,B0BYDHRZWF,Coogert,US,4,流畅性,负面-出墨过多/漏墨,splatter,"I like these acrylic paint pens/markers. I got the set of 36 which has a wide range of colors. The paint starts flowing quicker than any paint pen I've ever used. The nib is 7mm. The opaqueness of the colors is good and what should be expected of acrylic.The downsides - you really have to shake the markers to mix the pigment up otherwise you could get a more sheer effect or different shade. They also do not have color names or numbers on the pens which for someone who likes to sometimes look for a certain color I found this annoying. I had to swatch and then label everyone so if I wanted too come back to a certain color I would know which one it was right away. Like many paint pens this can sometimes cast splatters around the nib, even on smooth paper. It doesn't bother me too much because I use these for art journaling but could see how that could ruin something more detailed and delicate.Overall I think they are well priced with a variety of pretty colors and if you have a project in mine that doesn't require perfect detail then these could be great for you."
23422,多表面diy/定制群,B0BYDHRZWF,Coogert,US,5,流畅性,负面-出墨过多/漏墨,splatter,"These are a good dupe for more expensive paint markers. I used them for rock painting and they dry super fast and cover in the first layer. They’re easy to get started with and the tips seemed even and not messed up. When writing, you need to be careful not to push down or it will splatter some, but overall, they’re good paint markers. They include so many colors that they’re good for multiple projects!"
23422,多表面diy/定制群,B0BYDHRZWF,Coogert,US,5,性价比,负面-价格昂贵,expensive,"These are a good dupe for more expensive paint markers. I used them for rock painting and they dry super fast and cover in the first layer. They’re easy to get started with and the tips seemed even and not messed up. When writing, you need to be careful not to push down or it will splatter some, but overall, they’re good paint markers. They include so many colors that they’re good for multiple projects!"
23433,多表面diy/定制群,B0BYDHRZWF,Coogert,US,1,流畅性,负面-出墨过多/漏墨,splatter,"Pens looked okay and arrived intact. I used pens on my rocks, and paint splattered over my items. I am getting replacements to get this issue taken care of. Hopefully it won't happen again."
23464,多表面diy/定制群,B0BYDHRZWF,Coogert,US,5,性价比,负面-价格昂贵,expensive,These are great thin point pens with all the beautiful colors in the rainbow and much more!  I am really impressed by the quality and ease of use of these pens.  I was able to do a clear glass plate project and am also using them to decorate wine glasses to give as gifts for the holidays.  I easily covered up some chips on an expensive piece of porcelain and now you cannot tell that it was chipped!  The colors are many and they are bright and easy to apply.  Love them and strongly recommend them for your glass and ceramic projects!
23475,多表面diy/定制群,B0BYDHRZWF,Coogert,US,1,流畅性,负面-出墨过多/漏墨,splatter,"I bought these to use on wood. I make jewelry and other items and wanted to add color. They bleed horribly on wood, splatter, and over all make a mess of the project.I have not used these on another surface. I would not recommend for wood painting."
23506,多表面diy/定制群,B0BYDHRZWF,Coogert,US,5,笔头表现,负面-笔头磨损分叉,clogged,"I love these pens!  I’ve been having fun painting rocks and hiding them around town. These pens are easy to use, not drippy, and have a point fine enough for the tiniest little dots and details.  They haven’t clogged and seem to have a good amount of paint.  I’ve purchased other acrylic pain pens to use and these are the best."
23507,多表面diy/定制群,B0BYDHRZWF,Coogert,US,4,笔头耐用性,负面-寿命不匹配,dry out,"I used these acrylic pens to paint rocks. It was my first time painting rocks so I was unsure what products to buy. I first used acrylic paint and brushes for the background on my rocks. After they dried, I used these pens for the details and all the writing. Overall they were great. I can have a shaky hand and inconsistent handwriting on paper but I think most of the handwriting came out pretty good on the rocks. Every once in awhile, if the rocks had a little dip or crack or something in it, the marker would catch and mess up my writing. I'd just paint over it and wait for it to dry then try again. Luckily this didn't happen very often. Think that's more of a rock painting issue though, not a problem with the product. When writing, I learned to write very slowly. If you go to fast the tip will sling paint. If you go slow, you'll have a much better result. I did notice sometimes the pens would appear to dry out as others noted in reviews, but with a few shakes or some pressure on the tip, I've been able to get the pens to start working perfectly again in no time. I've painted over 100 rocks (some a few times - when i didn't like something about my first try 😅) and all of the pens are still fully functioning and seem to have plenty of paint left. The white pen, which is one of the ones I've used the most, has started to crack a little on the tip (see picture). I think it may just be because I'm writing on uneven rocks though. If I don't pay attention, the cracked tip makes the handwriting very bad as it causes the paint to come out inconsistently. I just make sure to tilt the white pen a certain angle and it works just as it did when I first bought it. I do wish the pens differentiated between the finer and medium point tips. I threw them all in one box and the pens have no markings to indicate if they're fine point or not. Luckily, both tips seem to work fine for what I'm using them for. There's not a huge difference between the two but it would be nice to know. Overall, great pens. Definitely recommend!"
23539,多表面diy/定制群,B0BZS9J77R,JanFeel,US,5,色彩饱和度与混合,负面-遮盖力差/透明,runny,"I am VERY pleased with these acrylic paint markers.I tried them on two smooth rocks as pictured trying the major colors on a light& dark rock& a dime for size comparison to show size of printing,very smallThe set comes in a good selection of basic 24 colors.They are water based, but not too runny.  I accidentally got a few drops of blue on a white pillow case & it washed right out when rinsed immediately.  But once dried,paint doesn’t wipe off.The process is to thoroughly shake the marker,then press tip to a surface briefly to bring paint down into the writing tip.I freehanded the writing& the markers move smoothly without running. The tip is ultra fine tip.I think would also work with stencils,though you might need to keep pumping tip to fill.The paint did not run on the rocks but dried very quickly. I plan to seal with a varnish as these are meant for an outside area.Thsnk you for the opportunity to enjoy these markers."
23539,多表面diy/定制群,B0BZS9J77R,JanFeel,US,5,表面/介质表现,负面-在布料上效果差,washed right out,"I am VERY pleased with these acrylic paint markers.I tried them on two smooth rocks as pictured trying the major colors on a light& dark rock& a dime for size comparison to show size of printing,very smallThe set comes in a good selection of basic 24 colors.They are water based, but not too runny.  I accidentally got a few drops of blue on a white pillow case & it washed right out when rinsed immediately.  But once dried,paint doesn’t wipe off.The process is to thoroughly shake the marker,then press tip to a surface briefly to bring paint down into the writing tip.I freehanded the writing& the markers move smoothly without running. The tip is ultra fine tip.I think would also work with stencils,though you might need to keep pumping tip to fill.The paint did not run on the rocks but dried very quickly. I plan to seal with a varnish as these are meant for an outside area.Thsnk you for the opportunity to enjoy these markers."
23545,精细绘画/插画创作群,B0BZS9J77R,JanFeel,US,5,笔头表现,负面-笔头磨损分叉,clogged,I’ve tried five different brands of markers on Amazon and these are by far the best. With all the others I use once and then have to soak the nibs before I can use again because they clog up regardless of what I do to prevent that from happening. I have yet to have a clogged pen with these. Color is rich and solid. I do detailed work and the fine points are perfect. FINALLY I found acrylic pens that work. Will order all they have.
23547,多表面diy/定制群,B0BZS9J77R,JanFeel,US,5,笔头表现,负面-笔头磨损分叉,clogged,"The colors are very vibrant and colors consistently without overflowing. I can confirm that these are odorless - most of the work was done in close proximity in a small room.The ink comes out instantly with a little pressure applied to the tip - it also doesn't overflow/bleed. The tip is solid, which helps with precise artwork when working with polymer clay - it also hasn't clogged on me so I haven't had to wash the removable tip.Only criticism is that I couldn't get these to work on yarn - instead of letting me color the yarn, it just sucks up all the paint from the hard tip and creates blotchy spotsOverall a fantastic set for a good price. Since these have hard tips, they'll work better on harder, less absorbent materials."
23547,多表面diy/定制群,B0BZS9J77R,JanFeel,US,5,流畅性,负面-出墨过多/漏墨,blotchy,"The colors are very vibrant and colors consistently without overflowing. I can confirm that these are odorless - most of the work was done in close proximity in a small room.The ink comes out instantly with a little pressure applied to the tip - it also doesn't overflow/bleed. The tip is solid, which helps with precise artwork when working with polymer clay - it also hasn't clogged on me so I haven't had to wash the removable tip.Only criticism is that I couldn't get these to work on yarn - instead of letting me color the yarn, it just sucks up all the paint from the hard tip and creates blotchy spotsOverall a fantastic set for a good price. Since these have hard tips, they'll work better on harder, less absorbent materials."
23547,多表面diy/定制群,B0BZS9J77R,JanFeel,US,5,绘画表现,负面-涂色不均,blotchy,"The colors are very vibrant and colors consistently without overflowing. I can confirm that these are odorless - most of the work was done in close proximity in a small room.The ink comes out instantly with a little pressure applied to the tip - it also doesn't overflow/bleed. The tip is solid, which helps with precise artwork when working with polymer clay - it also hasn't clogged on me so I haven't had to wash the removable tip.Only criticism is that I couldn't get these to work on yarn - instead of letting me color the yarn, it just sucks up all the paint from the hard tip and creates blotchy spotsOverall a fantastic set for a good price. Since these have hard tips, they'll work better on harder, less absorbent materials."
23548,纸面手账/装饰书写群,B0BZS9J77R,JanFeel,US,5,色彩饱和度与混合,负面-暗淡/褪色,pale,"For anyone that started out drawing and finds the switch to painting to be outside their comfort zone, these are excellent. Even trying them out for writing, I really liked the way they handled, and let me put a tiny bit of flourish into my handwriting. But for painting, I also found that these are great for applying a bit of color and then mixing on canvas, which is advice I heard in a painting class but didn't click until years later. They dry quickly, but that's acrylic for you. They also do live up to the waterproof claim once they're fully dry. These made me go back to an old painting, in fact I haven't painted at all in a long while, and it felt so quick and easy to get into it, rather than preparing a palette and everything. I'd suggest shaking and prepping a number of pens so you can quickly grab colors and draw them in, then take a damp brush and blend them once they're on the canvas. It was so much closer to the digital painting skills I've been developing, and was a lot of fun."
23550,多表面diy/定制群,B0BZS9J77R,JanFeel,US,3,色彩饱和度与混合,负面-遮盖力差/透明,watery,"I call these ""generic Chinese pens"" because the box and pens don't have a company/brand name on them, and I've seen the same set for sale on Amazon under at least 2 different company names. If you're going to buy them search Amazon and buy the least expensive - you'll know they're the same because of the box design and the lettering on the pens.  The quality is pretty average for this type of pen.The instructions on the included 'instruction manual' say to shake them at least 30 times before using and I found out why - if you don't mix them thoroughly before each use you can end up with watery thin paint, or tiny clumps of paint. The description calls them 'extra-fine' - I'd  call it medium fine but they do make good lines.  In my opinion the color selection is just OK - I'd like to have a brighter green and blue than these. I did a swatch chart so you can judge for yourself, but note the colors are not numbered or named on the pens or caps, and the cap color is only a general indication of the paint color.  I couldn't get the colors to blend well either when they were both wet, or by overlaying one color on another dry color.  The colors do show up pretty well on black paper which is a plus to me (see the doodle I uploaded). On the down side these seem to be very wet paints even when thoroughly mixed and they do bleed through thin paper.  I haven't used them on rocks, plastic or ceramics but I suspect they would be better suited for those materials.  If you do use paper you'll probably want to use a heavier weight (like for watercolors or mixed media).  Because of the wetness they take a bit longer to dry than other acrylic pens I've used.Important: You'll need to prime these after mixing before the first use - quickly press the tip straight down on some scrap material and release - you'll see the nib (tip) fill with paint.  I'd recommend using cardboard as there's a good chance of ending up with a puddle or drips.  Also I'd recommend doing a line on scrap paper before actually using to remove any excess paint from the nib.  The instructions say if one gets clogged you can remove the nib and wash it out with warm water, but I'm not going to try that as it would undoubtedly make a mess.  I have yet to use these where I didn't end up with a little paint on my hand.  As far as storage, the box isn't going to last long - if you do buy these I'd recommend keeping them in a cheap pencil case (there are plenty on Amazon).  All in all these are OK pens for casual use at the current price, but if you want professional quality definitely look elsewhere."
23550,多表面diy/定制群,B0BZS9J77R,JanFeel,US,3,笔头表现,负面-笔头磨损分叉,clogged,"I call these ""generic Chinese pens"" because the box and pens don't have a company/brand name on them, and I've seen the same set for sale on Amazon under at least 2 different company names. If you're going to buy them search Amazon and buy the least expensive - you'll know they're the same because of the box design and the lettering on the pens.  The quality is pretty average for this type of pen.The instructions on the included 'instruction manual' say to shake them at least 30 times before using and I found out why - if you don't mix them thoroughly before each use you can end up with watery thin paint, or tiny clumps of paint. The description calls them 'extra-fine' - I'd  call it medium fine but they do make good lines.  In my opinion the color selection is just OK - I'd like to have a brighter green and blue than these. I did a swatch chart so you can judge for yourself, but note the colors are not numbered or named on the pens or caps, and the cap color is only a general indication of the paint color.  I couldn't get the colors to blend well either when they were both wet, or by overlaying one color on another dry color.  The colors do show up pretty well on black paper which is a plus to me (see the doodle I uploaded). On the down side these seem to be very wet paints even when thoroughly mixed and they do bleed through thin paper.  I haven't used them on rocks, plastic or ceramics but I suspect they would be better suited for those materials.  If you do use paper you'll probably want to use a heavier weight (like for watercolors or mixed media).  Because of the wetness they take a bit longer to dry than other acrylic pens I've used.Important: You'll need to prime these after mixing before the first use - quickly press the tip straight down on some scrap material and release - you'll see the nib (tip) fill with paint.  I'd recommend using cardboard as there's a good chance of ending up with a puddle or drips.  Also I'd recommend doing a line on scrap paper before actually using to remove any excess paint from the nib.  The instructions say if one gets clogged you can remove the nib and wash it out with warm water, but I'm not going to try that as it would undoubtedly make a mess.  I have yet to use these where I didn't end up with a little paint on my hand.  As far as storage, the box isn't going to last long - if you do buy these I'd recommend keeping them in a cheap pencil case (there are plenty on Amazon).  All in all these are OK pens for casual use at the current price, but if you want professional quality definitely look elsewhere."
23550,多表面diy/定制群,B0BZS9J77R,JanFeel,US,3,流畅性,负面-出墨过多/漏墨,bleed through,"I call these ""generic Chinese pens"" because the box and pens don't have a company/brand name on them, and I've seen the same set for sale on Amazon under at least 2 different company names. If you're going to buy them search Amazon and buy the least expensive - you'll know they're the same because of the box design and the lettering on the pens.  The quality is pretty average for this type of pen.The instructions on the included 'instruction manual' say to shake them at least 30 times before using and I found out why - if you don't mix them thoroughly before each use you can end up with watery thin paint, or tiny clumps of paint. The description calls them 'extra-fine' - I'd  call it medium fine but they do make good lines.  In my opinion the color selection is just OK - I'd like to have a brighter green and blue than these. I did a swatch chart so you can judge for yourself, but note the colors are not numbered or named on the pens or caps, and the cap color is only a general indication of the paint color.  I couldn't get the colors to blend well either when they were both wet, or by overlaying one color on another dry color.  The colors do show up pretty well on black paper which is a plus to me (see the doodle I uploaded). On the down side these seem to be very wet paints even when thoroughly mixed and they do bleed through thin paper.  I haven't used them on rocks, plastic or ceramics but I suspect they would be better suited for those materials.  If you do use paper you'll probably want to use a heavier weight (like for watercolors or mixed media).  Because of the wetness they take a bit longer to dry than other acrylic pens I've used.Important: You'll need to prime these after mixing before the first use - quickly press the tip straight down on some scrap material and release - you'll see the nib (tip) fill with paint.  I'd recommend using cardboard as there's a good chance of ending up with a puddle or drips.  Also I'd recommend doing a line on scrap paper before actually using to remove any excess paint from the nib.  The instructions say if one gets clogged you can remove the nib and wash it out with warm water, but I'm not going to try that as it would undoubtedly make a mess.  I have yet to use these where I didn't end up with a little paint on my hand.  As far as storage, the box isn't going to last long - if you do buy these I'd recommend keeping them in a cheap pencil case (there are plenty on Amazon).  All in all these are OK pens for casual use at the current price, but if you want professional quality definitely look elsewhere."
23550,多表面diy/定制群,B0BZS9J77R,JanFeel,US,3,特殊用途,负面-非专业级,for casual use,"I call these ""generic Chinese pens"" because the box and pens don't have a company/brand name on them, and I've seen the same set for sale on Amazon under at least 2 different company names. If you're going to buy them search Amazon and buy the least expensive - you'll know they're the same because of the box design and the lettering on the pens.  The quality is pretty average for this type of pen.The instructions on the included 'instruction manual' say to shake them at least 30 times before using and I found out why - if you don't mix them thoroughly before each use you can end up with watery thin paint, or tiny clumps of paint. The description calls them 'extra-fine' - I'd  call it medium fine but they do make good lines.  In my opinion the color selection is just OK - I'd like to have a brighter green and blue than these. I did a swatch chart so you can judge for yourself, but note the colors are not numbered or named on the pens or caps, and the cap color is only a general indication of the paint color.  I couldn't get the colors to blend well either when they were both wet, or by overlaying one color on another dry color.  The colors do show up pretty well on black paper which is a plus to me (see the doodle I uploaded). On the down side these seem to be very wet paints even when thoroughly mixed and they do bleed through thin paper.  I haven't used them on rocks, plastic or ceramics but I suspect they would be better suited for those materials.  If you do use paper you'll probably want to use a heavier weight (like for watercolors or mixed media).  Because of the wetness they take a bit longer to dry than other acrylic pens I've used.Important: You'll need to prime these after mixing before the first use - quickly press the tip straight down on some scrap material and release - you'll see the nib (tip) fill with paint.  I'd recommend using cardboard as there's a good chance of ending up with a puddle or drips.  Also I'd recommend doing a line on scrap paper before actually using to remove any excess paint from the nib.  The instructions say if one gets clogged you can remove the nib and wash it out with warm water, but I'm not going to try that as it would undoubtedly make a mess.  I have yet to use these where I didn't end up with a little paint on my hand.  As far as storage, the box isn't going to last long - if you do buy these I'd recommend keeping them in a cheap pencil case (there are plenty on Amazon).  All in all these are OK pens for casual use at the current price, but if you want professional quality definitely look elsewhere."
23550,多表面diy/定制群,B0BZS9J77R,JanFeel,US,3,性价比,负面-价格昂贵,expensive,"I call these ""generic Chinese pens"" because the box and pens don't have a company/brand name on them, and I've seen the same set for sale on Amazon under at least 2 different company names. If you're going to buy them search Amazon and buy the least expensive - you'll know they're the same because of the box design and the lettering on the pens.  The quality is pretty average for this type of pen.The instructions on the included 'instruction manual' say to shake them at least 30 times before using and I found out why - if you don't mix them thoroughly before each use you can end up with watery thin paint, or tiny clumps of paint. The description calls them 'extra-fine' - I'd  call it medium fine but they do make good lines.  In my opinion the color selection is just OK - I'd like to have a brighter green and blue than these. I did a swatch chart so you can judge for yourself, but note the colors are not numbered or named on the pens or caps, and the cap color is only a general indication of the paint color.  I couldn't get the colors to blend well either when they were both wet, or by overlaying one color on another dry color.  The colors do show up pretty well on black paper which is a plus to me (see the doodle I uploaded). On the down side these seem to be very wet paints even when thoroughly mixed and they do bleed through thin paper.  I haven't used them on rocks, plastic or ceramics but I suspect they would be better suited for those materials.  If you do use paper you'll probably want to use a heavier weight (like for watercolors or mixed media).  Because of the wetness they take a bit longer to dry than other acrylic pens I've used.Important: You'll need to prime these after mixing before the first use - quickly press the tip straight down on some scrap material and release - you'll see the nib (tip) fill with paint.  I'd recommend using cardboard as there's a good chance of ending up with a puddle or drips.  Also I'd recommend doing a line on scrap paper before actually using to remove any excess paint from the nib.  The instructions say if one gets clogged you can remove the nib and wash it out with warm water, but I'm not going to try that as it would undoubtedly make a mess.  I have yet to use these where I didn't end up with a little paint on my hand.  As far as storage, the box isn't going to last long - if you do buy these I'd recommend keeping them in a cheap pencil case (there are plenty on Amazon).  All in all these are OK pens for casual use at the current price, but if you want professional quality definitely look elsewhere."
23594,多表面diy/定制群,B0C2BKFK5Y,PAINTIGO,US,1,色彩饱和度与混合,负面-遮盖力差/透明,runny,These pens are horrible 😫 they are super runny I am very disappointed with them and they were quite expensive. I got them to paint rocks and it messed up my rock I had been working on as a gift.
23594,多表面diy/定制群,B0C2BKFK5Y,PAINTIGO,US,1,性价比,负面-价格昂贵,expensive,These pens are horrible 😫 they are super runny I am very disappointed with them and they were quite expensive. I got them to paint rocks and it messed up my rock I had been working on as a gift.
23598,多表面diy/定制群,B0C2BKFK5Y,PAINTIGO,US,5,流畅性,负面-出墨过多/漏墨,leaked,We use the paint markers for painting rocks. My only issue was that 5 of the small markers were all leaked out. No paint left in them. Could not return because my granddaughter loved them and was already using them when I found the issue.
23600,纸面手账/装饰书写群,B0C2BKFK5Y,PAINTIGO,US,2,笔头耐用性,负面-寿命不匹配,dry out | dried out,Good quality and I like that they give you cards to thank you and to visit their website but they dry out to fast and I didn't even use them that much. Normally when you don't use paint markers they dry out but not this fast. One of the colors dried out the first day that I got the markers and I texted them on messenger a year or week or so ago and said I would like a replacement I gave them my email and I never got the replacement.
23652,多表面diy/定制群,B0C61HTPV9,SFAIH,US,5,墨水特性,负面-金属效果差,not reflective,"I've been disappointed by paint pens before, so the first thing I did was shake, pump, and swatch each one. It came with a sheet for swatching, but I wanted to test it on my own paper as well. The tips are a bit abrasive, and repeated passes over more delicate surfaces may result in damage to what you're painting on, but these are perfect for sturdier subjects like wood or stone. The paint is so creamy and opaque. Even the white shows up strongly on a light background. It's hard to capture on camera, but the metallic gold and silver are so shiny! They're not reflective, but they're beautiful and bright. I can't wait to jump into art with these."
23653,填色/大面积上色群,B0C61HTPV9,SFAIH,US,5,笔头表现,负面-细节控制差,scratchy,"These paint markers work amazingly well if you use them as directed. Rounded tip that holds the paint well, and the color variety is fantastic for all types of artistic creations. Rock art was my choice, and after a quick shake, depressing the tip upwards to release air, and then a few dabs with the dip on some paper to get the ink flowing, and you could see the bright colors filling the tips. They don't have a scratchy feel while using them, which I've seen in some of the finer tip paint markers. The pen itself is comfortable to hold and the paint is good quality from what I can see and doesn't crack after application like some cheaper markers do. These are a great buy and I will look for more in the future."
23653,填色/大面积上色群,B0C61HTPV9,SFAIH,US,5,流畅性,负面-干涩/刮纸/断墨,scratchy,"These paint markers work amazingly well if you use them as directed. Rounded tip that holds the paint well, and the color variety is fantastic for all types of artistic creations. Rock art was my choice, and after a quick shake, depressing the tip upwards to release air, and then a few dabs with the dip on some paper to get the ink flowing, and you could see the bright colors filling the tips. They don't have a scratchy feel while using them, which I've seen in some of the finer tip paint markers. The pen itself is comfortable to hold and the paint is good quality from what I can see and doesn't crack after application like some cheaper markers do. These are a great buy and I will look for more in the future."
23656,儿童/课堂使用群,B0C61HTPV9,SFAIH,US,5,色彩饱和度与混合,负面-暗淡/褪色,pale,"I recently bought a set of 24 acrylic markers for my 10-year-old son, and it has opened up a whole new world of creativity for him. These markers are incredibly versatile, allowing him to customize his clothes, mugs, and various other surfaces with ease. The range of colors is impressive, offering a wide palette for his imagination to run wild.<br><br>What truly stands out is how user-friendly and safe these markers are for children. My son has been able to transform his belongings into personalized masterpieces without any difficulty. The markers glide smoothly over different textures, and the colors remain bright and vivid after drying, without fading or washing away easily.<br><br>This set has not only provided him with endless hours of fun but has also encouraged him to express himself through his creations. It's been a joy to see how proud he is of his artwork and how he's thoughtfully customized gifts for family members. These acrylic markers are a fantastic tool for any young artist looking to explore their creativity on a variety of surfaces. Highly recommended for sparking joy and imagination in your little ones!"
23677,多表面diy/定制群,B0C61HTPV9,SFAIH,US,5,性价比,负面-价格昂贵,expensive,"Ok I paint rocks and use markers for many rocks. I love the size of marker. They prime great, smooth paint, dry fast and are better than a different brand I use. They are so expensive I can't buy them much. Well these are fantastic and I love using them. I'm buying more and the white markers. Yes if you use markers these are the ones to buy."
23679,多表面diy/定制群,B0C61HTPV9,SFAIH,US,4,流畅性,负面-出墨过多/漏墨,bleed through,"Good markers for rocks, the only thing i didnt like was they take forever to bleed through the tips when shaking but they look very nice and color is good on each marker they do dry a little bit so u really gotta wet or shake alot more but for the money they are pretty much just as good as poscas"
23681,儿童/课堂使用群,B0C61HTPV9,SFAIH,US,2,笔头耐用性,负面-意外损坏,"tips of the markers falling out, popping out and breaking","I am an art teacher and ordered these so that my students could use them for a project. After careful explaining on how to use them (I had already activated each marker to avoid any complications) with in minutes I was having tips of the markers falling out, popping out and breaking :(. Although these markers are less money than the popular/expensive ones, I was very disappointed in how much trouble students and myself were having."
23681,儿童/课堂使用群,B0C61HTPV9,SFAIH,US,2,笔身与易用性,负面-材质/做工差,break,"I am an art teacher and ordered these so that my students could use them for a project. After careful explaining on how to use them (I had already activated each marker to avoid any complications) with in minutes I was having tips of the markers falling out, popping out and breaking :(. Although these markers are less money than the popular/expensive ones, I was very disappointed in how much trouble students and myself were having."
23681,儿童/课堂使用群,B0C61HTPV9,SFAIH,US,2,性价比,负面-价格昂贵,expensive,"I am an art teacher and ordered these so that my students could use them for a project. After careful explaining on how to use them (I had already activated each marker to avoid any complications) with in minutes I was having tips of the markers falling out, popping out and breaking :(. Although these markers are less money than the popular/expensive ones, I was very disappointed in how much trouble students and myself were having."
23683,多表面diy/定制群,B0C61HTPV9,SFAIH,US,5,性价比,负面-价格昂贵,expensive,"I purchased these paint pens for my wife. She uses them for her rock painting hobby.<br><br>The pens are well-made but a little smaller than other brands we have used. They prime very quickly and paint smoothly with no blobs or leaks.<br><br>The paint used by the manufacturer must have a lot of solids as it covers very well. Even the Yellow pen covers the black outlines with no difficulties. We were really surprised by the quality of the marker pens.<br><br>In terms of negatives the only thing we can comment on now is the size of the points which are 2-3mm in diameter. This is a medium sized point that is really good for filling and broad coverage. For work on 2-3"" diameter rocks, we wish these points were a little finer.<br><br>These marker pens are well made and meet the descriptions and images shown on the website. The paint pens work very well and provide very good first coat coverage. Better than some well-known more expensive brands. We're very happy to have them and would recommend them to friends and family. We feel these pens are a bargain."
23699,多表面diy/定制群,B0CCPB97XJ,Art Owl,US,5,笔头耐用性,负面-寿命不匹配,dried out,"We've been using these for a few months now.  None have dried out yet, which has been a problem with other brands.  The paint comes out quite nicely, and if you need a bit more, depress the tip, there is no flooding.  The effect is beautiful, though I would describe them as shimmery as opposed to glitter.  I think there could be a bit more variance between a few colors as the yellow and gold are near indecipherable.  A few happy extras in the box-stickers and some painting sheets.  We've used them on paper, wood and plastic so far and had good results all around.  Dries pretty quickly and depending on the surface, you can build layers of color.  Easy enough for my young child to use (with supervision of course.)  These are good quality paint pens and I will be looking for more art materials from the Art Owl company."
23704,多表面diy/定制群,B0CCPB97XJ,Art Owl,US,5,墨水特性,负面-气味难闻,strong smell,"These glitter markers are great to have for any craft project! They write smoothly, vibrant in color, and so glittery! It adds a nice touch to any project. The glitter shows up differently depending on what surface you're working with so it's pretty cool. I love that they're non toxic and don't have a strong smell to them. It brings a nice array of colors too. This would make a great gift for any artist or even kids who love art. These markers are useful and makes a great addition to our craft supplies!"
23744,填色/大面积上色群,B0CD225WW8,Shuttle Art,US,3,笔头耐用性,负面-磨损/分叉,fray,The brush end of the pens is pretty nice it’s very convenient how you don’t have to shake these pens the ink is already in the brush ready to go I have not liked about these was the fine tip and is not very fine so you’re not gonna get into very intricate details with this pen so that was pretty disappointing and I noticed a lot of my fine tip pins were just too dry and the tips started to fray which made it even more impossible to get any intricate details with the fine tip so I pretty much don’t even bother using the fine tip I just use them for the brush and  so don’t get these if you are planning on using them for highlights and adding finishing details to your coloring pages like I was planning on doing because these aren’t a very good choice for that they’ll find things way better on the market that can give you more intricate details these were pretty good price don’t work for what I needed them for so I unfortunately don’t reach for them a whole lot and wouldn’t buy them again
23763,精细绘画/插画创作群,B0CD225WW8,Shuttle Art,US,5,笔头耐用性,负面-寿命不匹配,dried out,"I have no experience with acrylic markers. Acrylic paint yes and markers of various types yes, but not this style, but I wanted to try them out since I collect various art supplies. I hoped they would behave like overly large gel pens and give me the ability to add some details over black ink or black paint, and they do that, but there is more going on. For instance I used one to write on the lid of a jar of pigment to label it, no smudging once it was dry which was excellent.Mostly I tested these on mixed media paper, some of the fine point sides were a little dried out and required wiping off before they would work. It was a learning experience, my silly illustration turned out a lot more pop art since you layer rather than shade in a gradient to get dimension (in contrast with the alcohol markers which can give you a softer edge, these want a much more harsh distinct lines) these are really not the style I usually work with, but since they are waterproof (I did an ink wash over the whole piece once dried) I could do some really fun mixed media pieces with ink and paint. There is little to no smell and they dry fairly quickly, since they can go on multiple surfaces I find myself wondering if I can add an interesting mural to the side of my boring black computer desk. I am glad I got these markers and look forward to integrating them more in my art and seeing what other weird things I can do with them."
23775,填色/大面积上色群,B0CD225WW8,Shuttle Art,US,5,流畅性,负面-出墨过多/漏墨,blotchy,"I like these Shuttle Art acrylic paint markers. I love that they are dual tipped with a brush end and a fine line tip. The colors are really pretty and the laydown is smooth and not blotchy or clumpy. The lightest colors are somewhat sheer but as the colors get darker, you get full, opaque coverage. The markers are easy to hold and I think the range of colors is fairly well balanced. I'm happy about the brush nib since I plan to use these to color backgrounds on some of my coloring book pages. My only complaint is that they come in a simple cardboard box with no trays and no real way to keep them organized by color family. Will have to get a case for them, but that certainly doesn't take away from my satisfaction with the markers themselves. This is a really nice set."
23775,填色/大面积上色群,B0CD225WW8,Shuttle Art,US,5,绘画表现,负面-涂色不均,blotchy,"I like these Shuttle Art acrylic paint markers. I love that they are dual tipped with a brush end and a fine line tip. The colors are really pretty and the laydown is smooth and not blotchy or clumpy. The lightest colors are somewhat sheer but as the colors get darker, you get full, opaque coverage. The markers are easy to hold and I think the range of colors is fairly well balanced. I'm happy about the brush nib since I plan to use these to color backgrounds on some of my coloring book pages. My only complaint is that they come in a simple cardboard box with no trays and no real way to keep them organized by color family. Will have to get a case for them, but that certainly doesn't take away from my satisfaction with the markers themselves. This is a really nice set."
23777,多表面diy/定制群,B0CD225WW8,Shuttle Art,US,4,流畅性,负面-出墨过多/漏墨,splotchy,"I love to paint with my 4 year old son but we always end up with a mess and paint everywhere. These paint markers are awesome! They are double sided, one side has a thin tip and the other side has a thicker tip for a wider coverage. They are extremely easy to use even for my son and when we are done we just put the cap back on. Zero clean up and no mess.The only thing that I don’t care for is that certain areas that are painted end up looking splotchy the way a marker does of you color in a large area with it. Other than that they are perfect. The colors look bright and vibrant too! I’ve used them on a wooden board and paper so far but I want to use it on glass next."
23968,多表面diy/定制群,B0CJFVT397,Jesew,US,5,性价比,负面-价格昂贵,expensive,"work on metal and plastic – so far so goodI tested one of these water based acrylic paint markers on some metal and plastic in my shop. I degreased the metal and cleaned the plastic and the paint stuck very well with a nice very wide thick line and dense line. I don’t know yet how long the paint will last. Sometimes I use these paint markers for temporary marking and sometimes for permanent marking. However, this is the first time I tried this less expensive type of water based paint. If the paint mark rubs right off after a couple of days I will edit this review."
23983,儿童/课堂使用群,B0CJJFW1YC,BIGTHUMB,US,5,色彩饱和度与混合,负面-遮盖力差/透明,runny,"These markers work great for large scale posters or other similar projects. I used them to decorate my son’s classroom door for their Halloween party! When we tried to use them to paint our pumpkins, however, we realized they were really really runny and took forever to dry. We actually had to give up and bring out my regular craft paints and brushes, which are thicker and didn’t drip as much.Overall, these are great markers for posters, signs, or other paper-based crafts, but I would stick to regular craft paints on non-absorbent surfaces instead."
24102,多表面diy/定制群,B0CKN74CW3,BIGTHUMB,US,5,流畅性,负面-出墨过多/漏墨,blotchy,"I ordered these in black to paint the gold metallic frame of a mirror.  The broad, precision felt tips are easier to work with than a brush and the acrylic paint seems to adhere well to the brushed metal finish.  Though the first test coat looked good, I plan on applying a second just for enhanced uniformity and durability.  I also tested on a smooth plastic bottle, and though it mostly worked you'd want to apply one or more very thin coats to avoid a blotchy, uneven finish.Porous materials like wood, cardboard, fabric, etc. should work very well though I can't attest to it being waterproof or UV resistant since I didn't test for that.  During the initial usage you have to firmly depress the felt tip downward for a few seconds for the paint to eventually flow. At first I thought it was defective but was patient and it eventually started working just fine."
24102,多表面diy/定制群,B0CKN74CW3,BIGTHUMB,US,5,绘画表现,负面-涂色不均,blotchy,"I ordered these in black to paint the gold metallic frame of a mirror.  The broad, precision felt tips are easier to work with than a brush and the acrylic paint seems to adhere well to the brushed metal finish.  Though the first test coat looked good, I plan on applying a second just for enhanced uniformity and durability.  I also tested on a smooth plastic bottle, and though it mostly worked you'd want to apply one or more very thin coats to avoid a blotchy, uneven finish.Porous materials like wood, cardboard, fabric, etc. should work very well though I can't attest to it being waterproof or UV resistant since I didn't test for that.  During the initial usage you have to firmly depress the felt tip downward for a few seconds for the paint to eventually flow. At first I thought it was defective but was patient and it eventually started working just fine."
24192,纸面手账/装饰书写群,B0CKN74CW3,BIGTHUMB,US,5,绘画表现,负面-涂色不均,streak,"I was thinking maybe these would be like a giant sharpie, but they are very suitable for arts and crafts.  The paint is jet black with good coverage.  There are no streaks of missing paint and the edges are very sharp and crisp.  The flow is just right as well, you don't have to go over it twice to fill in any gaps.  I was very impressed, and the tip is kind of like a chisel point and perfect for huge calligraphy writing.  I wanted these mostly for labeling things like boxes, but after using them I keep thinking of more uses, like perhaps touching up chips in ceramic tile or scratches in black plastic items.  The super wide tip really lets you cover big areas with little effort.  Love these, thanks a lot."
24240,儿童/课堂使用群,B0CLV7D7Z5,AnyMark,US,5,色彩饱和度与混合,负面-暗淡/褪色,faded,I originally bought these paint markers for my grandchildren to paint rocks. As I was working in my garden I saw some of my old statues were all faded and decided to try to bring them back to life. Here’s one half finished so you can see the before and after results.
24250,精细绘画/插画创作群,B0CLV7D7Z5,AnyMark,US,5,墨水特性,负面-气味难闻,strong smell,"These markers are great because not only do they have a wide assortment of colors, but they're suitable to color on all types of different mediums. They don't have a strong smell, which is great, because some markers smell so toxic. They color very smoothly and can be used on paper or canvas or whatever your heart desires. I got these specifically for fine detail work on canvasses after the paint as dried and they're proving to be extremely easy to use and useful. These are a great set!"
24257,多表面diy/定制群,B0CLV7D7Z5,AnyMark,US,4,色彩饱和度与混合,负面-暗淡/褪色,pale,"This is a nice basic acrylic paint pen set. They are dual tipped with fine and bold. They have a bit of drag on the flow meaning they feel more like a standard marker rather than an acrylic paint pen which has a smooth brush stroke feel. There is a good color palette for any artist creation and they work well on paper, fabrics, glass, metal, stone, plastics, and wood. They produce nice bold colors that do not fade. They come in a thin cardboard box which isn’t sturdy enough for storing, so a storage pouch is needed. I’m quite happy with the color quality, and color variety. Great set for all ages and artist levels."
24257,多表面diy/定制群,B0CLV7D7Z5,AnyMark,US,4,外观与包装,负面-包装廉价/易损坏,thin cardboard,"This is a nice basic acrylic paint pen set. They are dual tipped with fine and bold. They have a bit of drag on the flow meaning they feel more like a standard marker rather than an acrylic paint pen which has a smooth brush stroke feel. There is a good color palette for any artist creation and they work well on paper, fabrics, glass, metal, stone, plastics, and wood. They produce nice bold colors that do not fade. They come in a thin cardboard box which isn’t sturdy enough for storing, so a storage pouch is needed. I’m quite happy with the color quality, and color variety. Great set for all ages and artist levels."
24271,多表面diy/定制群,B0CLV7D7Z5,AnyMark,US,3,笔头耐用性,负面-寿命不匹配,dried up,"Work well with my rock painting. As with all my other paint markers made in China, the quality control is poor. Both ends of the pen are supposed to be the same color. Several are not. One was completely dried up."
24285,多表面diy/定制群,B0CMQZNGK7,posca,US,5,笔头耐用性,负面-寿命不匹配,dry out,"I have a number of different types of acrylic markers and they all do what they say they intended to do. But there’s something about Uniball/Posca products the consistently put them in a class of their own. These paint markers absolutely live up to the brand promise. The colors are vivid, they adhere to whatever surface you want to color and they have really good opacity. They have a little mixer puck built-in so that when you shake the pen you really get the paint mixed. You do have to press down to get the paint to flow but I really prefer that to having my marker tips dry out and become useless.The case is cute and convenient and the color assortment covers all the essentials. The only thing I don’t like about this is that it is not the giant set of every single color and that I don’t have all the different sized pen tips that Posca manufactures. This is a set that makes you want more and makes you want the good stuff instead of other brands’ more basic offerings. It is such an absolute delight to use that you may very well find yourself decorating every single cardboard box, plastic container and rock you can get your hands on. It’s just so fun making every day stuff pretty with these markers."
24292,填色/大面积上色群,B0CMQZSWJS,posca,US,5,流畅性,负面-干涩/刮纸/断墨,skipping,"I've never used Posca markers before, but having recently entered the adult coloring community, I have heard others sing their praises, and now I can say, rightfully so.  This ""holiday"" set of 22 markers is really 11 makers of the 3 m and 5 M variety.  Same colors - just different sizes.  The colors include:  black (a beautiful opaque black) and white (equally gorgeous for a paint marker), pink, lavender, light pink, blue, orange, sunshine yellow, light green, aqua green, and sky blue.  I'm not sure why this termed a holiday set.  It is coming out near Christmas and yet the set does not contain what you might consider a traditional Christmas red or green.  (Actually, if you get the larger 62 count set, I bet there is one in it. )  It also does not have any ""holiday"" packaging aside the very nice hard side (?) case that the markers come in which I suppose makes it giftable.  So there's that.  But the markers themselves are kind of impressive for what they are.  The paint/ink is smooth.  It comes easily off the tip with streaking or skipping.  The color is bright and yet opaque.  I just wrote some words with the colors on marker paper and was extremely surprised by the quality.However, my one ""concern"" is that the markers themselves feel rather light, which makes me wonder exactly how much paint/ink is in them and how long I can expect them to last before I need to replace them.  Posca markers not cheap.  They are at the highest end of paint makers in the field.  Please see the 62 ct set in this listing if you are unsure of what that means.  I guess I just want to know that I'm getting my money's worth at the price point.  I also think that I would have preferred to have this set with more colors at the same size for the price rather repeating the 11 colors just to have two different sizes.  But overall, this is a quality set.  NOW I GET IT."
24292,填色/大面积上色群,B0CMQZSWJS,posca,US,5,绘画表现,负面-涂色不均,streak | streaking,"I've never used Posca markers before, but having recently entered the adult coloring community, I have heard others sing their praises, and now I can say, rightfully so.  This ""holiday"" set of 22 markers is really 11 makers of the 3 m and 5 M variety.  Same colors - just different sizes.  The colors include:  black (a beautiful opaque black) and white (equally gorgeous for a paint marker), pink, lavender, light pink, blue, orange, sunshine yellow, light green, aqua green, and sky blue.  I'm not sure why this termed a holiday set.  It is coming out near Christmas and yet the set does not contain what you might consider a traditional Christmas red or green.  (Actually, if you get the larger 62 count set, I bet there is one in it. )  It also does not have any ""holiday"" packaging aside the very nice hard side (?) case that the markers come in which I suppose makes it giftable.  So there's that.  But the markers themselves are kind of impressive for what they are.  The paint/ink is smooth.  It comes easily off the tip with streaking or skipping.  The color is bright and yet opaque.  I just wrote some words with the colors on marker paper and was extremely surprised by the quality.However, my one ""concern"" is that the markers themselves feel rather light, which makes me wonder exactly how much paint/ink is in them and how long I can expect them to last before I need to replace them.  Posca markers not cheap.  They are at the highest end of paint makers in the field.  Please see the 62 ct set in this listing if you are unsure of what that means.  I guess I just want to know that I'm getting my money's worth at the price point.  I also think that I would have preferred to have this set with more colors at the same size for the price rather repeating the 11 colors just to have two different sizes.  But overall, this is a quality set.  NOW I GET IT."
24328,多表面diy/定制群,B0CMTV9TBR,BIGTHUMB,US,4,性价比,负面-价格昂贵,expensive,"I use markers for a variety of crafts, and have purchased way too many glitter, metallic and other specialty markers online and from local craft stores.<br><br>WHAT MAKES THIS A GOOD SET:<br>First, that you get so many different styles of markers in one big box that's easy to store. Anyone that has priced buying these in small sets or even individually will appreciate that.<br>The glitter pens are pretty glittery. I have a few glitter pens that are a different brand that are more glittery, but they were expensive pens that I had to buy individually from a local craft store. For the price of these, the glitter effect is pretty good.<br>The metallic markers are also pretty good. The effect is comparable to other brands I have that cost slightly more than these.<br>You get a good variety of colors in the Classic, Pastel, Neon, Morandi (which are ""muted"" colors btw, vs bright neon colors). The white, and other light-colored markers do a great job - bright and easy to see on dark paper.<br><br>THINGS TO KEEP IN MIND:<br>When you want to use one of these markers, you kinda have to ""get them flowing"" initially. They printed a little diagram on the side showing you how to pump them to get them flowing. If you're not getting a very strong, bold line, you need to pump the marker some more, to get the ink flowing better.<br>Due to the nature of how ink flows from these markers, you can get the best result using them if you're very purposeful in your marks. If you want to make quick, very fast marks, these may not be the pens for you.<br><br>- My biggest complaint is the box they come in. The way that this box is depicted in the product description pictures makes it seem like it arrives in a tiered, organized box. It's just a box. It's a nice box, but it's just a box, without any tiers or dividers. The markers themselves are numbered, and the back of the box has a chart or ""key"" that you can use, to identify what type of marker each number is.<br>Additionally, the names of the actual colors are not on the box, nor are they on the markers themselves. This might not bother you, but for colorblind folks like myself, not having the actual name of the color written on these markers can be a bit of an issue.<br><br>Overall, this is a good variety of specialty markers that I'm sure to get a lot of use out of."
24332,多表面diy/定制群,B0CMTV9TBR,BIGTHUMB,US,5,笔头耐用性,负面-寿命不匹配,dried out,"These markers work quite well (and I have a lot of acrylic markers to compare them to). They are easy to prime, ink is reasonably pigmented, and nib provides a fine line. A few of the markers were dried out so I had to toss them. The color variety is good and it contains matte plus metallic colors. I think they are a decently priced but not some great deal. I've used them on paper as well as stones and the colors go down well."
24349,儿童/课堂使用群,B0CMTV9TBR,BIGTHUMB,US,5,特殊用途,负面-非专业级,am not a professional | not a professional artist,"Let me start off by saying that I am not a professional artist. I love to color with my children and do different art projects with and for them. However, as an amateur, I have used quite a bit of pencils, pens, markers, paint markers and crayons over my many years and know which ones are so-so and which are decent, and even ones that are really nice. These are nice. They flow smoothly out of the tip onto the paper or glass or whatever medium you are using them on, do not bleed, and dry in a good amount of time. I love that this set has different types of paint, including glitter and metallic, and they give 15 extra tips. The box that they come in is a harder cardboard style, but it is nice and sturdy and holds the pens upright so that you can see their color and number. I am looking forward to finding things around the house that I can now decorate with these paint pens. I am very happy with this product."
24351,填色/大面积上色群,B0CMTV9TBR,BIGTHUMB,US,5,笔头耐用性,负面-寿命不匹配,dried out,"I’m pleased with the selection of colors in this set. I don’t think I have used every color yet, but so far, only the glitter pens have been difficult to activate. I’m not sure whether their paint thickness is different or if they have dried out.These are quite fine tipped compared to other paint pens I’ve used. It would be nice if they had dual tips, to allow for filling in larger areas, but I may just need to adjust which projects I use these for."
24374,多表面diy/定制群,B0CNXRVJW2,Grabie,US,3,笔身与易用性,负面-材质/做工差,flimsy,"The only reason why I’m rating these markers three out of five stars is because of the size. They are extremely small and have thin barrels. Personally, I feel like there is not a lot of paint in them and I can see them running out really fast if you use them consistently. I wish the packaging and came in was more sturdy and not the flimsy plastic. Reminds me a pack of markers you would get at the dollar tree. I love how it comes with the booklet of paper and two different swatch sheets. The pigment from the markers are really nice and they dry matte. I love the metallics they are so pretty. For a beginner artist or a child I feel like these are great to have to learn the basics. However, If you are an intermediate or professional artist, I would suggest the Posca paint pens over these because they have more paint in them and will not run out as fast. I’m not saying you can’t make great artwork with these. You don’t need expensive art supplies to create great work but they have a beginner feel to them. Also another downside is that if you run out of one color, you would possibly have to rebuy a pack to get the color than buying it individually. Overall they’re good but not great. I’m not head over and heels with love with them."
24374,多表面diy/定制群,B0CNXRVJW2,Grabie,US,3,性价比,负面-价格昂贵,expensive,"The only reason why I’m rating these markers three out of five stars is because of the size. They are extremely small and have thin barrels. Personally, I feel like there is not a lot of paint in them and I can see them running out really fast if you use them consistently. I wish the packaging and came in was more sturdy and not the flimsy plastic. Reminds me a pack of markers you would get at the dollar tree. I love how it comes with the booklet of paper and two different swatch sheets. The pigment from the markers are really nice and they dry matte. I love the metallics they are so pretty. For a beginner artist or a child I feel like these are great to have to learn the basics. However, If you are an intermediate or professional artist, I would suggest the Posca paint pens over these because they have more paint in them and will not run out as fast. I’m not saying you can’t make great artwork with these. You don’t need expensive art supplies to create great work but they have a beginner feel to them. Also another downside is that if you run out of one color, you would possibly have to rebuy a pack to get the color than buying it individually. Overall they’re good but not great. I’m not head over and heels with love with them."
24453,精细绘画/插画创作群,B0CNYV8724,TFIVE,US,3,墨水特性,负面-消耗快,run out of paint,These pens work well for my fine detail projects but they don't last long at all.  One relatively small project and one pen had run out of paint. Same with the other one. Feels like these pens are only half filled. Bought two more at a craft store. Paid more money but they've lasted much longer. Would not recommend.
24524,儿童/课堂使用群,B0CPMFV2ZF,Sharpie,US,5,流畅性,负面-出墨过多/漏墨,bleed through,My kids and I love these markers! So fun to write/draw with and they don't bleed through but still give a bold beautiful color.
24530,儿童/课堂使用群,B0CPMFV2ZF,Sharpie,US,4,绘画表现,负面-涂色不均,streak,So these appear to be paint markers but they advertise as 'paint effect' so I don't get it .... but I digress. My nephew really enjoyed using them. I'm glad I got to try them. They didn't appear to bleed which was cool but I don't think I prefer them over traditional acrylic paint markers. Doesn't look like the nib is removable. They didn't have to be primed ... Looks like they streak slightly.<br><br>Overall happy with my purchase though and they are great for my nephew to use. They do the job and are perfect for kids to be creative.
24559,儿童/课堂使用群,B0CPMFV2ZF,Sharpie,US,5,绘画表现,负面-涂色不均,streak,"AMAZING, AMAZING, AMAZING!  I Love these new markers.  I have already purchased a second set so that I have one at home and one at school!  They are extremely vibrant and smooth and make my classroom anchor charts look so professional.  These keep you from having the traditional streak effect when coloring in large spaces.  I haven't used a set up yet, so I am unsure how long they will last.  I will say that I am not really concerned with their longevity. I am so pleased with this product that I would purchase it monthly if needed."
24573,多表面diy/定制群,B0CPMFV2ZF,Sharpie,US,5,色彩饱和度与混合,负面-暗淡/褪色,pale,"I love the bold colors. The caps come off easily &amp; back on. The nib is a bullet point, firm but smooth.<br>I like to do rock painting &amp; these are perfect. I do paint the rocks with acrylic paint first as I don’t want to waste the Sharpie ink!<br>Then they easily draw on the rock to color an area or do smaller lines.<br>They dry fairly quick &amp; you don’t need to do a 2nd coat.<br>Only thing I would like is a different set that is a bit more fine point, to complement this set. I would also love it if they came out with more colors, maybe metallic colors, different shades of the 12 colors provided - a pale green, deep navy blue, dark orange, deep yellow, pale pink &amp; a lavender purple.<br>How about neon colors too?<br>I would buy them all!<br>Rarely do I give a 10/10, but for what I’m using it for, it’s a 10!"
24611,多表面diy/定制群,B0CPMFV2ZF,Sharpie,US,3,墨水特性,负面-易褪色/不防水,scratches off,"The markers are super fun, work smoothly and came on time. I bought them to use on rocks and drinking glasses. Haven’t tried it on rocks yet - did some  writing on glasses and found paint easily scratches off.  Definitely won’t be putting them in the dishwasher and wish it was a little more permanent. Will update after I do some rock art!"
24667,填色/大面积上色群,B0CPMFV2ZF,Sharpie,US,5,流畅性,负面-出墨过多/漏墨,bleed through,"As a fan of all things Sharpie, I was really looking forward to getting these. The packaging was good, not too taxing trying to get at the markers. I used them for regular adult coloring. I usually do mandala's and geometric shaped patterns. These markers go on so smooth. The color is intense so you have to make sure you are using them in a spot that you want to stand out. Given how smooth and easy the flow is, I was pleasantly surprised that they really don't bleed through. They hold a line very well. These would work really great for posters or signs.  I would definitely buy these in more colors if they made them."
24678,多表面diy/定制群,B0CPMFV2ZF,Sharpie,US,5,笔头耐用性,负面-寿命不匹配,dried up,"These are AMAZING!! The colors are vibrant and I can’t stop finding things to use them on! I originally bought them to paint a pumpkin for Halloween but I have now used them for several crafts, canvas artworks, notebook decorations, coffee mugs, as well as things like labeling things in my house. They write on almost anything and the color is beautiful. You can layer them, they dry quickly, they don’t smell at all, they seem to last a long time, and they are also sleek, easy to hold, and mess free. Big fan! The price is crazy for the quality too. Highly recommend! I’m about to make some Christmas ornaments with these and I know they are perfect for writing on the ornaments. They are smooth and so lovey to write/draw with. I’ve been using them every chance I get since October and they haven’t dried up/ran out yet. I’m ordering more soon just in case because these are my new go-to! These would be a great gift for a crafter in your life! Can’t go wrong."
24782,多表面diy/定制群,B0CPMFV2ZF,Sharpie,US,1,笔头耐用性,负面-寿命不匹配,dried out,To draw on rocks. To write on paper. Liked what they do when drawing. But the lids didn't click on tightly and they dried out.
24823,填色/大面积上色群,B0CPMFV2ZF,Sharpie,US,5,笔头耐用性,负面-寿命不匹配,dried out,"I'm not an artist by any means, but I love having some colorful markers around for doodling, crafts, and labeling stuff around the house. These Sharpie Acrylic Creative Markers are seriously the best I've ever used.The colors are super bright and juicy, and the bullet tip is perfect for everything from tiny details to filling in larger areas. I love that they're water-based, so there's no weird smell, and they haven't bled through any of my papers.I've used them on everything from wood to glass to fabric, and they've worked like a charm. Plus, they seem to last forever! I've been using them a ton, and they haven't dried out or anything.Honestly, I wasn't expecting much when I bought these, but they've totally surprised me. If you're looking for some awesome markers that are perfect for just about anything, definitely check these out!"
24857,多表面diy/定制群,B0CPMFV2ZF,Sharpie,US,4,购买与服务体验,负面-运输/损坏,already primed,"These markers are fantastic!  I love how they are already primed and ready to go, and they perform well on light and dark colors.  I have used them on wooden crafts, paper crafts and the colors are vibrant and fantastic.<br><br>My only two cons which knock my rating down to 4.5 stars are:<br><br>1.  I wish that they were dual tipped, like the Ohuhu Acrylic markers.  I also purchased the brush tips, but it would be much better if they were together in one pen.<br>2.  Both sets do not come with a brown color.  This seems like it should be one of the standard colors included in a set of 12 markers.<br><br>Otherwise, this is a fantastic set of markers."
24897,纸面手账/装饰书写群,B0CPMFV2ZF,Sharpie,US,3,色彩饱和度与混合,负面-太鲜艳/刺眼,too neon,"These markers are OK but of limited use for me. They are too neon bright for my taste.  They work for bold, simple lettering.  I don't like the way they work on paper, especially black paper.  They don't cover the black enough and if you try to lay down more color, they start to pick up bits of the paper.  You can't have subtle effects using them.  The color is just there. They might be good for glass, ceramic &amp; other harder surfaces, but that's not what I use markers for."
24897,纸面手账/装饰书写群,B0CPMFV2ZF,Sharpie,US,3,墨水特性,负面-荧光/霓虹效果过饱和,too neon,"These markers are OK but of limited use for me. They are too neon bright for my taste.  They work for bold, simple lettering.  I don't like the way they work on paper, especially black paper.  They don't cover the black enough and if you try to lay down more color, they start to pick up bits of the paper.  You can't have subtle effects using them.  The color is just there. They might be good for glass, ceramic &amp; other harder surfaces, but that's not what I use markers for."
24897,纸面手账/装饰书写群,B0CPMFV2ZF,Sharpie,US,3,多样性与适配性,负面-用途单一,limited use,"These markers are OK but of limited use for me. They are too neon bright for my taste.  They work for bold, simple lettering.  I don't like the way they work on paper, especially black paper.  They don't cover the black enough and if you try to lay down more color, they start to pick up bits of the paper.  You can't have subtle effects using them.  The color is just there. They might be good for glass, ceramic &amp; other harder surfaces, but that's not what I use markers for."
24899,纸面手账/装饰书写群,B0CPMFV2ZF,Sharpie,US,5,性价比,负面-价格昂贵,a little expensive | expensive,These are wonderful to use on darker materials. They show up great on black. They dry quickly but not fast enough if you need to do smudging that you wont be able to. But fast enough to keep layering colors. A little expensive but theyre sharpie so its expected. Did not experience bad bleeding but i used cardstock.
24956,儿童/课堂使用群,B0CPMFV2ZF,Sharpie,US,4,流畅性,负面-出墨过多/漏墨,bleed through,These were great for art projects with my nephew. I bought a second set for my classroom and these will be great for projects.Does not bleed through regular copy or drawing paper.
24968,儿童/课堂使用群,B0CPMFV2ZF,Sharpie,US,5,流畅性,负面-出墨过多/漏墨,bleed through,These markets have great color payoff and they do not bleed through! I specifically got these markets to help students with two-sided poster projects. Theylike to use both sides of a poster or colored sheet of paper and the entire project is ruined with markers that bleed through. These markets allow them to utilize all of the space on their project and the assortment of colors is perfect for vibrant and creative products! I was even impressed that they could be used to write words or color in images. Highly recommend!
25041,多表面diy/定制群,B0CSYQ7T7S,Shuttle Art,US,4,颜色种类,负面-色系规划不满,no true red,"I'm using these for rock painting and they work great for that.  Good coverage and easy to use.  I'm docking it a star because there is no true red included.  It says it includes red but it's more of a pinky red.  If you want to use these for Christmas, you'll be disappointed.  I have to order a separate red pen now."
25041,多表面diy/定制群,B0CSYQ7T7S,Shuttle Art,US,4,色系评价,负面-色系搭配/质量评价,no true red,"I'm using these for rock painting and they work great for that.  Good coverage and easy to use.  I'm docking it a star because there is no true red included.  It says it includes red but it's more of a pinky red.  If you want to use these for Christmas, you'll be disappointed.  I have to order a separate red pen now."
25071,纸面手账/装饰书写群,B0CTQS8MSK,ARTISTRO,US,4,笔头耐用性,负面-寿命不匹配,dry out,"I've owned pens/markers like these before, and they're a good value. Generally good coverage, at least when they're new, and easy to use.It's important to replace the cap carefully, so the seal is tight. Otherwise, they can dry out too soon, and coverage isn't 100%, as it is when they're new.These are useful pens, good for art journaling and accenting other art projects and photos."
25073,多表面diy/定制群,B0CTQS8MSK,ARTISTRO,US,4,笔身与易用性,负面-材质/做工差,break,"I use markers like this a lot for painting rocks and doodling - these pens will be great for my versatility needs! What I like: the color comes out easily without too much pressure, there is both a finer tipped marker and a brush style included. What I didn’t like: the color is okay and dries pretty quickly, but I was expecting it to be a little brighter than it came out on paper. But it’s not a deal breaker for me!"
25092,精细绘画/插画创作群,B0CTQS8MSK,ARTISTRO,US,5,色彩饱和度与混合,负面-遮盖力差/透明,streaky,"These covered both my pencil lines and some feathered edges from the black sharpie. No shaking to get the ink to drop, these have a continuous flow that makes them easy to use. Love the dual tip for brush strokes or fine details. Not too streaky, either! Very nice for the price."
25092,精细绘画/插画创作群,B0CTQS8MSK,ARTISTRO,US,5,绘画表现,负面-涂色不均,streak | streaky,"These covered both my pencil lines and some feathered edges from the black sharpie. No shaking to get the ink to drop, these have a continuous flow that makes them easy to use. Love the dual tip for brush strokes or fine details. Not too streaky, either! Very nice for the price."
25092,精细绘画/插画创作群,B0CTQS8MSK,ARTISTRO,US,5,表面/介质表现,负面-在石头上表现差,streaky,"These covered both my pencil lines and some feathered edges from the black sharpie. No shaking to get the ink to drop, these have a continuous flow that makes them easy to use. Love the dual tip for brush strokes or fine details. Not too streaky, either! Very nice for the price."
25135,多表面diy/定制群,B0CX1BD86P,TBC The Best Crafts,US,5,色彩饱和度与混合,负面-遮盖力差/透明,watery,"My husband and I use these pens to paint rocks and glass ornaments.  They are extremely easy to use.  There is a felt-tip on one end, and a brush-tip on the other.  Each serves different functions when creating designs.  The only caveat is that you cannot keep them upright in a cup. So I use an old sushi tray to store these pens.  We sometimes have ornament-painting parties on blank glass ornaments and these pens have been a great hit.  The color consistency is great, not too goopy and not watery-thin.  We will buy more of same in the future."
25137,多表面diy/定制群,B0CX1BD86P,TBC The Best Crafts,US,5,笔头耐用性,负面-磨损/分叉,overuse of brush tip will wear it out,"LIKE: vivid colors but need to “coat” over a few times. Brush tip offers thin lines. Draws on fabric (I drew on my life vest).DISLIKE: Can bleed around a little on fabric, so cannot get sharp details. Overuse of brush tip will wear it out; was using it for fine outlines but now I cannot use it unless I press harder, which results in thicker lines.FINAL: glad I made this choice for my project. Will probably need to buy more colors."
25196,多表面diy/定制群,B0CX1BD86P,TBC The Best Crafts,US,4,笔头耐用性,负面-寿命不匹配,dried out,"that said, if you’re using them on wood, i definitely suggest spraying a layer or two of mr. super-clear or a similar product on them first. the markers dried out very quickly and i had to immediately buy another set, but i’m not TOO mad about it because they’re so affordable. i imagine they dried out so fast because the wood is porous and absorbs a lot of paint. regardless, the colors are very bright and opaque, and the availability of a brush tip allows me to get into tight spaces that i otherwise could not reach with the dot tip."
25398,多表面diy/定制群,B0CX1BD86P,TBC The Best Crafts,US,5,流畅性,负面-出墨过多/漏墨,bleed through,"At about $11.00 or 46 cents per marker these double-ended acrylic markers seem to be a really good value for the money.  I don't have much experience with acrylic markers so I was happy to see that I could try them out for not a whole lot of money, in case I decided that I don't like working with acrylic paint.  I was interested in using them on canvas and they are advertised as being for painting on ""multi-surface"" - paper, canvas, glass, cermaci and stone.  I like the way the color/paint flows easily and evenly - one or two coats needed at the most.  The colors don't bleed through canvas or ""standard/regular"" paper which is really nice and actually surprised me.  As far as the colors themselves, the red is really more of a pink than a red but for the most part the colors match what you see on the box.  Most of the colors are opaque  and there are a few metallic colors.  I couldn't really see much of a difference between the two tips - brush vs dot, except when I wanted to paint dots - then it was clear that there is a difference.  But, if not painting ""dots"" there is really little difference between the two tips.  I tried painting on glass and stone; the paint glided on very easily but took awhile to completely dry - reminded me of how you have to wait for nail polish to dry completely.  Since this is a water based ink I imagine that if you got water on whatever you are painting with these markers, the paint will run and dissolve.  For someone wondering if they would like to paint with acrylic markers, I think this is a nice little starter set for not a whole lot of money."
25409,多表面diy/定制群,B0CX1BD86P,TBC The Best Crafts,US,5,色彩饱和度与混合,负面-暗淡/褪色,pale,"I’m not familiar with this brand; however, I tried it, and I like it.  I love dual brush pens, and these are good ones; however, they do have some limitations.PRO:`They give very good coverage on rocks, paper and plastic.`The paint flows quickly and evenly.`All of mine have paint, and none are dried out.`If you have an interest in lots of dot art, these offer dual options of tiny dots, up to larger dots.  The smallest is about 1mm and the largest is 3mm.  I am sure if someone wishes to make large dots that is also possible; however, repeated use most likely will cause the nub to flatten because of pressure applied to get larger dots.`They are good for rock art because they provide excellent coverage.`The pens are color coded and numbered on both ends.`The nibs make for smooth application.`The colors are vivid.`The end results are good on plastic and rocks.CON:`Most of the colors are opaque but some are semitransparent.`Because some of the colors are opaque they are not good for use in gray scale adult coloring books or anything that a transparent color is needed.`The color indicators are on the barrel, but the paint does not always match the barrel colors.  For instance, the red is actually more of an orange red, but the color on the barrel is a bright scarlet red.`The pale pink is more peach than pink."
25409,多表面diy/定制群,B0CX1BD86P,TBC The Best Crafts,US,5,笔头耐用性,负面-寿命不匹配,dried out,"I’m not familiar with this brand; however, I tried it, and I like it.  I love dual brush pens, and these are good ones; however, they do have some limitations.PRO:`They give very good coverage on rocks, paper and plastic.`The paint flows quickly and evenly.`All of mine have paint, and none are dried out.`If you have an interest in lots of dot art, these offer dual options of tiny dots, up to larger dots.  The smallest is about 1mm and the largest is 3mm.  I am sure if someone wishes to make large dots that is also possible; however, repeated use most likely will cause the nub to flatten because of pressure applied to get larger dots.`They are good for rock art because they provide excellent coverage.`The pens are color coded and numbered on both ends.`The nibs make for smooth application.`The colors are vivid.`The end results are good on plastic and rocks.CON:`Most of the colors are opaque but some are semitransparent.`Because some of the colors are opaque they are not good for use in gray scale adult coloring books or anything that a transparent color is needed.`The color indicators are on the barrel, but the paint does not always match the barrel colors.  For instance, the red is actually more of an orange red, but the color on the barrel is a bright scarlet red.`The pale pink is more peach than pink."
25448,精细绘画/插画创作群,B0CX1BD86P,TBC The Best Crafts,US,4,笔头表现,负面-笔头磨损分叉,frayed,Great color but slightly frayed tips on the fine side. Paint distribution is perfect for painting details.
25448,精细绘画/插画创作群,B0CX1BD86P,TBC The Best Crafts,US,4,笔头耐用性,负面-磨损/分叉,fray | frayed tip | slightly frayed tips on the fine side,Great color but slightly frayed tips on the fine side. Paint distribution is perfect for painting details.
25481,填色/大面积上色群,B0CX1BD86P,TBC The Best Crafts,US,5,流畅性,负面-出墨过多/漏墨,bleed through,Used for coloring an ABC coloring book I downloaded from Etsy. Guests at the baby shower each colored and signed a page. They did not bleed through and were colorfast when fully dry. Fun was had by all with this project.
25502,多表面diy/定制群,B0CX1BD86P,TBC The Best Crafts,US,2,色彩饱和度与混合,负面-遮盖力差/透明,watered down,These are okay. Fun to play with on paper. The colors are weak. Watered down. Just my opinion. Not good for painting rocks. I still am using acrylic paint for good coverage and depth of color. Sometimes highlighting with these markers.
25510,精细绘画/插画创作群,B0CX1BD86P,TBC The Best Crafts,US,5,笔头耐用性,负面-寿命不匹配,dried out,"This was such a great buy for my project!!!  My Lending Library turned out great because I was able to make detailed art all around.  Love that the paint pens never dried out, very easy to use, and very accurate!  I'm not sure how many more projects I can use these pens for, but I'm excited to find out!!"
25523,精细绘画/插画创作群,B0CX1BD86P,TBC The Best Crafts,US,5,笔头耐用性,负面-磨损/分叉,the end of the “brush” tips are all “fuzzy”,"Generally I do traditional painting but I have found that there are just some instances where paint makers make the job easier.-They came in well packaged and in perfect shape.-These are very simple to use. Unlike traditional paint you don’t have to stop and get more paint on your brush.-The paint is of a very nice quality, not  thin or chunky. Flows on very smoothly.- It dries pretty quickly, so if you are layering colors you only have to wait a few minutes for the first color to dry so you don’t mix them.-They are great for personalizing things where a printed label is not practical.-As opposed to some other brands I have tried now these particular ones are not great for fine details as the end of the “brush” tips are all “fuzzy”. You are not getting fine details (as shown in one of the stock photos) with these.-So far they have not chipped or faked off of what we have tried them on. Good staying power-Note that these are matte colors once they dry. So not shiny.Overall I am pretty happy with the way these are working and the color selection is pretty good."
25523,精细绘画/插画创作群,B0CX1BD86P,TBC The Best Crafts,US,5,墨水特性,负面-金属效果差,not shiny,"Generally I do traditional painting but I have found that there are just some instances where paint makers make the job easier.-They came in well packaged and in perfect shape.-These are very simple to use. Unlike traditional paint you don’t have to stop and get more paint on your brush.-The paint is of a very nice quality, not  thin or chunky. Flows on very smoothly.- It dries pretty quickly, so if you are layering colors you only have to wait a few minutes for the first color to dry so you don’t mix them.-They are great for personalizing things where a printed label is not practical.-As opposed to some other brands I have tried now these particular ones are not great for fine details as the end of the “brush” tips are all “fuzzy”. You are not getting fine details (as shown in one of the stock photos) with these.-So far they have not chipped or faked off of what we have tried them on. Good staying power-Note that these are matte colors once they dry. So not shiny.Overall I am pretty happy with the way these are working and the color selection is pretty good."
25543,儿童/课堂使用群,B0CX1BD86P,TBC The Best Crafts,US,3,笔头耐用性,负面-寿命不匹配,dried up,"I bought these for my daughter. We bought 2 packs of them and each pack was different. The colors weren't the same in both packs which is ok, but some of them had dried up. Other than that they were good."
25550,填色/大面积上色群,B0CX1BD86P,TBC The Best Crafts,US,5,流畅性,负面-出墨过多/漏墨,bleed through,I’m into adult coloring books & I absolutely do not regret buying these acrylic markers. This is my first time buying acrylic markers & they did not disappoint. They do not leave streaks or bleed through the paper. The colors are vibrant & bold. Would highly recommend!!!
25550,填色/大面积上色群,B0CX1BD86P,TBC The Best Crafts,US,5,绘画表现,负面-涂色不均,streak,I’m into adult coloring books & I absolutely do not regret buying these acrylic markers. This is my first time buying acrylic markers & they did not disappoint. They do not leave streaks or bleed through the paper. The colors are vibrant & bold. Would highly recommend!!!
25587,儿童/课堂使用群,B0CXJBHDV1,ARTISTRO,US,3,色彩饱和度与混合,负面-遮盖力差/透明,watery,I didn't get all of the colors that were shown that go with the 24 pens set. They don't even match the back of the color chart. Most of the colors that I think they are supposed to be representing are really off. They also seem a lot more watery than other paint pens I've tried.I think these are likely fine for kids as the price is right as well. I don't think they are as nice if you're trying to do longer lasting artwork. The current price is $11.99 for 24 markers.
25599,儿童/课堂使用群,B0CXJBHDV1,ARTISTRO,US,5,笔身与易用性,负面-材质/做工差,break,"Every now and then I need a small amount of a random color of paint. I buy a small tub of what I need, buy a tiny paintbrush and after a year the paint dries out and I lose the paintbrush. Hopefully this set will break this cycle.I tried both tips with a handful of colors and they all worked well with even spread.This review is for ARTISTRO 24 Colors Acrylic Paint Pens, Acrylic Paint Markers Dual Tip, Dot Tip + Brush Tip Markers, Acrylic Markers for Fabric, Canvas, Rock, Glass, Wood, Paper, DIY, Paint Markers for Kids & Adults"
25611,多表面diy/定制群,B0CXJBHDV1,ARTISTRO,US,5,笔头耐用性,负面-磨损/分叉,fray | fraying,"These are excellent paint markers at a very reasonable price.  My DIL does a lot of art projects, some on her own and some with the four grandkids.  When they come to Gran’s house they are very happy to see the art supplies at my house also.  These markers work on just about any surface material, so it doesn’t matter if we pull out Kraft paper rolls or canvas boards….or jars, rocks, wooden blocks…the creative options are pretty unlimited.The kids need to learn to use a more gentle touch with some of the tips to keep them from fraying but that will come with time.  It also makes the fact that these are such a reasonable price a real bonus.Definitely recommend!"
25635,多表面diy/定制群,B0CXJBHDV1,ARTISTRO,US,4,笔头耐用性,负面-寿命不匹配,dry out,"I was a bit skeptical about how these would work when drawing on rocks, but they work great. The colors are vibrant and don’t seem to dry out very easily."
25647,儿童/课堂使用群,B0CXJBHDV1,ARTISTRO,US,5,性价比,负面-价格昂贵,expensive,"ARTISTRO 24 Colors Acrylic Paint Pens, Acrylic Paint Markers Dual Tip, Dot Tip + Brush Tip Markers, Acrylic<br><br>Artistro has, in general, very good products for a good price.<br>These flow nicely, dry quickly,  and are vibrant.  The tips are good quality.<br>Great for poster work, rock art, or mixed media.<br>Inexpensive enough that they are good pick for kids who aren't always the most gentle with paint markers."
25691,多表面diy/定制群,B0CXM7VLXV,Droaful,US,1,性价比,负面-价格昂贵,not worth it,I bought these things to do my daughter a 3D wood puzzle of The Nightmare Before Christmas Jack Skeleton these marker paint brushes does not last at all I did about two parts on it that I needed for black and I needed a little bit more for black and the black ran out and so did the white they're not very good at all for painting on wood maybe rocks or something smooth but not wood they said to put it in water and let it dry and then shake it it will be good to go well I did that and it was all right it started to work and then it stopped in about 10 or 15 minutes it dried back up again I do not recommend anything like this product this product or any product similar to this cuz those paints do not work very well I was very disappointed the value for the money was not worth it the paint does dry quickly when you put it on but it also dries quickly in about 10 or 15 minutes after you used to
25752,儿童/课堂使用群,B0CXM7VLXV,Droaful,US,5,色彩饱和度与混合,负面-暗淡/褪色,dull,"Used this product to paint wooden Christmas ornaments. This worked well for our family, kids and adults alike. The colors were not dull and the option for “paint brush” or writing was perfect for us to draw and paint on the ornaments."
25829,多表面diy/定制群,B0CXM7VLXV,Droaful,US,5,墨水特性,负面-消耗快,run out of paint,These pens are excellent and were perfect for rock painting with my kiddo!!! Will definitely purchase again when these run out of paint
25890,多表面diy/定制群,B0CXM7VLXV,Droaful,US,5,笔身与易用性,负面-材质/做工差,break,"Take care of these acrylic markers and they will be around for a while. They have a good amount of ink/paint in them too.I'm happy with the array of colors. The metallic gold and silver are nice to have on hand for the Holidays crafting needs. (For example, glass ornament decorating, placeholders, etc.)Both tips are nice to use consistent and smooth. The size of the pen itself is user friendly and not too small around.Non toxic so cool for kids (with a little direction) to create permanent art on all different things from canvas to rocks.Nice versatile art acrylic paint pens that don't break the bank."
25949,儿童/课堂使用群,B0CYCHWDSF,SRUOLOC,US,5,色彩饱和度与混合,负面-遮盖力差/透明,runny,"I needed just one and purchased the bundle of three. Color ( White )These arrived fast and just in time for my Daughters Sweet Sixteen Birthday Outdoor yard decor of stages and ages from Newborn until 15 her photos outdoor life size waterproof images labeled with these weather proof paint pens the quality is exceptional and you are able to adjust the thickness of sizes as for these being runny or messy I can only add your not following instructions nor using care or for the lack of better judgement achieving the sole purposeIt’s late and I have no photos to disclose we have a lot of them.But my husband and Children have them on their phones , Instagrams , Snapchats  and tic tok accounts.Highly recommend by this ConsumerI have a lot more I am able too use these on other items in general."
25960,多表面diy/定制群,B0CYCHWDSF,SRUOLOC,US,3,墨水特性,负面-易褪色/不防水,rubs off,"Description said product can be used on plastic.  Used the pen to paint street numbers on my disposal bins, they are plastic, it took three coats, waiting for previous coats to dry, before I didn't have the ink stuff off and didn't see the plastic.  I am hoping that I don't have to go through the motions every month because the ink just rubs off.  I am afraid to touch the dried numbers."
25998,儿童/课堂使用群,B0CYSZ52T4,SRUOLOC,US,5,笔头表现,负面-细节控制差,skips,"I've been wanting to try these wide paint pens and these do not disappoint .  It's easy to get the ink flow going, and the line is immediately thick and solid with no skips or gaps. The range of colors is great, even including silver and gold metallic.  I have just been trying them out on cardboard,  the flow is smooth, the colors are opaque,.  The flat, broad tip gives a nice wide line, but can also be turned for a thinner line, or use a corner for even more detail.  The lines are crisp and the drying time is very quick,  within 30 seconds, I would guess.<br>These are great for signs, murals and other art. Big fun for kids, too!"
25998,儿童/课堂使用群,B0CYSZ52T4,SRUOLOC,US,5,流畅性,负面-干涩/刮纸/断墨,skips,"I've been wanting to try these wide paint pens and these do not disappoint .  It's easy to get the ink flow going, and the line is immediately thick and solid with no skips or gaps. The range of colors is great, even including silver and gold metallic.  I have just been trying them out on cardboard,  the flow is smooth, the colors are opaque,.  The flat, broad tip gives a nice wide line, but can also be turned for a thinner line, or use a corner for even more detail.  The lines are crisp and the drying time is very quick,  within 30 seconds, I would guess.<br>These are great for signs, murals and other art. Big fun for kids, too!"
26001,多表面diy/定制群,B0CYSZ52T4,SRUOLOC,US,1,性价比,负面-价格昂贵,expensive,"I had high hopes for these jumbo acrylic paint markers. I followed the instructions on the box and shook each marker. When I took the cap off, the nib fell out, and the nibs were reluctant to stay in place on the marker when replaced.  I applied the required pressure to get the paint to flow from the marker through the nib.  Once it started to flow, there was no stopping it.  I had to put the cap back on and store the marker vertically in its box.  This was incredibly frustrating.  I placed the packaging in a plastic bag to ensure I didn’t get paint all over my house.  Usually, I have a problem with getting a consistent flow from acrylic paint markers.  In this case, there was too much paint coming from the marker.  I could not control it at all when drawing any design.  Perhaps I should have taken these markers at their word and acknowledged that they were only for large street murals.  The manufacturer claims these markers work for smaller items like rocks and wood.  I don’t see how this is possible.  These markers were expensive, and the buyer should be cautious about the intended purpose of these markers.  I can’t use them at all."
26024,儿童/课堂使用群,B0CYSZ52T4,SRUOLOC,US,4,性价比,负面-价格昂贵,expensive,"I want to start this review off with saying that I appreciate the fact that the instructions are on the back of the box for those who aren't sure how to prep this type of marker. They are made in China, are acid free, &amp; water based. There are 12 different colors with silver &amp; gold included. I had no issues with prep or coloring. These markers perform just as good as popular brands especially with the coverage of the versatile rectangle nib. It can create lines ranging 3mm-15mm...fine, med, &amp; jumbo. It's for covering larger areas mostly but the way the nib was designed it comes to a flat point so that you can use it at a tilt to get a slightly smaller line. I've provided such examples in my swatch photo. They dry pretty quickly, quick enough that my hand didn't smear any of the colors/swatch. I also tested the waterproof statement on the blue color on white paper &amp; the color didn't move at all! So that's a true statement. I swatched these on a popular cheaper kids marker/watercolor paper &amp; there was very little bleeding. I think black was the only color that bled through but it was only where there was more than 1 swipe of the marker. I've used these on white boards, rocks, fabric, shells, glass, plastic, &amp; metal. I can't complain about these at all. I'm pleased with them &amp; the fact that my kiddos can use them. I recommend the SRUOLOC markers for students, crafters, hobbies, or in place of your more expensive markers that you want to save for serious works...but these aren't far from the more expensive brands other than the fact that it's only 1 nib which is why I suggest such. I really like them and they're great for learning if nothing else."
26030,儿童/课堂使用群,B0CYSZ52T4,SRUOLOC,US,5,性价比,负面-价格昂贵,pricey,"These water based acrylic pens are perfect for budding artists to brightly decorate just about anything.  The kids recently spent an entire afternoon painting rocks to spread throughout our gardens. The paint cleans up easily with water, but once dry, the colors remain vivid and are water resistant. It is important to follow instructions (Shake/Vent/Press) to avoid excessive flow and nib issues.  they are a little pricey, but given there are 12 distinct colors it is probably worth it.  At the end of the day, all pens were still usable with paint to spare. be sure to recap tightly when not in use."
26033,多表面diy/定制群,B0CYSZ52T4,SRUOLOC,US,1,色彩饱和度与混合,负面-暗淡/褪色,dull,"I was really excited to try the SRUOLOC 12 Colors Jumbo Markers for my rock painting and other crafts, but I was let down. The markers are advertised as having vibrant colors, but most of them are dull and streaky. The felt tips are too soft and tend to fray quickly, making it hard to get a clean, smooth line. The paint inside is also inconsistent—it’s either too thick or too watery, and it doesn’t cover well on surfaces like stone or wood. I ended up with smudges and uneven coverage, which ruined my projects. These markers are not worth the price. If you want reliable, high-quality paint markers, look elsewhere."
26033,多表面diy/定制群,B0CYSZ52T4,SRUOLOC,US,1,色彩饱和度与混合,负面-遮盖力差/透明,watery | streaky,"I was really excited to try the SRUOLOC 12 Colors Jumbo Markers for my rock painting and other crafts, but I was let down. The markers are advertised as having vibrant colors, but most of them are dull and streaky. The felt tips are too soft and tend to fray quickly, making it hard to get a clean, smooth line. The paint inside is also inconsistent—it’s either too thick or too watery, and it doesn’t cover well on surfaces like stone or wood. I ended up with smudges and uneven coverage, which ruined my projects. These markers are not worth the price. If you want reliable, high-quality paint markers, look elsewhere."
26033,多表面diy/定制群,B0CYSZ52T4,SRUOLOC,US,1,笔头表现,负面-细节控制差,too thick,"I was really excited to try the SRUOLOC 12 Colors Jumbo Markers for my rock painting and other crafts, but I was let down. The markers are advertised as having vibrant colors, but most of them are dull and streaky. The felt tips are too soft and tend to fray quickly, making it hard to get a clean, smooth line. The paint inside is also inconsistent—it’s either too thick or too watery, and it doesn’t cover well on surfaces like stone or wood. I ended up with smudges and uneven coverage, which ruined my projects. These markers are not worth the price. If you want reliable, high-quality paint markers, look elsewhere."
26033,多表面diy/定制群,B0CYSZ52T4,SRUOLOC,US,1,笔头表现,负面-硬度/不可替换,too soft,"I was really excited to try the SRUOLOC 12 Colors Jumbo Markers for my rock painting and other crafts, but I was let down. The markers are advertised as having vibrant colors, but most of them are dull and streaky. The felt tips are too soft and tend to fray quickly, making it hard to get a clean, smooth line. The paint inside is also inconsistent—it’s either too thick or too watery, and it doesn’t cover well on surfaces like stone or wood. I ended up with smudges and uneven coverage, which ruined my projects. These markers are not worth the price. If you want reliable, high-quality paint markers, look elsewhere."
26033,多表面diy/定制群,B0CYSZ52T4,SRUOLOC,US,1,笔头耐用性,负面-磨损/分叉,felt tips are too soft and tend to fray quickly | fray,"I was really excited to try the SRUOLOC 12 Colors Jumbo Markers for my rock painting and other crafts, but I was let down. The markers are advertised as having vibrant colors, but most of them are dull and streaky. The felt tips are too soft and tend to fray quickly, making it hard to get a clean, smooth line. The paint inside is also inconsistent—it’s either too thick or too watery, and it doesn’t cover well on surfaces like stone or wood. I ended up with smudges and uneven coverage, which ruined my projects. These markers are not worth the price. If you want reliable, high-quality paint markers, look elsewhere."
26033,多表面diy/定制群,B0CYSZ52T4,SRUOLOC,US,1,笔头耐用性,负面-形变/软化,too soft,"I was really excited to try the SRUOLOC 12 Colors Jumbo Markers for my rock painting and other crafts, but I was let down. The markers are advertised as having vibrant colors, but most of them are dull and streaky. The felt tips are too soft and tend to fray quickly, making it hard to get a clean, smooth line. The paint inside is also inconsistent—it’s either too thick or too watery, and it doesn’t cover well on surfaces like stone or wood. I ended up with smudges and uneven coverage, which ruined my projects. These markers are not worth the price. If you want reliable, high-quality paint markers, look elsewhere."
26033,多表面diy/定制群,B0CYSZ52T4,SRUOLOC,US,1,笔身与易用性,负面-握持不适,too thick,"I was really excited to try the SRUOLOC 12 Colors Jumbo Markers for my rock painting and other crafts, but I was let down. The markers are advertised as having vibrant colors, but most of them are dull and streaky. The felt tips are too soft and tend to fray quickly, making it hard to get a clean, smooth line. The paint inside is also inconsistent—it’s either too thick or too watery, and it doesn’t cover well on surfaces like stone or wood. I ended up with smudges and uneven coverage, which ruined my projects. These markers are not worth the price. If you want reliable, high-quality paint markers, look elsewhere."
26033,多表面diy/定制群,B0CYSZ52T4,SRUOLOC,US,1,绘画表现,负面-涂色不均,streak | streaky,"I was really excited to try the SRUOLOC 12 Colors Jumbo Markers for my rock painting and other crafts, but I was let down. The markers are advertised as having vibrant colors, but most of them are dull and streaky. The felt tips are too soft and tend to fray quickly, making it hard to get a clean, smooth line. The paint inside is also inconsistent—it’s either too thick or too watery, and it doesn’t cover well on surfaces like stone or wood. I ended up with smudges and uneven coverage, which ruined my projects. These markers are not worth the price. If you want reliable, high-quality paint markers, look elsewhere."
26033,多表面diy/定制群,B0CYSZ52T4,SRUOLOC,US,1,表面/介质表现,负面-在石头上表现差,streaky,"I was really excited to try the SRUOLOC 12 Colors Jumbo Markers for my rock painting and other crafts, but I was let down. The markers are advertised as having vibrant colors, but most of them are dull and streaky. The felt tips are too soft and tend to fray quickly, making it hard to get a clean, smooth line. The paint inside is also inconsistent—it’s either too thick or too watery, and it doesn’t cover well on surfaces like stone or wood. I ended up with smudges and uneven coverage, which ruined my projects. These markers are not worth the price. If you want reliable, high-quality paint markers, look elsewhere."
26033,多表面diy/定制群,B0CYSZ52T4,SRUOLOC,US,1,性价比,负面-价格昂贵,not worth the price,"I was really excited to try the SRUOLOC 12 Colors Jumbo Markers for my rock painting and other crafts, but I was let down. The markers are advertised as having vibrant colors, but most of them are dull and streaky. The felt tips are too soft and tend to fray quickly, making it hard to get a clean, smooth line. The paint inside is also inconsistent—it’s either too thick or too watery, and it doesn’t cover well on surfaces like stone or wood. I ended up with smudges and uneven coverage, which ruined my projects. These markers are not worth the price. If you want reliable, high-quality paint markers, look elsewhere."
26061,多表面diy/定制群,B0CZ71S27Y,TANMIT,US,5,性价比,负面-价格昂贵,expensive,I saw a really cool craft I wanted to try but they recommended buying two metallic acrylic marker pens. Tbey were quite a bit more expensive than one pack of this variety. I prefer having more options for creative freedom. I decided to take a chance on this multi color pack. I was really happy with the ink flow. I also loved both tip options and utilized both for different areas. I like the way it grips in my hand. I had so many choices I was able to create and explore while making my plant drainage plates. I also liked how well these pens touched up on the glass when I went back to check my work. I was very pleased with these. I am looking forward to painting with them again soon. It was very therapeutic.
26136,多表面diy/定制群,B0CZ71S27Y,TANMIT,US,5,色彩饱和度与混合,负面-暗淡/褪色,faded,"I have used these to paint rocks.  I use them to make the first coat down.  Then adding and the colors cover perfectly.  They do not bleed, so far I have given them a clear coat and and they are outside and not faded.  If I didn't like the design I can paint over and start again.  They are bright, metallic and great coverage. then I use fine point Acrylic pen's to do detail."
26158,精细绘画/插画创作群,B0CZRTD7SR,miikoul,US,5,色彩饱和度与混合,负面-遮盖力差/透明,streaky | runny,"blew me away. for the price i was hoping to like one or two of them. i like pretty much like all of them except the green which just isn’t a shade i would use much. i like using wide acrylics to block entire pages in my sketchbook so i burn through them pretty fast and ive gotten pretty picky about them. and my headline is no lie, i really do prefer these to the poscas which are streaky, rip pages, and runny as all get out. these were almost all thick and even. i think only one was a little runny which is wild.

each posca super wide costs nearly as much as this whole set.

one slight nit pick is that while the nib is the same size as the extra wide poscas the markers are noticeably smaller than the biggest posca. (see picture) but that 15mm nib is thinner as a consequence which makes it much easier to use on details than  the posca."
26158,精细绘画/插画创作群,B0CZRTD7SR,miikoul,US,5,绘画表现,负面-涂色不均,streak | streaky,"blew me away. for the price i was hoping to like one or two of them. i like pretty much like all of them except the green which just isn’t a shade i would use much. i like using wide acrylics to block entire pages in my sketchbook so i burn through them pretty fast and ive gotten pretty picky about them. and my headline is no lie, i really do prefer these to the poscas which are streaky, rip pages, and runny as all get out. these were almost all thick and even. i think only one was a little runny which is wild.

each posca super wide costs nearly as much as this whole set.

one slight nit pick is that while the nib is the same size as the extra wide poscas the markers are noticeably smaller than the biggest posca. (see picture) but that 15mm nib is thinner as a consequence which makes it much easier to use on details than  the posca."
26158,精细绘画/插画创作群,B0CZRTD7SR,miikoul,US,5,表面/介质表现,负面-在石头上表现差,streaky,"blew me away. for the price i was hoping to like one or two of them. i like pretty much like all of them except the green which just isn’t a shade i would use much. i like using wide acrylics to block entire pages in my sketchbook so i burn through them pretty fast and ive gotten pretty picky about them. and my headline is no lie, i really do prefer these to the poscas which are streaky, rip pages, and runny as all get out. these were almost all thick and even. i think only one was a little runny which is wild.

each posca super wide costs nearly as much as this whole set.

one slight nit pick is that while the nib is the same size as the extra wide poscas the markers are noticeably smaller than the biggest posca. (see picture) but that 15mm nib is thinner as a consequence which makes it much easier to use on details than  the posca."
26175,儿童/课堂使用群,B0CZRTD7SR,miikoul,US,5,性价比,负面-价格昂贵,expensive,"I loved the vibrant colors, smooth strokes for doodling, painting, or just creating for teacher anchor charts or just plain FUN! They’re inexpensive and great quality! It’s a package of 12 different colors for about $20! It doesn’t get better than this!"
26259,填色/大面积上色群,B0D2H4FX9N,Coogert,US,1,墨水特性,负面-易褪色/不防水,not permanent,I bought these to paint on wood picture frames I thought it would be easier to do the detail work with the pens.  I used acrylic bottled paint and these for the designs. I painted the frame with white bottled ancrylic and then the design.  After they dried for a couple days I put a coat of polyurethane over them to help preserve them for keepsakes.  The bottled paint was fine but everywhere I used the pens it smeared right away as soon as I brushed it on! I took a paper towel and wiped it right off!!!! Seriously.  Everything I painted just wiped right off!! Only the pen part! Wiped clean and thank goodness didn’t ruin any of the other painting.  I had to repaint all the details with real acrylic and a tiny paint brush.  Using these was a waste or time and money!  Good for coloring books or something like that only!! Paint flows well. Easy to use. Silver and gold are shiny. Colors are alittle muted.  BUT NOT PERMANENT!! So keep that in mind.
26260,多表面diy/定制群,B0D2H4FX9N,Coogert,US,4,笔头耐用性,负面-寿命不匹配,dry out,"These are decent markers for the price. If these are craft markers or not for any Ty int too serious, I’d get them. We used them on rocks and paper and they work great. The colors are not as vibrant as Posca or the sharpie brands, but they are still pretty. They were marked down so we thought we would try them. We haven’t used them enough to say if they dry out quickly. We did use them on a poster project and you could see the colors are not nearly as vibrant as the row other brands, but again, if this isn’t for serious art you’d be happy with them. They are smooth and work like intended."
26308,儿童/课堂使用群,B0D2H7QSX2,Coogert,US,5,笔身与易用性,负面-材质/做工差,break,"For my daughter's spring break I decide to have craft day. We bought canvas sneakers and acrylic markers (I have never used them). I didn't expect the quality to be so good after making ours, friends and family requested custom sneakers. The colors lasted for 4 pairs of sneakers over the course of a month. I will definitely purchase these again. I had so much fun. My only suggestion is that there should be 2 white and 2 black markers in each pack."
26327,精细绘画/插画创作群,B0D2H7QSX2,Coogert,US,4,笔头耐用性,负面-意外损坏,ruined tip for the fine side,"These paint pens are perfect for fine details as well as large areas to paint! They truly allowed creativity to flow! However, one pen, 643 white, was completely busted for the brush side and 621 yellow had a ruined tip for the fine side. Overall, fantastic paint pens!"
26339,儿童/课堂使用群,B0D2H7QSX2,Coogert,US,4,色彩饱和度与混合,负面-暗淡/褪色,pale,"For the price, these are excellent paint pens. They function about how you'd expect - they're lightweight so easy to hold, they have quite vibrant colors, and they will work on many surface types. I'm using them on a light, unstained wood, and I have to use at least two coats of whatever color I'm using. That being said, the end product is going to look really nice.<br><br>The case they come in is not the best, so I would recommend planning for an alternate storage solution. I purchased a separate pen/pencil case for them that will hold them horizontally as is recommended from the product for how to store them.<br><br>The fine side writes really fine and nice. The thicker side is all good. If you go in swirls, you can't really see the strokes. That said, I go side to side because I like the look of strokes because it really screams hand painted. You will need to leave whatever project it is to sit and dry. It's still paint, and as such needs to dry. If you grab it right after, you will get paint on yourself. Thus, if you're getting these for children, I would recommend close supervision. Otherwise, I can see people of most ages really enjoying these for art projects, and especially those who may find it difficult to hold certain brushes or those who don't have storage space for lots of brush types, palettes, etc. Paint pens are a nice alternative.<br><br>You can paint over your mistakes after they've dried. I have tested that because I don't have the steadiest hand, so I make mistakes often. However, I have not tried to correct a lighter color over a darker color. Only dark over light, so be mindful that it's paint. It will bleed or blend together. Would not recommend for single-use/one-day projects. Most projects with these will need multiple days. I could see this being fun for really unique beading designs if you're making household decor, crafts, jewelry, etc."
26410,纸面手账/装饰书写群,B0D2H7QSX2,Coogert,US,5,流畅性,负面-出墨过多/漏墨,bleed through,I was so amazed that these markers didn’t bleed through my bullet journal pages.  Works great!
26412,精细绘画/插画创作群,B0D2H7QSX2,Coogert,US,4,色彩饱和度与混合,负面-暗淡/褪色,dull,These are a great budget option. I was happy with the swatches on paper but when layering and trying to add details they werent vibrant and were sheer. I wish they were more opaque. In my pictures i used it to highlight the pink and white in the tree and the clouds and theyre just kinda dull because i layered them on other marker colors. I wish there was a more olive grass green. And unfortunately one of the green fine tips didnt work. Overall if youres trying to save money I would recommend
26418,纸面手账/装饰书写群,B0D2H7QSX2,Coogert,US,5,笔头耐用性,负面-寿命不匹配,dry out,"These markers were great for a scrapbook project I was working on. They are very easy to use and I had no problem with leaking which I have had with other brands. I used them on photo paper &amp; regular paper and they showed up great on both. I loved the two different tip lengths/styles to create different fonts. I found them to dry quickly on both paper and photo paper. I have found them to hold up well, and have not had any dry out so far!"
26425,儿童/课堂使用群,B0D2H7QSX2,Coogert,US,1,笔头耐用性,负面-寿命不匹配,dried out,Got this and grandchildren went to use them and tips were dried out and they did not work.
26441,精细绘画/插画创作群,B0D2H7QSX2,Coogert,US,4,性价比,负面-价格昂贵,expensive,"I was skeptical of how well these would actually work, considering how inexpensive they were. I have been pleasantly surprised. They are pretty opaque, and I love the double sided tips. The brush end allows for finer details. They work just as well as my $30 set, and I actually like them better because of the double tips. I just wish there were more colorsppl"
26449,精细绘画/插画创作群,B0D2H7QSX2,Coogert,US,5,笔身与易用性,负面-材质/做工差,flimsy,"I read a lot of reviews and am very apprehensive to try new products sometimes. But these did not disappoint. I love the dual tip and the variety of colors. The nibs hold up well and the paint flows appropriately- not too much, not too dry. The colors are beautiful and they have helped me with details on various art projects. You will just need to purchase something to keep them in. The box is flimsy and long so the markers fall down flat inside instead of standing up. I actually cut the box in half and then taped it together. I made it into a double layered box, basically like an old crayola crayon box. That has worked well to fit better in my bag to take along with me. I will definitely buy these again when I use up the paint in these."
26510,多表面diy/定制群,B0D2H7QSX2,Coogert,US,5,色彩饱和度与混合,负面-遮盖力差/透明,watered down,"Wow, I can't believe how unique these markers are! Unlike other markers with a ""brush"" tip with very light colors, these markers have fantastic, rich colors and aren't watered down. This set of 30 acrylic markers has dual tips: a brush tip on one end and a fine tip on the other. They work so well, with vibrant colors and smooth paint flow, and they're super easy to use. I bought these markers with stencils on cloth and paper for fun craft projects with my grandchildren (we even tried them on a plastic bottle!), and they are perfect for making small items and trying out different color combinations. Even though the caps don't exactly match the paint in the markers, they're close enough. It would have been better if the name was printed on the marker, as some of the caps look very similar, but the paint colors are quite different. I plan to keep the markers in a drawer instead of the box they came in. The paint flows easily from the fine brush tips, dries quickly, doesn't smear, and washes off the skin easily with soap and water. There are many color options, and these markers are suitable for all ages!"
26517,精细绘画/插画创作群,B0D2H7QSX2,Coogert,US,5,笔身与易用性,负面-握持不适,too heavy,"I ordered these acrylic markers to add to my acrylic paint collection of supplies. I normally paint with brushes using somewhat heavy acrylics which sometimes makes it cumbersome to get the supplies out. However these acrylic markers have been a nice addition to my painting supplies since I don't have to worry about having all the supplies out and the paint dries super quickly. As far as my projects, I am using these acrylic markers to add extra details to some 3d printed miniatures that I am working on. The paint itself is not too heavy and runs smoothly from the pen tips so it can be super accurate for those fine details. I would love to see a bigger set of this brand to get an even bigger array of colors :)"
26595,纸面手账/装饰书写群,B0D2H7QSX2,Coogert,US,4,色彩饱和度与混合,负面-遮盖力差/透明,streaky,"Brush and buttlet tip.These markers don't need priming. They layer well. They are a bit streaky but as I mentioned you can layer them. You will have to apply 2  to 3 coats to get a solid color of some markers. The numbers with the little white arrows on the black paper are of colors that are not very opaque or you can't tell what color it is. On the bottom right of the black paper I placed a 3 color Swatch on plastic. Not bad but if you are doing art in non porous surface you MUST use a sealant or it will scratchoff. And if you are looking for acrylic markers that don't break the bank, these are it. If you like journaling you can use these they don't bleed thru on Exceed journals, iroful paper or tomoe river sakae paper you will have ghosting on onion skin paper but NO bleed thru🤔"
26595,纸面手账/装饰书写群,B0D2H7QSX2,Coogert,US,4,笔身与易用性,负面-材质/做工差,break,"Brush and buttlet tip.These markers don't need priming. They layer well. They are a bit streaky but as I mentioned you can layer them. You will have to apply 2  to 3 coats to get a solid color of some markers. The numbers with the little white arrows on the black paper are of colors that are not very opaque or you can't tell what color it is. On the bottom right of the black paper I placed a 3 color Swatch on plastic. Not bad but if you are doing art in non porous surface you MUST use a sealant or it will scratchoff. And if you are looking for acrylic markers that don't break the bank, these are it. If you like journaling you can use these they don't bleed thru on Exceed journals, iroful paper or tomoe river sakae paper you will have ghosting on onion skin paper but NO bleed thru🤔"
26595,纸面手账/装饰书写群,B0D2H7QSX2,Coogert,US,4,绘画表现,负面-涂色不均,streak | streaky,"Brush and buttlet tip.These markers don't need priming. They layer well. They are a bit streaky but as I mentioned you can layer them. You will have to apply 2  to 3 coats to get a solid color of some markers. The numbers with the little white arrows on the black paper are of colors that are not very opaque or you can't tell what color it is. On the bottom right of the black paper I placed a 3 color Swatch on plastic. Not bad but if you are doing art in non porous surface you MUST use a sealant or it will scratchoff. And if you are looking for acrylic markers that don't break the bank, these are it. If you like journaling you can use these they don't bleed thru on Exceed journals, iroful paper or tomoe river sakae paper you will have ghosting on onion skin paper but NO bleed thru🤔"
26595,纸面手账/装饰书写群,B0D2H7QSX2,Coogert,US,4,场景表现,负面-不适合着色书/填色,ghosting,"Brush and buttlet tip.These markers don't need priming. They layer well. They are a bit streaky but as I mentioned you can layer them. You will have to apply 2  to 3 coats to get a solid color of some markers. The numbers with the little white arrows on the black paper are of colors that are not very opaque or you can't tell what color it is. On the bottom right of the black paper I placed a 3 color Swatch on plastic. Not bad but if you are doing art in non porous surface you MUST use a sealant or it will scratchoff. And if you are looking for acrylic markers that don't break the bank, these are it. If you like journaling you can use these they don't bleed thru on Exceed journals, iroful paper or tomoe river sakae paper you will have ghosting on onion skin paper but NO bleed thru🤔"
26595,纸面手账/装饰书写群,B0D2H7QSX2,Coogert,US,4,表面/介质表现,负面-在石头上表现差,streaky,"Brush and buttlet tip.These markers don't need priming. They layer well. They are a bit streaky but as I mentioned you can layer them. You will have to apply 2  to 3 coats to get a solid color of some markers. The numbers with the little white arrows on the black paper are of colors that are not very opaque or you can't tell what color it is. On the bottom right of the black paper I placed a 3 color Swatch on plastic. Not bad but if you are doing art in non porous surface you MUST use a sealant or it will scratchoff. And if you are looking for acrylic markers that don't break the bank, these are it. If you like journaling you can use these they don't bleed thru on Exceed journals, iroful paper or tomoe river sakae paper you will have ghosting on onion skin paper but NO bleed thru🤔"
26631,纸面手账/装饰书写群,B0D2H7QSX2,Coogert,US,2,笔头耐用性,负面-寿命不匹配,dried out,"I have a few acrylic pen sets because I enjoy card making and crafting so when I saw this set for under $13 I figured why not? Unfortunately several of the pens were dried out making a good portion of the set useless, which really sucks because I go through them relatively quick and need to replace often."
26733,填色/大面积上色群,B0D2H7QSX2,Coogert,US,5,流畅性,负面-出墨过多/漏墨,bleed through,"First time using paint pens of any kind, so take this review with a grain of salt ofc!!<br><br>Was apprehensive about buying something like Posca  pens because of the price and not knowing whether or not I’d actually enjoy them, so I decided to try these as like a…trial run I guess.<br><br>PROS:<br><br>Firstly, they are super easy to use. I particularly like the brush nib because it allows for that line variation and filling in larger areas.<br>Something to note is that I’m using suuuuuper thin (A5) paper, and so far, after layer upon layer—the paper hasn’t buckled hardly at all!! Was a really nice surprise tbh!! In fact, the only thing that made it buckle and bleed through was the pen I was using for my lines after laying down the paint. I have been having so much fun experimenting with the colors (which there are a lot!!)<br><br>CONS:<br><br>Be prepared to layer these. They aren’t suuuuper duper pigmented like others I’ve seen especially if you’re laying a light color over a dark one, even after shaking them for a bit as it says to do on the back of the box. (Though in all honesty, I enjoy it more as a feature than a con, but I know some people might not find that appealing—but it could be that I’m impatient and don’t shake them long enough before use)<br>Something I also noticed is that there are NO lighter/pastel type colors. It’s not a huge deal, but I’d really love a few of those just to lighten things up if I need to. Generally good flow, but some of the markers have little fibers on the nib that need to be picked off. ALSO. Before you start layering, give the first layer a little bit of time to dry. I noticed it takes about 10 seconds but then you’re good to go!!<br><br> I will say though, for the price and what you get, they work wonderfully and other than what I listed above I can’t think of any complaints!! Great for anyone like me who hasn’t tried them before and doesn’t wanna break the bank on other brands. :)"
26733,填色/大面积上色群,B0D2H7QSX2,Coogert,US,5,笔身与易用性,负面-材质/做工差,break,"First time using paint pens of any kind, so take this review with a grain of salt ofc!!<br><br>Was apprehensive about buying something like Posca  pens because of the price and not knowing whether or not I’d actually enjoy them, so I decided to try these as like a…trial run I guess.<br><br>PROS:<br><br>Firstly, they are super easy to use. I particularly like the brush nib because it allows for that line variation and filling in larger areas.<br>Something to note is that I’m using suuuuuper thin (A5) paper, and so far, after layer upon layer—the paper hasn’t buckled hardly at all!! Was a really nice surprise tbh!! In fact, the only thing that made it buckle and bleed through was the pen I was using for my lines after laying down the paint. I have been having so much fun experimenting with the colors (which there are a lot!!)<br><br>CONS:<br><br>Be prepared to layer these. They aren’t suuuuper duper pigmented like others I’ve seen especially if you’re laying a light color over a dark one, even after shaking them for a bit as it says to do on the back of the box. (Though in all honesty, I enjoy it more as a feature than a con, but I know some people might not find that appealing—but it could be that I’m impatient and don’t shake them long enough before use)<br>Something I also noticed is that there are NO lighter/pastel type colors. It’s not a huge deal, but I’d really love a few of those just to lighten things up if I need to. Generally good flow, but some of the markers have little fibers on the nib that need to be picked off. ALSO. Before you start layering, give the first layer a little bit of time to dry. I noticed it takes about 10 seconds but then you’re good to go!!<br><br> I will say though, for the price and what you get, they work wonderfully and other than what I listed above I can’t think of any complaints!! Great for anyone like me who hasn’t tried them before and doesn’t wanna break the bank on other brands. :)"
26787,精细绘画/插画创作群,B0D2H7QSX2,Coogert,US,4,色彩饱和度与混合,负面-暗淡/褪色,dull | washed out,"These markers are quite nice. I use them to paint details on my diecast cars and they turn out great. They are easy to use and dry quite fast. The only con I have is they don’t come out as true colors. As many others stated, some colors feel a bit washed out. The red seems to be more like a pinkish red rather than the.vibrant red I was looking for. The white had black are great. Some colors are a bit washed out, and seem dull. If you’re doing things that don’t need bright vibrant colors, these will do."
26895,多表面diy/定制群,B0D421X6LB,DEYONI,US,2,笔头耐用性,负面-寿命不匹配,dried out,I didn't like how these kind of splattered a little if I hit an imperfection while painting rocks. Then the fine tip white dried out super quick. They were okay until that happened.
26895,多表面diy/定制群,B0D421X6LB,DEYONI,US,2,流畅性,负面-出墨过多/漏墨,splatter,I didn't like how these kind of splattered a little if I hit an imperfection while painting rocks. Then the fine tip white dried out super quick. They were okay until that happened.
26903,精细绘画/插画创作群,B0D471YK2F,Oficrafted,US,5,色彩饱和度与混合,负面-暗淡/褪色,pale,"This is a good paint marker set to have on hand for creative moods. 80 colors, and they're well arranged in a way that you can get some really nice tonal variations to make your work pop. The tips are medium felt bullets and they have a durable feel with a medium amount of give. 6I like the medium bullet tips but they're a little on the large side for fine detail work, but I won't complain about that. I feel like this set is good for larger pieces, meaning that if you work on a larger scale I don't think you're going to notice that you don't have those fine tips for extra small details. If you do have some brush tips, or some fine tipped acrylic markers, this might make a really good set to pair them with.The pen bodies are sealed and not refillable, and the pen nibs don't appear to be replaceable either. Or, moreover the set doesn't come with replacement nibs for the pens, so these are disposable.NOTE: These are not loaded with a ball to mix the paint inside the pen, so you do have to shake them  very well before use or you're going to get a thinned out color.The carrying case is a true value and is a working organizer/palette. It is a quad-fold organizer about the size of a shoe box in area... So, it is a fairly large case but it is holding 80 PENS! I'm still very satisfied with the sheer quantity of luxury acrylic markers you get in this set.  The organizer is made of a durable, water-resistant nylon material and the pages are sewn of the same material. The zipper on the case is extremely well made and is also durable. This case is fitted with a carrying strap. Very good case should definitely outlast the markers and is REUSABLE.My opinion of the marker puts them high up on my charts as a well made and highly usable artist's toolI particularly like the variations of color in the set. The quality is appropriate and even though you could probably find better markers, I don't think you're going to find a set of this value.I definitely suggest this item to anyone, and I think it would make an excellent gift idea."
26903,精细绘画/插画创作群,B0D471YK2F,Oficrafted,US,5,多样性与适配性,负面-可补充性差 (Poor replenishability),not refillable | disposable | sealed and not refillable,"This is a good paint marker set to have on hand for creative moods. 80 colors, and they're well arranged in a way that you can get some really nice tonal variations to make your work pop. The tips are medium felt bullets and they have a durable feel with a medium amount of give. 6I like the medium bullet tips but they're a little on the large side for fine detail work, but I won't complain about that. I feel like this set is good for larger pieces, meaning that if you work on a larger scale I don't think you're going to notice that you don't have those fine tips for extra small details. If you do have some brush tips, or some fine tipped acrylic markers, this might make a really good set to pair them with.The pen bodies are sealed and not refillable, and the pen nibs don't appear to be replaceable either. Or, moreover the set doesn't come with replacement nibs for the pens, so these are disposable.NOTE: These are not loaded with a ball to mix the paint inside the pen, so you do have to shake them  very well before use or you're going to get a thinned out color.The carrying case is a true value and is a working organizer/palette. It is a quad-fold organizer about the size of a shoe box in area... So, it is a fairly large case but it is holding 80 PENS! I'm still very satisfied with the sheer quantity of luxury acrylic markers you get in this set.  The organizer is made of a durable, water-resistant nylon material and the pages are sewn of the same material. The zipper on the case is extremely well made and is also durable. This case is fitted with a carrying strap. Very good case should definitely outlast the markers and is REUSABLE.My opinion of the marker puts them high up on my charts as a well made and highly usable artist's toolI particularly like the variations of color in the set. The quality is appropriate and even though you could probably find better markers, I don't think you're going to find a set of this value.I definitely suggest this item to anyone, and I think it would make an excellent gift idea."
26904,纸面手账/装饰书写群,B0D471YK2F,Oficrafted,US,3,墨水特性,负面-易褪色/不防水,not waterproof,"This set of 80 acrylic paint pens earns a mixed review.  The pens are neatly packaged in a sturdy and organized zipper case.  This makes storing the pens horizontally easy and ensures your art area is not messy.  I laid out the case and took a piece of pre-cut 4X6-inch white cardstock.  I attempted to start drawing with the black pen.  I couldn’t get the cap off the paint pen.  I eventually had to get a rubber gripper that is used to remove jar lids.  I got into a rhythm and was soon able to remove the tops off the sample pens I tried as I drew my drawing.  I needed to twist and pull using the rubber gripping pad.  If you have arthritis, you may have to work around the fact that the tops are incredibly difficult to get off the paint pens.I started with the black pen, creating a basic drawing to fill in with different colors.  First, I used traditional paint markers to fill in the petals of the flowers.  Then, I used several metallic markers to fill in the flower center and leaves.  Finally, I touched up the black ink and attempted to do some detail work.  I colored the four blue corners last.  The three white dots in those corners took three coats with the white acrylic paint marker.  In contrast, the whitish/grey coloring on the stems is one coat with the white marker (see photograph).The paint pens dry fairly quickly.  I got several paint spots on my hands, which I cleaned with a scrub brush, warm water, and hand soap.  The black pen easily covered minimal mistakes made while coloring the petals and center.  I had to use a light touch, or the nib would wear away my paper. I used a metallic pen to color the center of the flowers. The paint flow was too heavy and made a mess when I opened it.  Eventually, that particular marker’s paint flow slowed, and I could continue to use it.I decided to test whether these paint pens are waterproof and quick-drying.  I waited fifteen minutes after I was done with the drawing.  I wetted down a paper towel with three squirts of water and dragged it two times across the right-hand side of the drawing.  The ink did not smear on the paper but lifted off and covered my paper towel (see photograph).  I have concerns about using these paint pens on anything exposed to water.  Paint from both the regular and metallic pens was present on the paper towel.On another 4X6-inch piece of cardstock, I used two colors to write letters, numbers, and common words  (see photograph).  As you can see, the medium-sized nibs make detailed drawing and writing difficult.  The manufacturer does not hide this; few examples of tiny writing or detailing are on the product description page.  Additional acrylic pens to finish your artwork may be necessary, depending on what you are creating.This paint pen set is much better than others I have tried, but it misses the mark with caps that can’t be easily removed and paint that is not waterproof.  Even with that in mind, I believe this is still a good value for 80-paint pens.  This set may work for you if you are a doodler and want to have fun.  However, if you are serious about your art, you may need to look elsewhere to be completely satisfied."
26904,纸面手账/装饰书写群,B0D471YK2F,Oficrafted,US,3,笔身与易用性,负面-握持不适,too heavy,"This set of 80 acrylic paint pens earns a mixed review.  The pens are neatly packaged in a sturdy and organized zipper case.  This makes storing the pens horizontally easy and ensures your art area is not messy.  I laid out the case and took a piece of pre-cut 4X6-inch white cardstock.  I attempted to start drawing with the black pen.  I couldn’t get the cap off the paint pen.  I eventually had to get a rubber gripper that is used to remove jar lids.  I got into a rhythm and was soon able to remove the tops off the sample pens I tried as I drew my drawing.  I needed to twist and pull using the rubber gripping pad.  If you have arthritis, you may have to work around the fact that the tops are incredibly difficult to get off the paint pens.I started with the black pen, creating a basic drawing to fill in with different colors.  First, I used traditional paint markers to fill in the petals of the flowers.  Then, I used several metallic markers to fill in the flower center and leaves.  Finally, I touched up the black ink and attempted to do some detail work.  I colored the four blue corners last.  The three white dots in those corners took three coats with the white acrylic paint marker.  In contrast, the whitish/grey coloring on the stems is one coat with the white marker (see photograph).The paint pens dry fairly quickly.  I got several paint spots on my hands, which I cleaned with a scrub brush, warm water, and hand soap.  The black pen easily covered minimal mistakes made while coloring the petals and center.  I had to use a light touch, or the nib would wear away my paper. I used a metallic pen to color the center of the flowers. The paint flow was too heavy and made a mess when I opened it.  Eventually, that particular marker’s paint flow slowed, and I could continue to use it.I decided to test whether these paint pens are waterproof and quick-drying.  I waited fifteen minutes after I was done with the drawing.  I wetted down a paper towel with three squirts of water and dragged it two times across the right-hand side of the drawing.  The ink did not smear on the paper but lifted off and covered my paper towel (see photograph).  I have concerns about using these paint pens on anything exposed to water.  Paint from both the regular and metallic pens was present on the paper towel.On another 4X6-inch piece of cardstock, I used two colors to write letters, numbers, and common words  (see photograph).  As you can see, the medium-sized nibs make detailed drawing and writing difficult.  The manufacturer does not hide this; few examples of tiny writing or detailing are on the product description page.  Additional acrylic pens to finish your artwork may be necessary, depending on what you are creating.This paint pen set is much better than others I have tried, but it misses the mark with caps that can’t be easily removed and paint that is not waterproof.  Even with that in mind, I believe this is still a good value for 80-paint pens.  This set may work for you if you are a doodler and want to have fun.  However, if you are serious about your art, you may need to look elsewhere to be completely satisfied."
26904,纸面手账/装饰书写群,B0D471YK2F,Oficrafted,US,3,场景表现,负面-不能多表面DIY,not waterproof,"This set of 80 acrylic paint pens earns a mixed review.  The pens are neatly packaged in a sturdy and organized zipper case.  This makes storing the pens horizontally easy and ensures your art area is not messy.  I laid out the case and took a piece of pre-cut 4X6-inch white cardstock.  I attempted to start drawing with the black pen.  I couldn’t get the cap off the paint pen.  I eventually had to get a rubber gripper that is used to remove jar lids.  I got into a rhythm and was soon able to remove the tops off the sample pens I tried as I drew my drawing.  I needed to twist and pull using the rubber gripping pad.  If you have arthritis, you may have to work around the fact that the tops are incredibly difficult to get off the paint pens.I started with the black pen, creating a basic drawing to fill in with different colors.  First, I used traditional paint markers to fill in the petals of the flowers.  Then, I used several metallic markers to fill in the flower center and leaves.  Finally, I touched up the black ink and attempted to do some detail work.  I colored the four blue corners last.  The three white dots in those corners took three coats with the white acrylic paint marker.  In contrast, the whitish/grey coloring on the stems is one coat with the white marker (see photograph).The paint pens dry fairly quickly.  I got several paint spots on my hands, which I cleaned with a scrub brush, warm water, and hand soap.  The black pen easily covered minimal mistakes made while coloring the petals and center.  I had to use a light touch, or the nib would wear away my paper. I used a metallic pen to color the center of the flowers. The paint flow was too heavy and made a mess when I opened it.  Eventually, that particular marker’s paint flow slowed, and I could continue to use it.I decided to test whether these paint pens are waterproof and quick-drying.  I waited fifteen minutes after I was done with the drawing.  I wetted down a paper towel with three squirts of water and dragged it two times across the right-hand side of the drawing.  The ink did not smear on the paper but lifted off and covered my paper towel (see photograph).  I have concerns about using these paint pens on anything exposed to water.  Paint from both the regular and metallic pens was present on the paper towel.On another 4X6-inch piece of cardstock, I used two colors to write letters, numbers, and common words  (see photograph).  As you can see, the medium-sized nibs make detailed drawing and writing difficult.  The manufacturer does not hide this; few examples of tiny writing or detailing are on the product description page.  Additional acrylic pens to finish your artwork may be necessary, depending on what you are creating.This paint pen set is much better than others I have tried, but it misses the mark with caps that can’t be easily removed and paint that is not waterproof.  Even with that in mind, I believe this is still a good value for 80-paint pens.  This set may work for you if you are a doodler and want to have fun.  However, if you are serious about your art, you may need to look elsewhere to be completely satisfied."
26940,多表面diy/定制群,B0D5Y4B2CC,Amamao,US,3,笔头耐用性,负面-寿命不匹配,dry out,"These are alright for some craft projects. But the brush tips are too big to color with, although the fine tip works great.The coolers are vibrant, but are not true to the advertisement/cap colors.They also dry out extremely quick.They would be good for a child’s coloring or art projects"
26964,多表面diy/定制群,B0D5Y4B2CC,Amamao,US,5,笔头耐用性,负面-寿命不匹配,dry out,"This marker set is great for any creative project and for the kids. The dual tips offer both precision and coverage, and the color selection is incredible. They work on a variety of surfaces like canvas, plastic, and glass. The only downside is that some markers tend to dry out faster than expected, but overall, they’re a solid buy for craft enthusiasts."
26974,填色/大面积上色群,B0D5Y4B2CC,Amamao,US,4,笔头表现,负面-细节控制差,scratchy,"I haven't used these yet for my artwork,but I swatched them and so far they are really nice..they are smooth  to draw with,and none of them were scratchy..and none of them were dried out which to me is a big plus..I liked how with these you don't have to prime them before using(constantly pressing the nib up and down until you get a flow of paint) that to me is another big plus..there seems to be a variety of colors which I like..I think I might try these on a coloring page after I've primed the page..I'm going to try a technique I saw on YouTube using gesso to prep a coloring book page for painting,we will see how that goes..but so far I really like these paint pens"
26974,填色/大面积上色群,B0D5Y4B2CC,Amamao,US,4,笔头耐用性,负面-寿命不匹配,dried out,"I haven't used these yet for my artwork,but I swatched them and so far they are really nice..they are smooth  to draw with,and none of them were scratchy..and none of them were dried out which to me is a big plus..I liked how with these you don't have to prime them before using(constantly pressing the nib up and down until you get a flow of paint) that to me is another big plus..there seems to be a variety of colors which I like..I think I might try these on a coloring page after I've primed the page..I'm going to try a technique I saw on YouTube using gesso to prep a coloring book page for painting,we will see how that goes..but so far I really like these paint pens"
26974,填色/大面积上色群,B0D5Y4B2CC,Amamao,US,4,流畅性,负面-干涩/刮纸/断墨,scratchy,"I haven't used these yet for my artwork,but I swatched them and so far they are really nice..they are smooth  to draw with,and none of them were scratchy..and none of them were dried out which to me is a big plus..I liked how with these you don't have to prime them before using(constantly pressing the nib up and down until you get a flow of paint) that to me is another big plus..there seems to be a variety of colors which I like..I think I might try these on a coloring page after I've primed the page..I'm going to try a technique I saw on YouTube using gesso to prep a coloring book page for painting,we will see how that goes..but so far I really like these paint pens"
26983,儿童/课堂使用群,B0D5Y4B2CC,Amamao,US,2,色彩饱和度与混合,负面-遮盖力差/透明,streaky,"I should have paid more attention to the details on the description for sure. However, the picture is a bit misleading because it looks like you are getting one color with a brush tip and a fine tip. When I opened it, I was surprised to find that each color was either brush tip or fine tip. This didn’t work out for me because I needed to utilize both tips in the SAME color. It was really frustrating trying to paint in small cracks and corners with a brush tip. This is especially true for the color black. The most frequently used color in a set is black in both sizes. How do you not have black, at the very least, in both sizes?Not only that, it was very streaky on the page. If you want to give this as a gift to kids, it’s a great gift. If you’re planning on using them for crafts - find another brand. I wish I hadn’t wasted my money."
26983,儿童/课堂使用群,B0D5Y4B2CC,Amamao,US,2,绘画表现,负面-涂色不均,streak | streaky,"I should have paid more attention to the details on the description for sure. However, the picture is a bit misleading because it looks like you are getting one color with a brush tip and a fine tip. When I opened it, I was surprised to find that each color was either brush tip or fine tip. This didn’t work out for me because I needed to utilize both tips in the SAME color. It was really frustrating trying to paint in small cracks and corners with a brush tip. This is especially true for the color black. The most frequently used color in a set is black in both sizes. How do you not have black, at the very least, in both sizes?Not only that, it was very streaky on the page. If you want to give this as a gift to kids, it’s a great gift. If you’re planning on using them for crafts - find another brand. I wish I hadn’t wasted my money."
26983,儿童/课堂使用群,B0D5Y4B2CC,Amamao,US,2,表面/介质表现,负面-在石头上表现差,streaky,"I should have paid more attention to the details on the description for sure. However, the picture is a bit misleading because it looks like you are getting one color with a brush tip and a fine tip. When I opened it, I was surprised to find that each color was either brush tip or fine tip. This didn’t work out for me because I needed to utilize both tips in the SAME color. It was really frustrating trying to paint in small cracks and corners with a brush tip. This is especially true for the color black. The most frequently used color in a set is black in both sizes. How do you not have black, at the very least, in both sizes?Not only that, it was very streaky on the page. If you want to give this as a gift to kids, it’s a great gift. If you’re planning on using them for crafts - find another brand. I wish I hadn’t wasted my money."
26993,填色/大面积上色群,B0D5Y4B2CC,Amamao,US,3,色彩饱和度与混合,负面-暗淡/褪色,pale,"I love using acrylic paint pens for my art and i jumped on ordering these thinking they would be dual tipped (diff size nibs) of the same color. UNFORTUNATELY, THAT’S NOT THE CASE HERE.Here’s what you get:- 50 paint pens that are dual tipped, BUT there’s 2 different colors on each pen. For example, Black on one side, white on the other. While I appreciate a 100 color palette, why not just make the product a 100 pack of colors that have a fine/brush tip for each color. Ex: White (brush/fine tip), not a diff color on the end. What if I want or need a brush tip of black to put in a large coverage spot and i only have it as a fine tip nib? That’s going to use up the black most likely and be time consuming.- Because of there being 2 diff colors on the dual tips, the case they come in is absolutely useless. If you are someone who likes to see their color palette so you know what to use, you will need to dump these out into a transparent case so you can see them as the box is not see-thru. Unless you don’t mind fishing around and searching for 5-10min to find your color, then by all means, leave them in their box.Their saving grace is that they can blend. While they don’t blend the best compared to others I’ve used, they’re certainly not the worst at it. They can and will blend, you just have to be fast about it. They also can be used on a variety of surfaces.If my identified cons don’t bother you, then this will be a good set for you. If you’re like me and like to see your colors, just dump these out into a case or the surface you’re working on."
27005,多表面diy/定制群,B0D5Y4B2CC,Amamao,US,5,流畅性,负面-出墨过多/漏墨,splatter,"I do a lot of arts and crafts and am always looking for products that will help make my gifts and projects better and easier to do and store. I hoped this product would help. It does. I really enjoyed the range of colors and there were also pens that were metallic, which was a surprising but great bonus. When used, the colors are bright and the paint doesn't splatter when used. I would, however, liked to have seen the actual name of the color on the box with the pictures and on the pens itself. It would have been more helpful when trying to find and choose the colors I used for my projects."
27031,儿童/课堂使用群,B0D6YF4PY9,Pagather,US,3,笔身与易用性,负面-材质/做工差,break,"The pens seem well designed in their physical aspects such as the dual tips, flow of paint and secure caps. The reason I did not give more stars is the colors. In many cases, the color dispensed from brush tip does not match color from the fine point. Kind of a deal breaker for me. Also, the variety of colors is narrow for the number of pens with several of the pens having colors so similar to others, they are practically the same. This leaves colors out that would have been very nice to have such as a deep viridian, sap green, burnt and raw sienna, burnt and raw umber and deep vibrant reds. So, I will keep looking for a set with good variety and consistency of color. These can go to the kids to play with."
27054,精细绘画/插画创作群,B0D6YF4PY9,Pagather,US,5,色彩饱和度与混合,负面-暗淡/褪色,doesn't show up well,"Honestly, these markers were really nice and easy to use. None of the markers were dried out when I got them. I got these as a gift, and they are amazing. What I really like about these markers is that if you make a mistake on your artwork, you can very easily fix it. The only downside about this product is that the white marker doesn't show up well on other colors, because of that I need to use my white Posca marker. I really recommend getting these if you like arts and crafts. I'm normally used to drawing in black and white, but after a bit of messing around with the colors I got everything to work well. Even if you're a beginner artist, these markers can work amazingly in your art pieces. The artwork in my review belongs to me, and as you can tell..the markers show up well."
27054,精细绘画/插画创作群,B0D6YF4PY9,Pagather,US,5,笔头耐用性,负面-寿命不匹配,dried out,"Honestly, these markers were really nice and easy to use. None of the markers were dried out when I got them. I got these as a gift, and they are amazing. What I really like about these markers is that if you make a mistake on your artwork, you can very easily fix it. The only downside about this product is that the white marker doesn't show up well on other colors, because of that I need to use my white Posca marker. I really recommend getting these if you like arts and crafts. I'm normally used to drawing in black and white, but after a bit of messing around with the colors I got everything to work well. Even if you're a beginner artist, these markers can work amazingly in your art pieces. The artwork in my review belongs to me, and as you can tell..the markers show up well."
27054,精细绘画/插画创作群,B0D6YF4PY9,Pagather,US,5,表面/介质表现,负面-在深色纸张上显色效果差,doesn't show up,"Honestly, these markers were really nice and easy to use. None of the markers were dried out when I got them. I got these as a gift, and they are amazing. What I really like about these markers is that if you make a mistake on your artwork, you can very easily fix it. The only downside about this product is that the white marker doesn't show up well on other colors, because of that I need to use my white Posca marker. I really recommend getting these if you like arts and crafts. I'm normally used to drawing in black and white, but after a bit of messing around with the colors I got everything to work well. Even if you're a beginner artist, these markers can work amazingly in your art pieces. The artwork in my review belongs to me, and as you can tell..the markers show up well."
27117,精细绘画/插画创作群,B0D6YFT1GJ,Pagather,US,3,色彩饱和度与混合,负面-遮盖力差/透明,streaky,"I was really excited to try these because of the dual tips and being able to use the fine tip on tight spaces. Unfortunately, I find that no matter how many layers I do on my coloring page, these markers are VERY streaky.<br><br>The brush tips are great and flexible. The fine tip is great for smaller spaces and/or details. The color range is also nice, however, I dislike that they put metallic colors in.<br><br>The ink flow is good. It's just so streaky. I end up not using them much and will probably not order them again."
27117,精细绘画/插画创作群,B0D6YFT1GJ,Pagather,US,3,绘画表现,负面-涂色不均,streak | streaky,"I was really excited to try these because of the dual tips and being able to use the fine tip on tight spaces. Unfortunately, I find that no matter how many layers I do on my coloring page, these markers are VERY streaky.<br><br>The brush tips are great and flexible. The fine tip is great for smaller spaces and/or details. The color range is also nice, however, I dislike that they put metallic colors in.<br><br>The ink flow is good. It's just so streaky. I end up not using them much and will probably not order them again."
27117,精细绘画/插画创作群,B0D6YFT1GJ,Pagather,US,3,表面/介质表现,负面-在石头上表现差,streaky,"I was really excited to try these because of the dual tips and being able to use the fine tip on tight spaces. Unfortunately, I find that no matter how many layers I do on my coloring page, these markers are VERY streaky.<br><br>The brush tips are great and flexible. The fine tip is great for smaller spaces and/or details. The color range is also nice, however, I dislike that they put metallic colors in.<br><br>The ink flow is good. It's just so streaky. I end up not using them much and will probably not order them again."
27151,填色/大面积上色群,B0D6YFT1GJ,Pagather,US,3,笔头耐用性,负面-寿命不匹配,dried out,"Mixed feelings about these markers. I got these for coloring in a coloring book without bleeding into the other side. They do this very well. The problem I have is that both sides of the markers occasionally produce different colors. Secondly some markers have basically dried out after a week of use. the quality varies from marker to marker. Lastly, I also feel that although there are a lot of different markers to choose from the colors can be so similar to the point that sometimes I think other colors are missed for example a red-orange like color doesn't existed but there is a tons of reds and and tons of orange and blending dosnt happen with these markers. I will definitely keep using these markers till they are unusable but probably wouldn’t buy them again and would give other acrylic markers a change instead."
27179,填色/大面积上色群,B0D6YFT1GJ,Pagather,US,4,流畅性,负面-出墨过多/漏墨,bleed through,Great markers perfect for coloring book pages with no bleed through. Some of the lighter colors require more coats but that’s to be expected with light colors.
27202,多表面diy/定制群,B0D6YFT1GJ,Pagather,US,4,笔头耐用性,负面-寿命不匹配,dried out,"Absolutely love these. I originally bought the 72ct. After a couple months I decided I liked them well enough to buy the 130ct. For a larger variety.<br>(First pic is of the 2 sets side by side without the opposite sides of the fold out sections.)<br><br>There’s a couple differences between the 2 sets outside of the obvious color range. The 72ct came with just the markers in the case. I expected the same from the 130ct however I was pleasantly surprised to find a baggy of replacement nibs and instructions on how to replace said nibs as well as instructions on how to fix them if they become dried out.<br><br>Pros:<br>- Easy control<br>- Smooth consistency and flow.<br>- Juicy<br>- Bright, bold, vibrant, gorgeous colors.<br>- If your main qualifier is brush tips these are perfect! Capable of creating thick lines but also capable of creating those fine details as well as get into the smaller nooks and crannies.<br>- layer well with like colors.<br>- No smudging or smearing.<br>- Dry quickly<br>- Fine tip is great for dotting. I’ve used them primarily for adding dots and other embellishments over top blocks of color.<br>- Case is well made and makes for easy storage as well as taking them on the go.<br>- good color variety in both sets making smooth and subtle color transitions a breeze.<br>- NO BLEEDING<br><br>Cons:<br>- 3 of the markers in the 72ct arrived dry, however not entirely. (Upon receiving instructions in the larger set in how to fix this I feel this has been made up, tho these instructions should be included in the smaller sets.)<br>- The fine point is not very fine, it is indeed a small bullet tip that doesn’t do well at all for fine details. The brush tip works better.<br>- There is some color consistency issues between the brush and bullet tip on some colors however slight.<br>- Some of the fine tips leave behind fibers.<br>- These do NOT work well on fabrics, colors will not show.<br>- Majority of the colors do not appear well on black surfaces. (This does not seem to be the case coloring over lines in coloring books).<br>- Not all colors layer nicely as these are water based, if you attempt to layer colors on opposite sides of the spectrum they just mix.<br>- There is only one Red in the 72ct.<br>- Some colors are more transparent than opaque in the fine tip.<br><br>Overall, very worth it. I have sets Ive paid more for that were far less quality.<br><br>** The ONLY metallics from this set used in the posted pictures were the SILVER and GOLD. The rest of the metallics used in said pictures are from Karin.**<br><br>**All NON metallic colors used in my posted photos are from these 2 sets.**"
27202,多表面diy/定制群,B0D6YFT1GJ,Pagather,US,4,购买与服务体验,负面-运输/损坏,arrived dry,"Absolutely love these. I originally bought the 72ct. After a couple months I decided I liked them well enough to buy the 130ct. For a larger variety.<br>(First pic is of the 2 sets side by side without the opposite sides of the fold out sections.)<br><br>There’s a couple differences between the 2 sets outside of the obvious color range. The 72ct came with just the markers in the case. I expected the same from the 130ct however I was pleasantly surprised to find a baggy of replacement nibs and instructions on how to replace said nibs as well as instructions on how to fix them if they become dried out.<br><br>Pros:<br>- Easy control<br>- Smooth consistency and flow.<br>- Juicy<br>- Bright, bold, vibrant, gorgeous colors.<br>- If your main qualifier is brush tips these are perfect! Capable of creating thick lines but also capable of creating those fine details as well as get into the smaller nooks and crannies.<br>- layer well with like colors.<br>- No smudging or smearing.<br>- Dry quickly<br>- Fine tip is great for dotting. I’ve used them primarily for adding dots and other embellishments over top blocks of color.<br>- Case is well made and makes for easy storage as well as taking them on the go.<br>- good color variety in both sets making smooth and subtle color transitions a breeze.<br>- NO BLEEDING<br><br>Cons:<br>- 3 of the markers in the 72ct arrived dry, however not entirely. (Upon receiving instructions in the larger set in how to fix this I feel this has been made up, tho these instructions should be included in the smaller sets.)<br>- The fine point is not very fine, it is indeed a small bullet tip that doesn’t do well at all for fine details. The brush tip works better.<br>- There is some color consistency issues between the brush and bullet tip on some colors however slight.<br>- Some of the fine tips leave behind fibers.<br>- These do NOT work well on fabrics, colors will not show.<br>- Majority of the colors do not appear well on black surfaces. (This does not seem to be the case coloring over lines in coloring books).<br>- Not all colors layer nicely as these are water based, if you attempt to layer colors on opposite sides of the spectrum they just mix.<br>- There is only one Red in the 72ct.<br>- Some colors are more transparent than opaque in the fine tip.<br><br>Overall, very worth it. I have sets Ive paid more for that were far less quality.<br><br>** The ONLY metallics from this set used in the posted pictures were the SILVER and GOLD. The rest of the metallics used in said pictures are from Karin.**<br><br>**All NON metallic colors used in my posted photos are from these 2 sets.**"
27289,儿童/课堂使用群,B0D95W2XHB,JusArt,US,5,笔头耐用性,负面-寿命不匹配,dry out,"I do a lot of painting projects on unfinished wood and use a lot of acrylic paint markers and I have to say that I'm very impressed with this set and the true color profile in comparison to the color on the lid. There is very little, if any, discrepancy with the pigment being true. They do not dry out quickly and have a nice viewing window to see where you are at for ink level. There is a wide variety of pigments and they are one coat coverage for the most part (white typically needs two coats). The overall quality is great though. Perfect for children and adults. 10/10 recommend."
27292,多表面diy/定制群,B0D95W2XHB,JusArt,US,3,流畅性,负面-出墨过多/漏墨,splatter,"The markers are vibrant and easy to work with. The tips are great to get into small spaces. Love how they are a felt brush like marker unlike the others I've bought that are hard tips so I get no splatter from painting on wood. Down side to this markers is that the ink does not last long at all. Doing very very small projects my Red,Black, White markers are now empty. I took the red tube apart thinking maybe a clog but it was bone dry. Unfortunately it is not worth buying the pack again for basic colors."
27293,纸面手账/装饰书写群,B0D95W2XHB,JusArt,US,5,流畅性,负面-出墨过多/漏墨,bleed through,Fantastic and they work great in my hobonichi journal with little bleed through if any. Good color saturation and easy to use.
27317,儿童/课堂使用群,B0D95W2XHB,JusArt,US,5,性价比,负面-价格昂贵,not worth it,"Tried 3 different sets, these 30 single brush tips and 2 sets of 48 of the dual tipped markers, one from this brand and the other from Pagather that were all in similar price rance during sales.  The main question was to see how the brands differed, but also to understand why the dual tip set from THIS brand was so much cheaper despite the additional tip and carry case that these lack.  Well, the Dual tip is not worth it, imo. I felt the difference in the weight of the pens, which clearly is due to the amount of LIQUID in them, and these win by a mile.  I can see the duals running dry in much less time.<br><br>Given the value of how much more coverage you will get from these, this is worth the money where the other is not so much.  I easily would choose this set of brush tips only over the dual marker, if only because fine lines are just as achievable with this tip anyway.  The fine point of the other is more like a marker than a brush, which maybe is preferable for those without as  much motor control in the hands, like kids.  But for the price to usage ratio, I think there is much more to found in these.<br><br>I am currently considering how much color variety I really need, and whether I am willing to return all three sets to get the 48 single tip markers and case to go with it, or maybe just go with 36 since neither of those is discounted and I don't really NEED this, just thought it might be nice go have as a crafty sort of person who loves art supplies. If I were wanting them for creating paintings myself, I would definitely get the 48 set of these over any of the dual tipped varieties.<br><br> If I had these in a zippered case, I wouldn't even think twice about the extra colors and be very satisfied.  These seem to be vibrant, more like opaque paint than watercolor, and supposedly waterproof, and seem to have the most favorable reviews with fewer complaints than other brands.<br><br>So the only question is how much more is that case worth to me if I decide to return these or not."
27409,儿童/课堂使用群,B0DB5KHXQK,Pagather,US,4,绘画表现,负面-涂色不均,streak,"As long as you take the time to prep your surface, these pens are pretty nice. You do need to take the time to prime the paint by pressing it down onto a surface to get the paint flowing. The yellow took longer than the others for some reason. Maybe because yellow is one of those difficult colors or I just got a weird one.The paint has a nice shine to it. I didn't notice much glitter spillage. If you ever worked with glitter you know what I mean. The colors are vivid with only needing maybe a few additional swipes to avoid any streaks.For the kids, this was great and a lot less messy compared to using regular acrylic paint with brushes."
27416,儿童/课堂使用群,B0DB5KHXQK,Pagather,US,4,流畅性,负面-出墨过多/漏墨,splatter,"We love how bright the colors are and the sparkle glitter. We don't like that they can splatter, so they don't write clean lines as well. I am pleased that they are non-toxic since my children use them. Overall, we are happy with this purchase."
27433,填色/大面积上色群,B0DB5KHXQK,Pagather,US,1,笔头耐用性,负面-寿命不匹配,stop working,To color an adult coloring poster ruins the paper pens stop working and when shaking pen leaks everywhere
27452,填色/大面积上色群,B0DB7T5HPS,Guangna,US,5,流畅性,负面-出墨过多/漏墨,bleed through,"These acrylic markers are absolutely perfect! They work so well coving the black lines of my coloring books. They dry so so fast and they don't bleed through your paper, at all! For 72 colors, they have a huge variety of colors, making it so easy to add those details to each coloring page. I have tried other brands but these are my absolute favorite! They are extremely affordable for the quality of the markers! If you're debating on these and not sure, let me tell you that you're going to want to order them! They are absolutely worth all the hype! Now that I have them, I can't see my pages without them! The brush tip is perfect, it's great for any size, you can use the tip for smaller areas or lean it to its side and cover larger areas or whatever it may be. All you do is shake the pen & it's already activated, that's basically to make sure your ink is flowing. No pressing and waiting for the ink to come out, it's already ready to use! They are so juicy, too. The ink flow isn't too much or too less, it's perfect! I really believe they are good for all ages, also! I mean clean up is pretty easy, maybe with adults present for younger kids but I believe probably 6plus would fine to use them. I'm in my 30s and I absolutely love them and use them every single time I color. The only thing I wish I would have done differently is get a bigger pack! I hope this helps!"
27470,填色/大面积上色群,B0DB7T5HPS,Guangna,US,4,流畅性,负面-出墨过多/漏墨,bleed through,"These are amazing! They are opaque, super vivid colors and they do not bleed through my coloring book pages! Great value for my money! I had one marker come leaking and one dry so had to knock off a star and not enough variety in some of the browns and reds but I see are now available in larger marker sets."
27525,多表面diy/定制群,B0DC619N4C,XPaoFey,US,5,笔头表现,负面-细节控制差,scratchy,"Now that I've had some time to break these in, and I can say that I'm pretty pleased.  These are the pump action markers, so it takes a minute to get some paint to the tip, but it descends without glooping all over your project.  I find their nylon tips scratchy, but they make nice lines. I've used on wood and rock crafts at this point, but I expect they will do well for drawing and printing."
27525,多表面diy/定制群,B0DC619N4C,XPaoFey,US,5,流畅性,负面-干涩/刮纸/断墨,scratchy,"Now that I've had some time to break these in, and I can say that I'm pretty pleased.  These are the pump action markers, so it takes a minute to get some paint to the tip, but it descends without glooping all over your project.  I find their nylon tips scratchy, but they make nice lines. I've used on wood and rock crafts at this point, but I expect they will do well for drawing and printing."
27525,多表面diy/定制群,B0DC619N4C,XPaoFey,US,5,笔身与易用性,负面-材质/做工差,break,"Now that I've had some time to break these in, and I can say that I'm pretty pleased.  These are the pump action markers, so it takes a minute to get some paint to the tip, but it descends without glooping all over your project.  I find their nylon tips scratchy, but they make nice lines. I've used on wood and rock crafts at this point, but I expect they will do well for drawing and printing."
27531,填色/大面积上色群,B0DDB7GYFT,Pagather,US,5,笔头耐用性,负面-寿命不匹配,dried out,"I can't believe how juicy and vibrant these colors are in this set! They are a true metallic, and they look amazing on paper. So far, I've used it to fine-tune some works I have with alcohol markers, and they work perfectly! I love the dual tip because I can access those hard to reach crevices in the coloring, and yet I can color large areas with the brush. The writing quality was excellent, no streaking or empty spaces. Overall, extremely satisfied with this marker. This company is really awesome, and they stand behind the markers they sell. If you have a marker that is dried out, you can email the company, and they will send you a replacement with no questions. I love that this company stands by their products because that makes me trust them even more. I am so happy with these!"
27531,填色/大面积上色群,B0DDB7GYFT,Pagather,US,5,绘画表现,负面-涂色不均,streak | streaking,"I can't believe how juicy and vibrant these colors are in this set! They are a true metallic, and they look amazing on paper. So far, I've used it to fine-tune some works I have with alcohol markers, and they work perfectly! I love the dual tip because I can access those hard to reach crevices in the coloring, and yet I can color large areas with the brush. The writing quality was excellent, no streaking or empty spaces. Overall, extremely satisfied with this marker. This company is really awesome, and they stand behind the markers they sell. If you have a marker that is dried out, you can email the company, and they will send you a replacement with no questions. I love that this company stands by their products because that makes me trust them even more. I am so happy with these!"
27557,纸面手账/装饰书写群,B0DDXQTYP9,Shuttle Art,US,5,流畅性,负面-干涩/刮纸/断墨,skipping,"I got this set of paint pens because I am going to be doing some acrylic paintings soon and I want to have a variety of techniques available to me.HOW THESE COMEThese come in a clear case with an envelope of paper and swatch sheets.  There are also a few drawing papers to practice coloring on.  The whole set is in a very sturdy box which shuts well with a tuck in lid on top.  This also allows you to store these flat.CASEThe case is clear. Each level comes apart pretty easily.  It has to be laid out side by side for easy access to all of the colors which requires a table top.  To use these on the lap, it is not convenient.  The pens might have to be moved to a holder and then stored flat in the case when you are done.  Alternatively, you can move it to a book style case with pages but remember to store the pens laying flat not end up.PAPERSThe papers inside are excellent quality paper to play around with and do swatches on black and natural light color.  The coloring pages are also really fun to play with.PENSThe paint pens are fantastic.  The brush tips allow for a great flow of paint and it is very close to painting with a brush dipped perfectly.  The colors are painterly vs bright and loud.  The window in the side lets you see how much paint is left.  Since each pen has to be used and covered immediately, I hold the lid while using the pen.  The colors on the end and labeling are well done.QUALITY PAINT AND PERFORMANCEThis is one fantastic set of paint pens.  They paint perfectly and are smooth and have excellent coverage.  There is no skipping and it can go from thin to thick lines pretty easily too.CANVASI used this to test on canvas board and the results were great.  They really look nice on the canvas and dry to nice intense colors.THE BOTTOM LINEThis is a beautiful set of paint markers.  The colors are beautiful and performance is excellent.MY RATINGFIVE STARS.  I like this alot.  The case is a bit tough for me to use in my recliner, but if I move the pens to a book case, it works well.  I just have to remember to lay them flat.  These will also be excellent to do detail work on acrylic paintings and make greeting cards."
27558,儿童/课堂使用群,B0DDXQTYP9,Shuttle Art,US,5,流畅性,负面-出墨过多/漏墨,bleed through,"UPDATE::: Y'all I love these markers so muchI've been using them consistently since I got them in october- no issues with drying AT ALL, though I would recommend taking them out and giving them a good shake periodically as a precaution.I find that they work smoother/more painterly on canvas or primed surfaces- they dry a bit too quickly on paper and soak up a bit more, but they still didn't even bleed through my mixed media sketchbook, so that's a major win!The case does take up a lot of space when you have all the sections out and accessible, which isn't my favorite, but is only a minor hindrance. No issues with snapping or breaking at all.I still have nitpicks about the color range (lack of oranges and yellows, mostly) but have found that, while they're still wet, they do mix quite nicely. You can achieve a lot of good in-between colors by mixing on the surface you're creating on before the marks dry.Though I am still so sure I will run out of white and yellow before anything else, which has me wishing I could buy individuals.Despite that, these are one of my favorite sets of art supplies in recent years. I'm obsessed.Updated pros/consPROS:-Surprisingly opaque-very saturated colors-dries fast and layers well (colors do dry a bit darker, as it goes with acrylic)-The brush tip is actually the best, no more pumping a paint markerCONS:-color range is lacking a bit in oranges, yellows, and dark colors-case takes up a lot of space when opened--------------------------------original review--------------------------------(I got these today, so this is a 'first impressions' review)I'm a artist and art instructor by trade, and I like to use a wide variety of materials to make recommendations to students as well as find new supplies for myself.These markers are pretty solid- I like acrylic paint for its opaque layering properties, as well as the quick dry, and these markers are pretty effective at both. As with acrylic paint, you do have some transparency and a need to layer, especially on lighter colors like white and yellow, or on top of darker colors. But overall, the coverage is pretty solid and the saturation is impressive.The case is a bit weird, you have to be careful separating the layers (they tuck into these little ridges at the back to hold together, and I can see there being a risk of snapping) but otherwise it seems convenient.The color range is odd. Acrylic dries darker than it applies, so after you let them sit for a moment you do have deeper hues, but the black included is SO much darker than the deepest of any other color.I'd really love to see a deep jewel tone range for each hue so I can achieve solid depth without just resorting to black. A deep alizarin crimson, phthalo blue or Paynes grey, deep viridian- the problem, I assume, is that these markers all have an almost chalky binder to keep the opacity up, and it sacrifices the deeper values as a result (many of the above listed colors are traditionally transparent.) So I'm not sure this would even be possible with the current pigment/binders used.Still, it would be wonderful to have a really deep set of colors, and if I'm just missing them in this 60 pack, I'd love to be directed to where I can grab them.Also, there's not a lot of orange options, and there are a whole lot of certain other colors, like green and pink.Anyway tldr;PROS:-nice opacity-very Saturated-dries fast and layers well-smooth flow with convenient brush tipCONS:-color range is lacking in oranges, yellows, and dark colors-case is a bit confusingI'll come back after a couple months of use to update on whether the markers have any trouble or not, but as of today I'm liking them."
27558,儿童/课堂使用群,B0DDXQTYP9,Shuttle Art,US,5,笔身与易用性,负面-材质/做工差,break,"UPDATE::: Y'all I love these markers so muchI've been using them consistently since I got them in october- no issues with drying AT ALL, though I would recommend taking them out and giving them a good shake periodically as a precaution.I find that they work smoother/more painterly on canvas or primed surfaces- they dry a bit too quickly on paper and soak up a bit more, but they still didn't even bleed through my mixed media sketchbook, so that's a major win!The case does take up a lot of space when you have all the sections out and accessible, which isn't my favorite, but is only a minor hindrance. No issues with snapping or breaking at all.I still have nitpicks about the color range (lack of oranges and yellows, mostly) but have found that, while they're still wet, they do mix quite nicely. You can achieve a lot of good in-between colors by mixing on the surface you're creating on before the marks dry.Though I am still so sure I will run out of white and yellow before anything else, which has me wishing I could buy individuals.Despite that, these are one of my favorite sets of art supplies in recent years. I'm obsessed.Updated pros/consPROS:-Surprisingly opaque-very saturated colors-dries fast and layers well (colors do dry a bit darker, as it goes with acrylic)-The brush tip is actually the best, no more pumping a paint markerCONS:-color range is lacking a bit in oranges, yellows, and dark colors-case takes up a lot of space when opened--------------------------------original review--------------------------------(I got these today, so this is a 'first impressions' review)I'm a artist and art instructor by trade, and I like to use a wide variety of materials to make recommendations to students as well as find new supplies for myself.These markers are pretty solid- I like acrylic paint for its opaque layering properties, as well as the quick dry, and these markers are pretty effective at both. As with acrylic paint, you do have some transparency and a need to layer, especially on lighter colors like white and yellow, or on top of darker colors. But overall, the coverage is pretty solid and the saturation is impressive.The case is a bit weird, you have to be careful separating the layers (they tuck into these little ridges at the back to hold together, and I can see there being a risk of snapping) but otherwise it seems convenient.The color range is odd. Acrylic dries darker than it applies, so after you let them sit for a moment you do have deeper hues, but the black included is SO much darker than the deepest of any other color.I'd really love to see a deep jewel tone range for each hue so I can achieve solid depth without just resorting to black. A deep alizarin crimson, phthalo blue or Paynes grey, deep viridian- the problem, I assume, is that these markers all have an almost chalky binder to keep the opacity up, and it sacrifices the deeper values as a result (many of the above listed colors are traditionally transparent.) So I'm not sure this would even be possible with the current pigment/binders used.Still, it would be wonderful to have a really deep set of colors, and if I'm just missing them in this 60 pack, I'd love to be directed to where I can grab them.Also, there's not a lot of orange options, and there are a whole lot of certain other colors, like green and pink.Anyway tldr;PROS:-nice opacity-very Saturated-dries fast and layers well-smooth flow with convenient brush tipCONS:-color range is lacking in oranges, yellows, and dark colors-case is a bit confusingI'll come back after a couple months of use to update on whether the markers have any trouble or not, but as of today I'm liking them."
27560,多表面diy/定制群,B0DDXQTYP9,Shuttle Art,US,5,流畅性,负面-干涩/刮纸/断墨,skipping,"These Shuttle Art acrylic paint markers are fantastic! I'm really impressed with the range of colors - 60 in total, including some really vibrant and unique shades. The brush tips are great for both fine details and broader strokes, and the ink flows smoothly without any skipping or clumping. I've used them on rocks, canvas, and even fabric, and they've worked perfectly on all surfaces. The colors are opaque and vibrant, and they dry quickly with a nice matte finish.  The markers seem really durable, and the organized case makes it easy to find the color you need.  Overall, I'm really happy with this purchase and would definitely recommend them to anyone who loves to paint or do crafts!"
27564,儿童/课堂使用群,B0DDXQTYP9,Shuttle Art,US,5,流畅性,负面-出墨过多/漏墨,bleed through,"These markers are so cool and so fun to use. I made a bunch of different drawings now and it looks like you're painting but it's not it's like they're like basically paint in markers. I think it's really cool. I don't think it's good for kids under 12 years old to use I think 12 and older would be good. They drive pretty quickly. They're very pigmented. it does come with a lot of colors, but it doesn't have like a normal brown color so I wish it did have that because I couldn't even draw my normal hair color, but I mean it's a very minor thing besides that I think these are really good markers and I would definitely recommend them. There are a lot of fun to use and they come with little coloring things that you can color on or you can color on paper. It doesn't bleed through paper surprisingly but I mostly like to paint on cardboard that just makes me feel a little bit more safe, but it does you can color it on regular paper and it won't bleed through so I think these are really good markers and I would highly recommend them. There's so much fun to use. They're so relaxing to paint with it. it Just puts you in a really good mood. I would definitely recommend these."
27573,多表面diy/定制群,B0DDXQTYP9,Shuttle Art,US,4,色彩饱和度与混合,负面-遮盖力差/透明,streaky,"The box that these come in is really nice. It's hard plastic, with each tray coming out separately. You can take out one tray, then put the top on that so you have a handle to carry it, so you don't have to take the entire box with you if you don't want to. It's also compact, so it won't take up much room, and the markers can lay horizontally, which is the way acrylic markers should be stored.  I found this box to be the very best feature of the set. I swatched the colors on the swatch sheets that came with it (one white and one black) and I wasn't terribly impressed. The pens are ok, but one application didn't cover the black line around the swatch box on the white card, and on the black they were fairly streaky. I realize that paper isn't the best medium for using acrylic markers (canvas paper, glass and metal would be much better) but I expected the paint to have a little better coverage. I do like that they hold a lot of paint, and that each marker has a number that corresponds with the swatch sheet. I also like the window in the marker that shows how much paint is left, and I really like the brush nib as opposed to hard nibs some other markers have.Do I think this set is worth $69.99?  No. I have other acrylic markers that perform as well, although they might not hold as much paint, and don't have the awesome box. But I'm cheap, so you be the judge."
27573,多表面diy/定制群,B0DDXQTYP9,Shuttle Art,US,4,绘画表现,负面-涂色不均,streak | streaky,"The box that these come in is really nice. It's hard plastic, with each tray coming out separately. You can take out one tray, then put the top on that so you have a handle to carry it, so you don't have to take the entire box with you if you don't want to. It's also compact, so it won't take up much room, and the markers can lay horizontally, which is the way acrylic markers should be stored.  I found this box to be the very best feature of the set. I swatched the colors on the swatch sheets that came with it (one white and one black) and I wasn't terribly impressed. The pens are ok, but one application didn't cover the black line around the swatch box on the white card, and on the black they were fairly streaky. I realize that paper isn't the best medium for using acrylic markers (canvas paper, glass and metal would be much better) but I expected the paint to have a little better coverage. I do like that they hold a lot of paint, and that each marker has a number that corresponds with the swatch sheet. I also like the window in the marker that shows how much paint is left, and I really like the brush nib as opposed to hard nibs some other markers have.Do I think this set is worth $69.99?  No. I have other acrylic markers that perform as well, although they might not hold as much paint, and don't have the awesome box. But I'm cheap, so you be the judge."
27573,多表面diy/定制群,B0DDXQTYP9,Shuttle Art,US,4,表面/介质表现,负面-在石头上表现差,streaky,"The box that these come in is really nice. It's hard plastic, with each tray coming out separately. You can take out one tray, then put the top on that so you have a handle to carry it, so you don't have to take the entire box with you if you don't want to. It's also compact, so it won't take up much room, and the markers can lay horizontally, which is the way acrylic markers should be stored.  I found this box to be the very best feature of the set. I swatched the colors on the swatch sheets that came with it (one white and one black) and I wasn't terribly impressed. The pens are ok, but one application didn't cover the black line around the swatch box on the white card, and on the black they were fairly streaky. I realize that paper isn't the best medium for using acrylic markers (canvas paper, glass and metal would be much better) but I expected the paint to have a little better coverage. I do like that they hold a lot of paint, and that each marker has a number that corresponds with the swatch sheet. I also like the window in the marker that shows how much paint is left, and I really like the brush nib as opposed to hard nibs some other markers have.Do I think this set is worth $69.99?  No. I have other acrylic markers that perform as well, although they might not hold as much paint, and don't have the awesome box. But I'm cheap, so you be the judge."
27577,多表面diy/定制群,B0DDXQTYP9,Shuttle Art,US,5,色彩饱和度与混合,负面-遮盖力差/透明,watered down,"I recently ordered Shuttle Art Automatic Ink Control Acrylic Paint Markers, 60 Colors Brush Tip Acrylic Paint Pens for Rock Painting, Ceramic, Wood, Canvas, Glass, Stone, Fabric, Card Making, DIY & Art Supplies.  I have around 500 acrylic paint markers in my craft room because I just cannot find a good set that I love until now!  I am so happy I ordered this set!  Not only do they work better than others, they come in a great case so I can see all the colors at one time.How do they work better than others?  They don't require priming.  They have a brush tip which makes it easy to paint thin lines as well as thick lines if you apply more pressure.  You do need to shake them up but that's it!  The paint comes out nice and opaque and not watered down like most of my others.  Especially the light colors.The price is steeper than I normally pay but I wanted a good set of markers so paying a little more wasn't a problem as these are well worth it!I cannot love these markers more!"
27583,纸面手账/装饰书写群,B0DDXQTYP9,Shuttle Art,US,4,绘画表现,负面-涂色不均,streak,"I wasn’t sure what to expect from this set. There are tons of off-brand acrylic marker sets out there and many are priced lower per marker than this one is, but Shuttle Art is a brand known for pretty good quality art supplies at a relatively low price point.With that said, I feel this set is worth the money. It’s well designed, with a multilayered clear plastic carrying case and both white and black swatch cards. The markers come in a beautiful selection of hues and seem to contain a lot of ink, so I hope they will last a long time. I love the quality of the brush tips and the color applies smoothly on the white swatch card, though it’s a little streakier on the black swatch card and needed two coats for full coverage.I really like this set and am happy I ordered it."
27602,多表面diy/定制群,B0DFMRDMNJ,REALZEVA,US,5,色彩饱和度与混合,负面-暗淡/褪色,dull,"As you can see the design I was able to make because these markers are really very smooth and pay off is excellent.<br>All colors are fabulous and none of the color is dull or not working.<br>They have immensely exceeded my expectations and continue to do that.<br>They are quick drying, easy to use on surfaces like canvas, glass and wood.<br>I find them perfect for creating quick DIYs.<br>Highly Recommended!!"
27640,儿童/课堂使用群,B0DFMRDMNJ,REALZEVA,US,5,流畅性,负面-出墨过多/漏墨,bleed through,"I'm obsessed with these. We have used them a lot. A classroom of 27 kids used them to decorate pumpkins and we've used them to color pictures and they're still going strong. They aren't drippy and you don't have to pump them, they arrive ready to use. They don't bleed through and clean up easy, unless you get them on clothes. It will ruin fabric. But that just gives me the idea to try them on clothes to decorate."
27651,填色/大面积上色群,B0DFMRDMNJ,REALZEVA,US,5,流畅性,负面-出墨过多/漏墨,bleed through,"I have several adult coloring books with the bleed through proof pages.  These markers are great for coloring in them.  This set is a smaller color set than I have used before, but there is still plenty of variety and with blending, these colors bring a brightness and a feel of relaxed gratification with the final results."
27653,精细绘画/插画创作群,B0DFMRDMNJ,REALZEVA,US,5,流畅性,负面-出墨过多/漏墨,bleed through,Great durable markers to buy. I would never buy anything else. The color is fantastic. No leaks very easy to use. It doesn’t bleed through the things that I am working on cleans up easily. The color does not fade. I like to fine point for the details they never fail me.
27664,儿童/课堂使用群,B0DFMRDMNJ,REALZEVA,US,5,笔头耐用性,负面-寿命不匹配,dried out,"These are great to draw with. They do bleed through a little,  but not too bad.The colors are a mat finish. They are vibrant and pretty! I love that it has a fine tip and a thick tip on each end.Keep the caps on after you finish with each color. My kids dried out a few already. But other than that, they are really nice and worth the buy, in my opinion."
27664,儿童/课堂使用群,B0DFMRDMNJ,REALZEVA,US,5,流畅性,负面-出墨过多/漏墨,bleed through,"These are great to draw with. They do bleed through a little,  but not too bad.The colors are a mat finish. They are vibrant and pretty! I love that it has a fine tip and a thick tip on each end.Keep the caps on after you finish with each color. My kids dried out a few already. But other than that, they are really nice and worth the buy, in my opinion."
27687,多表面diy/定制群,B0DFMRDMNJ,REALZEVA,US,5,墨水特性,负面-易褪色/不防水,will rub off,I love the opaqueness of the colors on paper.  Really nice vibrant colors.  They are thick and definitely you can tell they are acrylic versus water color pens and I love them.  You do have to allow it to dry for a few seconds or you will smear the ink.  It does adhere to glass and plastic real well but they WILL rub off so if you want it to last any time you need to varnish over your work to protect it and seal it in.  Wonderful color selection.  Will be great on your mixed media projects.  Make sure if you get any other inks or paint on your nib to wipe it off immediately or you will ruin your pen.
27714,多表面diy/定制群,B0DFMRDMNJ,REALZEVA,US,5,笔身与易用性,负面-握持不适,too wide,"I use pens like these all the time in painting my 3D resin prints. They're great for experimenting 'cause you can try out different colors and color combinations on your prints without having to clean your brushes out each time. You can blend colors together easily on your prints and you can get rid of mistakes just by wiping the paint off. Then, once you get the color scheme you like laid out, you can continue using these pens to apply your final paint job or you can transition to brushes and just use what you just did as a guide.These also work well when it comes to actual painting. You can paint straight areas like pipes and panels and walls with no problem. If you use metallic colors, you can make these things look nice and real. If you can't reach into some areas 'cause the tips are too wide,  you can then just use a qtip or traditional brush to push the paint into those areas and spread it around.The black pens come in real handy for weathering and fake shadows. You can selectively paint over some areas to apply that paint and then just wipe those areas off to leave paint only in the recesses to simulate weathering or shadows. These work great for that.Just be aware that there are limitations with using paint pens like this. You can't easily paint large areas 'cause you'll end up leaving visible pen strokes. You can get around this issue to a certain extent just by gently wiping your painted areas down and applying perhaps more coats. But still large areas could prove difficult."
27758,多表面diy/定制群,B0DFW36SBX,ENMY,US,5,性价比,负面-价格昂贵,higher price,"I just received this paint set and will be using in my rock painting and on ceramic tiles for different projects. This paint set came with a color code card to test the colors on but its out of order so I will just do it as I use the paint color (the color code is printed very small on the lid of the pen). Not sure why it's not in order on the card, would make it easier to find the color wanted. The storage case is sturdy and the pens snap in and stay secure. The colors are very nice and It is necessary to give it a good shake before each time you use a pen. The color goes on nicely and these paint pens are a little more liquid than others I have tried and can be blended for this reason. I do like these pens compared to others I have tried and I think the higher price reflects the quality and longevity of these paint pens."
27777,多表面diy/定制群,B0DGSHDF4L,Betem,US,4,笔头耐用性,负面-寿命不匹配,dry out,"I have been collecting a few sets of acrylic marker/paint pents so that I could do some detail work on paintings, models, or artwork and not have to use a brush for some things.<br><br>HOW THIS COMES<br>This comes in a great case.  It has a lot of room in it and is very well laid out.  They are easy to see and use from a chair or table.<br><br>MARKERS<br>The markers themselves are brush on one end and fine point on the other.  There is no window on the side to see the paint level and you do not have to shake them to get them to work.<br><br>COLORS<br>This set has a LOT of colors.  If you do anything like rock painting or other bright colored projects, you will have plenty to choose from.  Some of the colors are similar, but I don't mind because if one runs out or dries up, I can just change to another.<br><br>PERFORMANCE<br>On paper, these are pretty good intensity.  They are not as opaque or thick as some others I have but they still work great for projects that don't need a heavy opaque laydown of paint.  On canvas, they are hit and miss.  Some of the colors are more transparent than others and will need more coats.  The best ones on canvas are the metallics as they cover well and the texture is excellent.  I have included a quick photo I took of some tests I ran showing the metallics up close.  I hope you can see it.<br><br>DRY TIME<br>These dry very quickly.  On paper it is really fast.  On canvas, it takes a little bit of time, but not much before you can put on another layer.<br><br>USE<br>You will need to use these.  Once you get them, use them.  They will most likely dry out pretty quickly and you won't get to have fun with them if you wait too long.  This is the type of art tool you want to enjoy when you get it and not put it away for that project you will probably not get to anyway.<br><br>THE BOTTOM LINE<br>For models, artwork, and even rock paintings, these are decent acrylic marker pens.  The paints are somewhat transparent in some colors, so plan accordingly<br><br>MY RATING<br>FIVE STARS.  For what these are, they are really nice.  I love the case and apprecaite how easy it is to see them, store them, and take them with me when I want to do a project.  I can do it in a chair or at a table.  I just have to remember to push to use them before they dry up at some point so I can enjoy them while they are still working."
27788,儿童/课堂使用群,B0DGSHDF4L,Betem,US,3,颜色种类,负面-色彩单调/反馈,missing colors,"I absolutely love these paint pens to use for paint by number (see my review under smaller set)I originally got the smaller, 48 pen set, but found there were gaps in values of each hue.  So I went for the bigger set which has 24 new colors, hoping I would receive thise missing colors.Nope!  Only ELEVEN of the new 24 are usable: 8 are shiny pearled paints....unusable:5 neon...unusable.NEW USABLE COLORS = FIVE (5)Double the price of original set for FIVE new colors!!  Mad!  Probably sending back.Still only 4 (in total of both, together!) true reds and oranges!Only 2 olive green colors.Really more for children as most colors are on the bright side."
27794,精细绘画/插画创作群,B0DGSHDF4L,Betem,US,5,笔头耐用性,负面-寿命不匹配,dry out,"I am not the artist in the house.  The teen is all about the paint pens, markers, etc.  I grabbed these because if anyone can put them through the paces, it is the resident teen.  And did they ever!  Teen reportsColours are vibrantTips are good, but has used better.  For fine details, used other things. For regular and broad strokes, perfect.Great caseWould like the colour noted on the pen, but not a deal breakerDries fast enoughCan use on many types of medium from thin to thick paper.  Rocks, wood, cardboardLong use.  Didn't dry out after an hour of use.Wide variety of hues.  Loved that part.Loves the 2 tip option, but as mentioned before, the fine tip could be more fine.  But great for this artist's needs.Asked if it is a good starter set or a set for those that have more experience?  Teen said both.  Great to have as part of the artist tool box and the price point is perfect."
27794,精细绘画/插画创作群,B0DGSHDF4L,Betem,US,5,笔身与易用性,负面-材质/做工差,break,"I am not the artist in the house.  The teen is all about the paint pens, markers, etc.  I grabbed these because if anyone can put them through the paces, it is the resident teen.  And did they ever!  Teen reportsColours are vibrantTips are good, but has used better.  For fine details, used other things. For regular and broad strokes, perfect.Great caseWould like the colour noted on the pen, but not a deal breakerDries fast enoughCan use on many types of medium from thin to thick paper.  Rocks, wood, cardboardLong use.  Didn't dry out after an hour of use.Wide variety of hues.  Loved that part.Loves the 2 tip option, but as mentioned before, the fine tip could be more fine.  But great for this artist's needs.Asked if it is a good starter set or a set for those that have more experience?  Teen said both.  Great to have as part of the artist tool box and the price point is perfect."
27794,精细绘画/插画创作群,B0DGSHDF4L,Betem,US,5,特殊用途,负面-非专业级,good starter set,"I am not the artist in the house.  The teen is all about the paint pens, markers, etc.  I grabbed these because if anyone can put them through the paces, it is the resident teen.  And did they ever!  Teen reportsColours are vibrantTips are good, but has used better.  For fine details, used other things. For regular and broad strokes, perfect.Great caseWould like the colour noted on the pen, but not a deal breakerDries fast enoughCan use on many types of medium from thin to thick paper.  Rocks, wood, cardboardLong use.  Didn't dry out after an hour of use.Wide variety of hues.  Loved that part.Loves the 2 tip option, but as mentioned before, the fine tip could be more fine.  But great for this artist's needs.Asked if it is a good starter set or a set for those that have more experience?  Teen said both.  Great to have as part of the artist tool box and the price point is perfect."
27801,填色/大面积上色群,B0DGSHDF4L,Betem,US,5,笔头耐用性,负面-寿命不匹配,dry out,"This set has 72 fabulous vibrant colors! With 72 unique, bright, and vibrant colors to choose from, this complete set of double-ended acrylic markers is colorful enough to meet all of your creative needs. The ink provides excellent coverage and durability, allowing your creations to stand the test of time. Its super important to ensure the cap is closed after each use so as not to compromise the integrity of each marker.The dual tip design, including a 1-5mm brush tip and a 0.5-1mm fine tip, is brilliant! The brush tip is perfect for drawing and coloring large areas. The fine nib is perfect for outlining fine line work, and you can create different strokes by changing the pressure of the brush, bringing more convenience to your creation.They dry quickly although do not dry out as long as the cap is on firmly. They are super functional. The thickness is perfection. I could write a review that's 3 times as long although for the sake of brevity, I'll say if you're interested in these, buy them! You won't be disappointed."
27827,多表面diy/定制群,B0DGSHDF4L,Betem,US,5,笔头耐用性,负面-寿命不匹配,dried out,"Works very well on rocks and glass. All of them worked and were not dried out. Comes in a carrying case where you can just pick it up and go. You get a dual tip design that meets all your crafty needs. It works on so many things so you will only need to purchase these. We used these for a rock craft group and everyone raved about them. If you’re looking for something that works for your crafty needs, these fit all of them. The picture and description is spot on for what you get."
27832,多表面diy/定制群,B0DGSHDF4L,Betem,US,5,墨水特性,负面-气味难闻,toxic smell,This is perfect for anyone who loves art and wants options for all kinds of crafts and projects. There is no toxic smell and I like how they are all organized in a case which makes clean up super easy. They work on many surfaces and did well on a wood project we were working on.
27833,多表面diy/定制群,B0DGSHDF4L,Betem,US,4,色彩饱和度与混合,负面-暗淡/褪色,dull,"I think these pens are fabulous. But when it comes to basic colors such as green and red you do not get the typical green and red that you might find at Christmas time. So I think some of these colors could have been a little bit more bright and intense .<br><br>Outside of silver there are seven metallic pens in this kit.<br><br>I just started painting a rock to be a strawberry and I think in the photo it might look a little bit brighter red than it is in person. In person it's more a duller red. See the third photo of the red and there are no other variations of red in this kit. And the darkest green is not even a deep forest green.<br><br>See the second photo of all of the green, nothing deep like Forest or Christmas green.<br><br>I was hoping also for a bright pink like for a flamingo or a pig and none of the pinks are hot or bright.<br><br>So I will keep this set for its performance and wide array of lovely colors but I will also purchase a different brand to try to get more of the other colors that I really need."
27868,纸面手账/装饰书写群,B0DHVWN11X,JusArt,US,3,教育与启发,负面-有学习门槛,learning curve,"I got these markers in hopes I’d be able to sign gift cards in glittery pretty colors. My trial of these pens produced lines so fine that the resulting words weren’t as vibrant as I wanted. It may take more practice to achieve the look I desire, however, I ordered these pens specifically thinking there’d be no learning curve to use as I intended to share with my young niece."
27870,纸面手账/装饰书写群,B0DHVWN11X,JusArt,US,5,色彩饱和度与混合,负面-暗淡/褪色,dull,"Who knew your next masterpiece (or attempt at one) was just a pen shake away? These 16 shimmering colors are here to take your arts and crafts game from “meh” to “wowza!” Whether you’re jazzing up rocks, paper, or random objects around the house, these glitter paint pens will have you channeling your inner glitter god or goddess.From bold blues to radiant reds, these markers scream, “Look at me!” Perfect for crafting, drawing, or doodling on your coffee cup while pretending to take notes in meetings. Each marker’s ink is opaque, metallic, and glittery enough to blind any dullness in your life.With a 0.7mm fine tip, these markers deliver lines so crisp, you’ll wonder if you’ve secretly become an art prodigy. Whether you’re sketching elegant greeting cards or just aggressively doodling glitter mustaches on magazine photos, the ink flows as smoothly as your best pick-up line (or at least smoother).These markers are non-toxic and odorless, so go ahead and let the kids join in—though we can’t promise they won’t cover the walls in glittery doodles (hey, it’s called modern art). The ink is designed to sparkle forever—or at least until your cat decides to knock your project off the table.Don’t panic when nothing happens at first—these markers aren’t broken, just shy. Give them a good shake, press the tip, and voila! Glittery magic. (Pro tip: read the instructions on the box—yes, that box you already threw away.) Once the mystery is solved, you’ll love how easy these are to use.These bad boys write on glass, wood, stone, fabric, paper, and probably that one surface you swore couldn’t be decorated. Turn anything into your personal glittery canvas! Tired of boring notebooks? Done. Want to bedazzle your favorite mug? Go for it. Need to leave passive-aggressive notes on your roommate’s leftovers? Glitter makes it classy.Love the colors, love the glitter, and I’ve left sparkly reminders of my genius on every surface I own."
27874,儿童/课堂使用群,B0DHVWN11X,JusArt,US,5,性价比,负面-价格昂贵,expensive,"I've requested a few marker sets via the Vine program, and this is one of the best. These are more expensive than the usual markers, but the glitter means these aren't just the usual markers. The colors go down so vibrantly and really well, with this acrylic-based ink.One thing you may need to show young children is that there's no need to press down while writing, otherwise the ink will start pouring out all over. At first you might need to lay down a protective plastic sheet."
27876,多表面diy/定制群,B0DHVWN11X,JusArt,US,3,色彩饱和度与混合,负面-遮盖力差/透明,runny,"The ink in these markers is very thin and liquidy. When combined with the hard plastic fiber tips, the ink comes out in an inconsistent and difficult to control way. The liquid tends to pool in areas while leaving streaks. They work better on porous surfaces, which absorb the runny paint. The colors are vibrant with reflective, shimmery glitter, and are indeed waterproof. My daughter and I love to do painted rocks, but these did not perform very well. She had a better experience when using them on her thick crafting paper. These could have been much better with thicker consistency ink or maybe softer writing tips."
27876,多表面diy/定制群,B0DHVWN11X,JusArt,US,3,流畅性,负面-漆感差/稀薄/起泡,runny paint,"The ink in these markers is very thin and liquidy. When combined with the hard plastic fiber tips, the ink comes out in an inconsistent and difficult to control way. The liquid tends to pool in areas while leaving streaks. They work better on porous surfaces, which absorb the runny paint. The colors are vibrant with reflective, shimmery glitter, and are indeed waterproof. My daughter and I love to do painted rocks, but these did not perform very well. She had a better experience when using them on her thick crafting paper. These could have been much better with thicker consistency ink or maybe softer writing tips."
27876,多表面diy/定制群,B0DHVWN11X,JusArt,US,3,绘画表现,负面-涂色不均,streak,"The ink in these markers is very thin and liquidy. When combined with the hard plastic fiber tips, the ink comes out in an inconsistent and difficult to control way. The liquid tends to pool in areas while leaving streaks. They work better on porous surfaces, which absorb the runny paint. The colors are vibrant with reflective, shimmery glitter, and are indeed waterproof. My daughter and I love to do painted rocks, but these did not perform very well. She had a better experience when using them on her thick crafting paper. These could have been much better with thicker consistency ink or maybe softer writing tips."
27881,儿童/课堂使用群,B0DHVWN11X,JusArt,US,5,流畅性,负面-出墨过多/漏墨,splatter,"This is a nice set of glitter markers. I got them for my kids but I've enjoyed using them to make cards for friends's birthdays. You do have to shake the pens quite a bit to get the ink to flow to the bottom. And if you do it without the lid on (so you can watch the ink flow down) it may splatter on you! So that's the trickiest thing. You want to see the tip to see if it has ink on it, but then shaking it splatters the ink. But once it's down on the tip, the ink and colors are really nice. Fun pens for crafty/artistic people. We do lots of crafts so we're loving them."
27893,填色/大面积上色群,B0DHVWN11X,JusArt,US,3,流畅性,负面-出墨过多/漏墨,too much ink,"I bought these specifically to use in my adult coloring books, and as of right now I'm not sure if I'll keep them or return them. The colors are vivid and beautiful, with a lot of sparkly glitter in them. The problem is that there is no output regulation for the ink. When you prime these to initially release the ink, make sure you do it on a scrap piece of paper. Most of my pens released a large pool of ink, so it would definitely ruin any artwork under it. All of my pens didn't do this, though... just most. Even after priming, most of my pens still release way too much ink at once, without any way to control it. There is no way I would try these on my intricate coloring pages. I bought some other glitter pens to see if I like them better. If so, I will return these."
27902,多表面diy/定制群,B0DK3CVMSJ,Ohuhu,US,5,性价比,负面-价格昂贵,expensive,"This 24-piece acrylic paint pen kit is a blast--and at a little over $1 a pen, it gives you a lot of entertainment hours for your buck!The set comes in a beautifully decorated hardcover case, with the name ""Ohuhu"" (leaf in the 'O'), and drawings of leaves, flowers, stars, cactus, a cute gecko, peaceful dove, and other geometrics, designed to inspire, printed on the front in white. The back has Ohuhu's motto, ""Draw. Feel. Empower."" and a bunch of legal data printed on it. The zipper on the case moves very smoothly, and each pen has its own velcro loop to hold it secure in travel. This would make a perfect Plein Air sketch set, so light and easy to use.Inside, there is a multilingual instruction booklet and 3 swatch cards. 1 swatch card is filled out and has a white background, and there are also two blanks: one white and one black. I encourage you to fill both of these out, first, to prime your pens and get them ready to do an art, and second, so you can notice how the different background colors affect the perceived color of the pens. Even though you are using the exact same color on both cards, the final outcome looks VERY different. After that, you're ready to go!The colors of the paint are opaque, provided you let the bottom colors dry before adding more on top. This takes maybe a minute. You can also blend the colors just a bit by working two colors together quickly, but be careful that you don't foul and muddy your pen tips.Protip: if you've treated your item with gesso (highly recommended), you can blend, work, and even dilute the colors with a damp brush and a little water, allowing you to create watercolor-like effects or blend and smooth sharp lines. The gesso protects your item from the water and smooths the surface in order to accept the paint more readily. It's fairly cheap and available here on Amazon. Think of it as primer, except for art!These pens may not be as versatile as a full acrylic paint set, but neither are they as expensive or as messy. For a more advanced artist, these pens make a great color sketch set so you can get ideas down in the books quickly and conveniently, then you can use your full acrylic or oil paint set to make a full final copy. These paints are great for casual artists or smaller multimedia art projects such as rock painting or just adding a few quick touches to a knitting or sewing project. Not everybody wants or needs to bother with a full paint kit. These pens are also great for card-making and stencils. I'm sure there's a ton of other uses I've forgotten, or don't have the wit to imagine. 10/10, versatile, affordable, and FUN."
27914,多表面diy/定制群,B0DK3CVMSJ,Ohuhu,US,5,教育与启发,负面-有学习门槛,learning curve,"This is a review for ""Ohuhu Acrylic Paint Markers Direct Liquid: 24 Colors Flexible Brush Tip Acrylic Markers High Opacity Paint Pens Waterproof Lightfast for Rock Painting Easter Eggs Wood Glass Ceramic Canvas - Nahuku""I really dig on these new style acrylic paint pens. These pens have a much better opacity than the older style and the brush gives good feedback. You are also able to get a pretty fine line with the brush tip, if you have a steady hand.The caps stack on the end and the pen feels a lot like a normal sized pen in your hand. There is virtually no learning curve. Do note though, these paint colors do not blend as well as regular acrylic craft paint. For blends, you will want to stick with your traditional craft paint."
27921,填色/大面积上色群,B0DK3CVMSJ,Ohuhu,US,5,流畅性,负面-出墨过多/漏墨,bleed through,"I was so excited to receive this set of Ohuhu acrylic markers because I already use their alcohol markers and love them so much! And these markers did not disappoint! They were thick and juicy right out of the container. No priming necessary. I love the swish swish swish sound of the paint on the paper as you color. I love the opaqueness and brightness of the hues! Acrylic markers are actually better for coloring books than alcohol markers because they don’t bleed through! The other thing I like about these markers is how they feel on my hands. They are the perfect size and they feel very comfortable.This is important when you’re spending time coloring because you want your hands to be comfortable. In short, I love everything about these. Ohuhu acrylic markers!Monster image credit: Friendly Monsters Coloring Book for Kids Ages 4-8, by Brian Adams (available on Amazon)."
27926,儿童/课堂使用群,B0DK3CVMSJ,Ohuhu,US,5,笔头耐用性,负面-寿命不匹配,dry out,"I’m not an artist, but we keep some art supplies around for my daughter’s school projects. We tried these out on a coloring page and were pleased with the results. Colors are vibrant and they require no pressure to the paper so it almost feels like painting. These will definitely get use in our house. I also tried these out on an aluminum plant tag. We ordered these tags by mistake as we usually get ones that you can easily etch writing into. I let it dry and then left it out in a torrential downpour for three days and even when I rubbed it with a dry paper towel, it was mostly intact. Sharpies do not hold up at all on these metal tags, so now we have a way to use these tags up. Overall, these seem to be quality markers and when these are eventually used up or dry out, we will likely replace them and keep a set around."
27940,填色/大面积上色群,B0DK9RK89H,Sharpie,US,5,流畅性,负面-出墨过多/漏墨,bleed through,"Love the Sharpie brand so when I saw these markers I knew I needed to grab them. The colors are very vivid but true to the natural colors they're after. I did see it on the otherside of the paper but only if I held it accidently too long did I notice any bleed. For basic paper though, like lined notebook paper, it'll bleed through easier, but it still tries not to, but printer paper, coloring books, sketch and mixed media books it is only when I held too long."
27941,多表面diy/定制群,B0DK9RK89H,Sharpie,US,5,流畅性,负面-出墨过多/漏墨,bleed through,"I wasn't quite sure what to expect with these markers, but they're actually really awesome. I think they're like a cross between a marker and paint. They are super smooth and easy to write with and despite the fact that they're really bold, they don't bleed through paper, which is a huge plus.It's also so cool that you can use them on rocks, canvas, glass, wood, and more.I highly recommend these!"
27942,多表面diy/定制群,B0DK9RK89H,Sharpie,US,3,色彩饱和度与混合,负面-遮盖力差/透明,streaky,"Not quite right for most of my crafts.These are paint markers. Acrylic paint. Dries quick with a very matte finish.I thought they were pretty smooth on paper, with decent coverage. but on other surfaces I tried, they were streaky.The colors are ""earthy"" and they all complement each other. That's great for coloring and doodling, easy to make a cohesive piece.The marker tips are thick and round, so not great for detail work.The colors are pigmented and stain many materials. This is what they're meant for! but watch out for the behavior - for instance, I used them with a stencil and they also marked permanently on the plastic stencil."
27942,多表面diy/定制群,B0DK9RK89H,Sharpie,US,3,绘画表现,负面-涂色不均,streak | streaky,"Not quite right for most of my crafts.These are paint markers. Acrylic paint. Dries quick with a very matte finish.I thought they were pretty smooth on paper, with decent coverage. but on other surfaces I tried, they were streaky.The colors are ""earthy"" and they all complement each other. That's great for coloring and doodling, easy to make a cohesive piece.The marker tips are thick and round, so not great for detail work.The colors are pigmented and stain many materials. This is what they're meant for! but watch out for the behavior - for instance, I used them with a stencil and they also marked permanently on the plastic stencil."
27942,多表面diy/定制群,B0DK9RK89H,Sharpie,US,3,表面/介质表现,负面-在石头上表现差,streaky,"Not quite right for most of my crafts.These are paint markers. Acrylic paint. Dries quick with a very matte finish.I thought they were pretty smooth on paper, with decent coverage. but on other surfaces I tried, they were streaky.The colors are ""earthy"" and they all complement each other. That's great for coloring and doodling, easy to make a cohesive piece.The marker tips are thick and round, so not great for detail work.The colors are pigmented and stain many materials. This is what they're meant for! but watch out for the behavior - for instance, I used them with a stencil and they also marked permanently on the plastic stencil."
27947,精细绘画/插画创作群,B0DK9RK89H,Sharpie,US,5,流畅性,负面-出墨过多/漏墨,bleed through,"This is a review for ""SHARPIE Creative Markers, Earth Tones, Water-Based Acrylic Markers, Bullet Tip, Assorted Colors, 12 Count, Everything The Light Touches Is Your Canvas, In celebration of Disney’s Mufasa: The Lion King""This set is a compliment to the vibrant set of pens Sharpie released in this new series of paint pens.  I don't know how this magic works, but these pens do not bleed through paper, yet they very much behave like acrylic paint once they are dry.The pens do not blend very well with each other, so these would be good for projects where you were not trying to create a gradient effect.All of the pen bodies are very well made, the caps are easy to get on/off and the caps to stack or post on the end of the pen.In my opinion, if you could only afford one set of these pens, I would go for the ""vibrant"" set as this set of earth tones does not give you a rainbow of colors (unless you want an earth-toned rainbow.) There is also no black or white in this set.  This set is a terrific compliment to the vibrant set and the two sets combined, give you a ton of flexibility in creating and coloring.I would describe the tip as a large bullet. These will not be your best option for super small detailed drawing or coloring. They will work wonderfully for larger areas.Three blues, two greens, two purples, one brown, three oranges and a yellow is your pallet."
27949,多表面diy/定制群,B0DK9RK89H,Sharpie,US,5,流畅性,负面-出墨过多/漏墨,bleed through,"This is a great set of acrylic markers. Colors are vivid; I've tried them on glass, paper and wood. It literally doesn't bleed through paper.I got the earth tone set and it did not come with white or black markers. I will be buying more set to acquire those two colors."
27950,纸面手账/装饰书写群,B0DK9RK89H,Sharpie,US,5,流畅性,负面-出墨过多/漏墨,bleed through,These are my favorite markers so far. The set includes beautiful pastel colors. The ink on these is so smooth and fast drying. They do not smudge or bleed through. I love using them to draw and to journal. They are thick but easy to grasp and hold. This is a great value set for the amount of markers and variety in colors.
27955,多表面diy/定制群,B0DK9RK89H,Sharpie,US,4,流畅性,负面-出墨过多/漏墨,bleed through,"I got these markers for writing on rocks mainly and they are good for that. I tried them on light and dark paper also to see how they would ""pop"" and they show up pretty well on both light and dark. A couple papers that I used them on, like post it notes, some didn't show up as well. They did not bleed through the paper. I'm not sure what about these colors makes them earth tones, but I like the set. It says on them to store horizontally for the best results."
27970,精细绘画/插画创作群,B0DK9RK89H,Sharpie,US,5,特殊用途,负面-非专业级,young artists,"I got these SHARPIE Creative Markers in Earth Tones for my kid, who’s in drawing classes. The colors are vibrant and suitable for a variety of projects. The markers are smooth to use, with a bullet tip that offers control for both fine details and bold lines. They work well on different surfaces like paper and canvas. A solid choice for young artists."
27989,儿童/课堂使用群,B0DKFQ1G23,Recheel,US,5,流畅性,负面-出墨过多/漏墨,bleed through,"The media could not be loaded. I like these markers. The colors are accurate and drawing with them is like flowing velvet.I was expecting staggering colors and partially gummed paint to be honest, but these did very well. You don't have to sit and incessantly shake each marker for what seems like an eternity while feeling the grey hairs grow in. The colors flow well, thick enough for a first swipe to be impressive, and the bleed through on 60lb paper was almost non-existent. I liked them so much, I brought them to school for the students. Think I may get another set or 3 to go around."
27995,精细绘画/插画创作群,B0DKFQ1G23,Recheel,US,5,特殊用途,负面-非专业级,good for beginners,"So we got a 3d printer for a Holiday. And everything comes out in the string color you put it. (Obviously) so I purchased these to I could see about adding some details. It works pretty good for beginners. My 1st try.I tried 3 times to post a Pic but I'm not sure what I'm doing wrong, but it don't go.They seem to work more like paint than marker. It says water based, so I thought it would be really think marker like what you use in 4th grade, but they look half decent. Probably would look even better if someone who had a steady hand was giving a go at it.All in all, I'm not mad at it. It works pretty good. Would buy again."
27996,纸面手账/装饰书写群,B0DKFQ1G23,Recheel,US,5,流畅性,负面-出墨过多/漏墨,bleed through,"I love these markers! The brush tip is my favorite for coloring large areas and for calligraphy. The smaller side is great for details. They come in a wide range of rich colors (I got the set of 48). It only takes one coat to get solid coverage. I have used them on various types of paper and the color doesn’t bleed through to the other side. I also used them on a ceramic piece that had chipped. I was able to match the color by mixing a few different colors, so the chip is hardly visible now. I haven’t had any trouble with the markers drying out or leaking."
28003,儿童/课堂使用群,B0DKFQ1G23,Recheel,US,5,笔头耐用性,负面-寿命不匹配,dry out,"These markers are the best! They have two sides on each end, one with a broad stroke that covers a large surface area and one with a fine point tip for precision coloring. The broad tip is able to cover so much surface area so quickly, with a great feel that is much different from traditional non-acrylic markers. The colors are vibrant and there is a great variety! There is a color chart on the back of the box that helps you find the colors you want easily by the cap numbers which are present on both sides. My kids use them all the time, these are their favorite markers. They don’t dry out easily, in fact we lost one of the caps and the color still works, after about 2 weeks without it! The lost color of the cap that was lost is not as prominent as the other colors that have a cap but it is definitely still useful. They wash away with soap and water and they hold their colors extremely well on multiple types of paper. Love them."
28007,儿童/课堂使用群,B0DKFQ1G23,Recheel,US,2,笔身与易用性,负面-材质/做工差,flimsy,"I specifically chose this 72-count set because I am looking for a colors that span the spectrum. This set has numerous colors that are so close they are practically the same, while also completely omitting basic colors. There is not a ""true green"" in this set. Several teals, two limey greens and a very light mint green, but no basic green. There is an excessive amount of browns- yellow browns, red browns, bronzes, etc.Also, almost all colors have a pearlized, metallic sheen. First, this set was not advertised as metallic. I already have several and was specifically looking for a matte set. Secondly, not ALL the colors are metallic. In general, wouldn't use metallic and not metallic markers together on the same project, so after separating them by finish, I now have two smaller sets of markers with huge gaps in colors. I am not at all pleased. This set was a complete waste of money.As far as the quality of the markers go, they're fine. They all write well. This set should be aimed at small children or people who do not care about color selection.Lastly, the packaging is super flimsy. The marker caps get caught on the paperboard sheets separating the rows, so you have to wrestle the markers out. Also, the carton bows, so the markers bunch together and fall to the bottom of the carton. It's not fun to try to dig them out. I will need to provide my own reusable storage. Would not recommend!!"
28007,儿童/课堂使用群,B0DKFQ1G23,Recheel,US,2,性价比,负面-价格昂贵,waste of money | complete waste of money,"I specifically chose this 72-count set because I am looking for a colors that span the spectrum. This set has numerous colors that are so close they are practically the same, while also completely omitting basic colors. There is not a ""true green"" in this set. Several teals, two limey greens and a very light mint green, but no basic green. There is an excessive amount of browns- yellow browns, red browns, bronzes, etc.Also, almost all colors have a pearlized, metallic sheen. First, this set was not advertised as metallic. I already have several and was specifically looking for a matte set. Secondly, not ALL the colors are metallic. In general, wouldn't use metallic and not metallic markers together on the same project, so after separating them by finish, I now have two smaller sets of markers with huge gaps in colors. I am not at all pleased. This set was a complete waste of money.As far as the quality of the markers go, they're fine. They all write well. This set should be aimed at small children or people who do not care about color selection.Lastly, the packaging is super flimsy. The marker caps get caught on the paperboard sheets separating the rows, so you have to wrestle the markers out. Also, the carton bows, so the markers bunch together and fall to the bottom of the carton. It's not fun to try to dig them out. I will need to provide my own reusable storage. Would not recommend!!"
28010,填色/大面积上色群,B0DKFQ1G23,Recheel,US,4,流畅性,负面-出墨过多/漏墨,bleed through,"A nice collection of 48 dual tip acrylic markers that are perfect for your everyday arts and crafts or even the professional. The tips are either a brush style tip or a fine point and with the collection you will receive a small pack of spare tips for both styles. I am not sure how you might replace them as I have not had to do so, but it seems you would simply pull out the old one and place in the new one small end first.One issue I have with these markers is they are not ""named"" by color. While the caps will indicate the expected color they will lay down, none have a name other than the number on the caps. There is a color card that comes with the pack and you can color in the box for each corresponding pen to know what to expect. It's not a big issue, but for some reason I like names with the colors.The colors lay down cleanly and I have not experienced any bleed/bleed through from these pens which is really nice. The color selection is decent with about an equal mix of darker shades/tones vs lighter ones. I typically prefer to have it skew to the lighter side of the spectrum but these are fine.The brush tip allows you to really vary your lines from as fine as you can make one to a good solid line while the fine tip is just that. I enjoy coloring and creating mandalas, and these work quite well for that purpose. Especially when coloring some of the more intricate designs. Having the fine point allows me to get in the super fine details while not ruining the piece with bleeding/bleed through.The pricing on these is perfect at $15.98 for 48 markers. That really is a good price with what you are getting. These are perfect for the budding artist in your home or for everyday use in projects."
28016,纸面手账/装饰书写群,B0DKFQ1G23,Recheel,US,2,绘画表现,负面-涂色不均,streak | streaking,"Well, there's alot to be said about this pack of markers. Price point, awesome. Color selection? Here's where we start the issues. If all of the colors were what they say they were I would be pleased with that. However around half of the markers are not at all what the packaging says they should look like. Most aren't even close. Like peach is more like a fuchsia, and dark brown is dark grey. And pink is a scarlet. Some are close enough to what the color would realistically be that it gets a pass. Color payoff is pretty good. Some of the lighter colors show up more marker vibe than acrylic paint vibe. And have some streaking when filling in a larger space. White doesn't show up on cardstock at all. Haven't tried it on black. I did contact the company per instructions in the box for quality assurance. They have not responded yet. The last issue i have is with the packaging. I wish it had one of the plastic molds in there that way you could lay them all out and keep them neat and slide it back in when your finished. But it was only like $9. So, maybe that's too much to ask. But super tips are like 4 dollars and they have them. I'll update with pictures tomorrow showing color on packaging versus marker color irl."
28016,纸面手账/装饰书写群,B0DKFQ1G23,Recheel,US,2,表面/介质表现,负面-在深色纸张上显色效果差,doesn't show up,"Well, there's alot to be said about this pack of markers. Price point, awesome. Color selection? Here's where we start the issues. If all of the colors were what they say they were I would be pleased with that. However around half of the markers are not at all what the packaging says they should look like. Most aren't even close. Like peach is more like a fuchsia, and dark brown is dark grey. And pink is a scarlet. Some are close enough to what the color would realistically be that it gets a pass. Color payoff is pretty good. Some of the lighter colors show up more marker vibe than acrylic paint vibe. And have some streaking when filling in a larger space. White doesn't show up on cardstock at all. Haven't tried it on black. I did contact the company per instructions in the box for quality assurance. They have not responded yet. The last issue i have is with the packaging. I wish it had one of the plastic molds in there that way you could lay them all out and keep them neat and slide it back in when your finished. But it was only like $9. So, maybe that's too much to ask. But super tips are like 4 dollars and they have them. I'll update with pictures tomorrow showing color on packaging versus marker color irl."
28029,精细绘画/插画创作群,B0DL9ZPMLX,Recheel,US,5,特殊用途,负面-非专业级,good for beginners,"So we got a 3d printer for a Holiday. And everything comes out in the string color you put it. (Obviously) so I purchased these to I could see about adding some details. It works pretty good for beginners. My 1st try.I tried 3 times to post a Pic but I'm not sure what I'm doing wrong, but it don't go.They seem to work more like paint than marker. It says water based, so I thought it would be really think marker like what you use in 4th grade, but they look half decent. Probably would look even better if someone who had a steady hand was giving a go at it.All in all, I'm not mad at it. It works pretty good. Would buy again."
28030,纸面手账/装饰书写群,B0DL9ZPMLX,Recheel,US,5,流畅性,负面-出墨过多/漏墨,bleed through,"I love these markers! The brush tip is my favorite for coloring large areas and for calligraphy. The smaller side is great for details. They come in a wide range of rich colors (I got the set of 48). It only takes one coat to get solid coverage. I have used them on various types of paper and the color doesn’t bleed through to the other side. I also used them on a ceramic piece that had chipped. I was able to match the color by mixing a few different colors, so the chip is hardly visible now. I haven’t had any trouble with the markers drying out or leaking."
28040,儿童/课堂使用群,B0DL9ZPMLX,Recheel,US,5,笔头耐用性,负面-寿命不匹配,dry out,"These markers are the best! They have two sides on each end, one with a broad stroke that covers a large surface area and one with a fine point tip for precision coloring. The broad tip is able to cover so much surface area so quickly, with a great feel that is much different from traditional non-acrylic markers. The colors are vibrant and there is a great variety! There is a color chart on the back of the box that helps you find the colors you want easily by the cap numbers which are present on both sides. My kids use them all the time, these are their favorite markers. They don’t dry out easily, in fact we lost one of the caps and the color still works, after about 2 weeks without it! The lost color of the cap that was lost is not as prominent as the other colors that have a cap but it is definitely still useful. They wash away with soap and water and they hold their colors extremely well on multiple types of paper. Love them."
28048,儿童/课堂使用群,B0DL9ZPMLX,Recheel,US,5,流畅性,负面-出墨过多/漏墨,bleed through,"The media could not be loaded. I like these markers. The colors are accurate and drawing with them is like flowing velvet.I was expecting staggering colors and partially gummed paint to be honest, but these did very well. You don't have to sit and incessantly shake each marker for what seems like an eternity while feeling the grey hairs grow in. The colors flow well, thick enough for a first swipe to be impressive, and the bleed through on 60lb paper was almost non-existent. I liked them so much, I brought them to school for the students. Think I may get another set or 3 to go around."
28057,儿童/课堂使用群,B0DL9ZPMLX,Recheel,US,2,笔身与易用性,负面-材质/做工差,flimsy,"I specifically chose this 72-count set because I am looking for a colors that span the spectrum. This set has numerous colors that are so close they are practically the same, while also completely omitting basic colors. There is not a ""true green"" in this set. Several teals, two limey greens and a very light mint green, but no basic green. There is an excessive amount of browns- yellow browns, red browns, bronzes, etc.Also, almost all colors have a pearlized, metallic sheen. First, this set was not advertised as metallic. I already have several and was specifically looking for a matte set. Secondly, not ALL the colors are metallic. In general, wouldn't use metallic and not metallic markers together on the same project, so after separating them by finish, I now have two smaller sets of markers with huge gaps in colors. I am not at all pleased. This set was a complete waste of money.As far as the quality of the markers go, they're fine. They all write well. This set should be aimed at small children or people who do not care about color selection.Lastly, the packaging is super flimsy. The marker caps get caught on the paperboard sheets separating the rows, so you have to wrestle the markers out. Also, the carton bows, so the markers bunch together and fall to the bottom of the carton. It's not fun to try to dig them out. I will need to provide my own reusable storage. Would not recommend!!"
28057,儿童/课堂使用群,B0DL9ZPMLX,Recheel,US,2,性价比,负面-价格昂贵,waste of money | complete waste of money,"I specifically chose this 72-count set because I am looking for a colors that span the spectrum. This set has numerous colors that are so close they are practically the same, while also completely omitting basic colors. There is not a ""true green"" in this set. Several teals, two limey greens and a very light mint green, but no basic green. There is an excessive amount of browns- yellow browns, red browns, bronzes, etc.Also, almost all colors have a pearlized, metallic sheen. First, this set was not advertised as metallic. I already have several and was specifically looking for a matte set. Secondly, not ALL the colors are metallic. In general, wouldn't use metallic and not metallic markers together on the same project, so after separating them by finish, I now have two smaller sets of markers with huge gaps in colors. I am not at all pleased. This set was a complete waste of money.As far as the quality of the markers go, they're fine. They all write well. This set should be aimed at small children or people who do not care about color selection.Lastly, the packaging is super flimsy. The marker caps get caught on the paperboard sheets separating the rows, so you have to wrestle the markers out. Also, the carton bows, so the markers bunch together and fall to the bottom of the carton. It's not fun to try to dig them out. I will need to provide my own reusable storage. Would not recommend!!"
28064,儿童/课堂使用群,B0DLD1SHP9,Sharpie,US,5,流畅性,负面-出墨过多/漏墨,bleed through,"Then this is the answer! They color so beautifully - the ink flows smoothly (not too much and not too little) and lasts a long time!  They don’t smell and don’t bleed through the paper! I couldn’t believe it.  My kids loved them so much they colored with them for hours and are FINALLY leaving my permanent markers alone! 😃 Plus, I have some really nice pictures because of them.  I will be giving this for a gift for kids and adults. They are so fun and easy to use because it is water based and washes off easily from skin and other surfaces."
28064,儿童/课堂使用群,B0DLD1SHP9,Sharpie,US,5,墨水特性,负面-易褪色/不防水,washes off easily,"Then this is the answer! They color so beautifully - the ink flows smoothly (not too much and not too little) and lasts a long time!  They don’t smell and don’t bleed through the paper! I couldn’t believe it.  My kids loved them so much they colored with them for hours and are FINALLY leaving my permanent markers alone! 😃 Plus, I have some really nice pictures because of them.  I will be giving this for a gift for kids and adults. They are so fun and easy to use because it is water based and washes off easily from skin and other surfaces."
28073,儿童/课堂使用群,B0DLD1SHP9,Sharpie,US,5,流畅性,负面-出墨过多/漏墨,bleed through,"These pens are similar to other markers, but the acrylic goes on smoothly and dries fairly quickly (not quite as fast as other markers).  The coverage is much better than regular markers and you can fill a lot of space without having to go over areas repeatedly.  It also does not bleed through paper, even lightweight paper.
It may be just a bit messier than some markers because it takes a bit longer to dry, but it cleans up easily with soap and water.
It also goes on pretty much any surface.
I liked that they have both broad and fine tip markers in the set.
The selection of colors is good, but could have used a few more colors like a brighter green and blue.
One other difference with standard markers is the ability to color over things that you have already colored.
I used these with the kids and they loved it.  The exceptional  coverage really makes a difference. Definitely a winner!"
28086,纸面手账/装饰书写群,B0DLD1SHP9,Sharpie,US,5,流畅性,负面-出墨过多/漏墨,bleed through,"Sharpie has yet again created a fantastic product for artists. These acrylic paint markers are ready to use out of the box. There is no shaking the pens or pumping the nibs, which is great. The coverage is even, and the paint flows smoothly from both pen types: bullet and brush tip. Dark colors cover in one coat, while using multiple coats with lighter colors may be necessary to get complete coverage.  The nibs are fairly broad, affecting how detailed you can draw with the markers.  The brush tips give the artist fine control of paint placement.  The color selection is acceptable, covering the primary and secondary colors, plus a few more.  This set emphasizes quality more than the selection of pen colors.  I used cardstock paper to test the markers.  As promised, the markers did not bleed through the cardstock.  It is important to remember to store these markers horizontally.  The cardboard box provided is durable and a good place to keep your markers.  This set is priced competitively with the other top brands of acrylic markers."
28093,儿童/课堂使用群,B0DLD1SHP9,Sharpie,US,5,流畅性,负面-出墨过多/漏墨,bleed through,"I bought these markers to create anchor charts for my classroom, and I couldn't be happier! The color variety is fantastic, with enough colors to make my charts pop. They’re super easy to use, and the best part? They don’t bleed through to the paper underneath! This product is a win for teachers."
28094,多表面diy/定制群,B0DLD1SHP9,Sharpie,US,4,流畅性,负面-出墨过多/漏墨,leaked,"Sharpie is a trustable brand, so I didn't hesitate to order these acrylic markers.  For me, acrylic markers are the perfect supply for rock painting and with a young granddaughter, we do a lot of that around here.

PRO's:
-good coverage and flow
-a nice variety of colors
-includes two different tip ends for your needs

CON's:
-they don't have to be primed, that seems strange to me and I question longevity as well as settling of paint.
-there is only ONE white (bullet tip) my favorite and most used color.  There should be a white in both size tips
-my red had already leaked prior to opening the box
-cost is much higher than comparable sets.

All in all, a 4 star product for me but I will look elsewhere in the future due to high price and non-priming nature."
28124,纸面手账/装饰书写群,B0DLKVD4TW,nauets,US,5,色彩饱和度与混合,负面-暗淡/褪色,pale,"I can't comment on the durability or longevity of these markers because I've had these less than a day, but if you are looking for a versitle acrylic dot marker, this one does covers everything you need, and comes with a hidden benifit that you might not been aware of. With a selection of 30 markers, there is a decent color palette, although this still might be limiting for some. Where they excel is in versitility. With 2 distinct nibs you obviously get a lot of variation. The dot side does everything you'd expect, producing variable sized dots and lines that range from around 2-5mm. The fine tip creates 1-2mm lines of matching color, and in addition can also be for variable line thickness (1-4mm) by adding a bit of pressure. With all that they do, these markers seem to be work horses. I'm looking forward to some lettering projects with them."
28135,多表面diy/定制群,B0DLKVD4TW,nauets,US,3,墨水特性,负面-易褪色/不防水,not permanent,"I bought these specifically to use on glass.  Prepared surface before use.  Had the entire project done and realized that they are NOT permanent on glass.  I also noted that the 30 count does not have a dark green.<br>With that being said, they have a great assortment of colors and I was impressed with the duel tip.  Coverage was good."
28135,多表面diy/定制群,B0DLKVD4TW,nauets,US,3,场景表现,负面-不能多表面DIY,not permanent on glass,"I bought these specifically to use on glass.  Prepared surface before use.  Had the entire project done and realized that they are NOT permanent on glass.  I also noted that the 30 count does not have a dark green.<br>With that being said, they have a great assortment of colors and I was impressed with the duel tip.  Coverage was good."
28136,纸面手账/装饰书写群,B0DLKVD4TW,nauets,US,5,流畅性,负面-出墨过多/漏墨,bleed through,"I got the 30count. These are GREAT markers. They are vibrant and write smoothly. They are so easy to get going and last a LONG time. I've used these on my bullet journal for 2025 and I've got nearly the whole thing colored/written and these markers are still going! I love the fine and dot tips, they write SO THIN (with the fine tip) and are so easy to color LARGE areas with the dot tip. These are great markers for any use. I also LOVE that the paint DOES NOT BLEED THROUGH even thin journal paper. I am so pleased with these."
28137,儿童/课堂使用群,B0DLKVD4TW,nauets,US,5,流畅性,负面-出墨过多/漏墨,bleed through,"Ordered these for my son who had something similar already and wanted more. These have been a hit with him. Used on regular copy paper and had 0 bleed through but really puts out a beautiful pigmented color that looks nearly painted without brushstrokes. These are great for a number of projects but really give a seamless paint job look to any project. Great vibrant colors with different sized heads to use, I would definitely recommend these!"
28146,多表面diy/定制群,B0DLKVD4TW,nauets,US,5,笔头耐用性,负面-寿命不匹配,dry out,"""30 Colors Waterproof Dual Tip Acrylic Paint Pens, Dot &amp; Fine Tip"" is a set of 30 markers with a dot tip on one side and a fine tip on the other. Unlike regular markers, these are filled with acrylic paint.<br><br>-------------<br>Pros:<br>* Using acrylic markers is faster and easier than using paint brushes.<br><br>* They don't need to be shaken and primed before use. You can just open the container and get started! (Unlike most markers that are filled with a substance that's thicker than ink.)<br><br>* The quality of the tips is adequate for multiple surfaces.<br><br>* The dot tip is surprisingly handy if you have trouble making perfect circles by hand, like most people do. XD<br><br>* The paint flows easily, so the markers move smoothly. That specifically makes them good for painting, writing, and detail work.<br><br>* The acrylic ""ink"" is easily layered, doesn't bleed (even on paper), and works well on multiple surfaces, which makes it a fantastic tool for craft projects.<br><br>* The acrylic is water-based, which makes it washable, so clean up is a breeze!<br><br>* The paint dries quickly.<br><br>* The pens -don't- dry out quickly.<br><br>* There's no strong smell.<br><br>-------------<br>Meh:<br>* The markers come in a range of pastel and medium colors with only a few dark and metallic colors. If that's what you're looking for, you're golden. If not, you won't buy these anyway, so it doesn't matter. :)<br><br>* The marker colors are named AND numbered, making finding replacements quick and easy. However, this is only true on the back of the box, NOT on the pens themselves, so you'll need to keep the list on the box / take a picture of it / whatever if you want that information.<br><br>* They suffer the same issues as using acrylic paints... because they ARE acrylic paints.<br><br>For example, the markers work on smooth surfaces like glass and plastic, but when you try to paint over a part that you've already painted, there's a chance that it will remove the paint on these surfaces instead of adding more (Sharpies and dry erase markers do this, too). And sometimes the lighter colors will be a little see-through, and might take multiple coats to fully cover a surface.<br><br>These are very common paint issues, but people sometimes seem to forget that acrylic markers are paint, not traditional markers, and as such, they act like paint. XD<br><br>-------------<br>Cons:<br>* None! At least, not yet. :)<br><br>-------------<br>With the quality, versatility, and variety of these paint markers, $30 for 80 markers ($0.38 each) is an absolute STEAL, even considering that you're getting less paint with each marker than is standard.<br><br>And even with taking the lack of replacement options into account, if given the choice, I would choose to order these again. The color variety is just too good to pass up. :)<br><br>I hope that this helps! :D"
28146,多表面diy/定制群,B0DLKVD4TW,nauets,US,5,墨水特性,负面-气味难闻,strong smell,"""30 Colors Waterproof Dual Tip Acrylic Paint Pens, Dot &amp; Fine Tip"" is a set of 30 markers with a dot tip on one side and a fine tip on the other. Unlike regular markers, these are filled with acrylic paint.<br><br>-------------<br>Pros:<br>* Using acrylic markers is faster and easier than using paint brushes.<br><br>* They don't need to be shaken and primed before use. You can just open the container and get started! (Unlike most markers that are filled with a substance that's thicker than ink.)<br><br>* The quality of the tips is adequate for multiple surfaces.<br><br>* The dot tip is surprisingly handy if you have trouble making perfect circles by hand, like most people do. XD<br><br>* The paint flows easily, so the markers move smoothly. That specifically makes them good for painting, writing, and detail work.<br><br>* The acrylic ""ink"" is easily layered, doesn't bleed (even on paper), and works well on multiple surfaces, which makes it a fantastic tool for craft projects.<br><br>* The acrylic is water-based, which makes it washable, so clean up is a breeze!<br><br>* The paint dries quickly.<br><br>* The pens -don't- dry out quickly.<br><br>* There's no strong smell.<br><br>-------------<br>Meh:<br>* The markers come in a range of pastel and medium colors with only a few dark and metallic colors. If that's what you're looking for, you're golden. If not, you won't buy these anyway, so it doesn't matter. :)<br><br>* The marker colors are named AND numbered, making finding replacements quick and easy. However, this is only true on the back of the box, NOT on the pens themselves, so you'll need to keep the list on the box / take a picture of it / whatever if you want that information.<br><br>* They suffer the same issues as using acrylic paints... because they ARE acrylic paints.<br><br>For example, the markers work on smooth surfaces like glass and plastic, but when you try to paint over a part that you've already painted, there's a chance that it will remove the paint on these surfaces instead of adding more (Sharpies and dry erase markers do this, too). And sometimes the lighter colors will be a little see-through, and might take multiple coats to fully cover a surface.<br><br>These are very common paint issues, but people sometimes seem to forget that acrylic markers are paint, not traditional markers, and as such, they act like paint. XD<br><br>-------------<br>Cons:<br>* None! At least, not yet. :)<br><br>-------------<br>With the quality, versatility, and variety of these paint markers, $30 for 80 markers ($0.38 each) is an absolute STEAL, even considering that you're getting less paint with each marker than is standard.<br><br>And even with taking the lack of replacement options into account, if given the choice, I would choose to order these again. The color variety is just too good to pass up. :)<br><br>I hope that this helps! :D"
28146,多表面diy/定制群,B0DLKVD4TW,nauets,US,5,多样性与适配性,负面-可拓展性差 (Poor expandability),only a few dark and metallic colors,"""30 Colors Waterproof Dual Tip Acrylic Paint Pens, Dot &amp; Fine Tip"" is a set of 30 markers with a dot tip on one side and a fine tip on the other. Unlike regular markers, these are filled with acrylic paint.<br><br>-------------<br>Pros:<br>* Using acrylic markers is faster and easier than using paint brushes.<br><br>* They don't need to be shaken and primed before use. You can just open the container and get started! (Unlike most markers that are filled with a substance that's thicker than ink.)<br><br>* The quality of the tips is adequate for multiple surfaces.<br><br>* The dot tip is surprisingly handy if you have trouble making perfect circles by hand, like most people do. XD<br><br>* The paint flows easily, so the markers move smoothly. That specifically makes them good for painting, writing, and detail work.<br><br>* The acrylic ""ink"" is easily layered, doesn't bleed (even on paper), and works well on multiple surfaces, which makes it a fantastic tool for craft projects.<br><br>* The acrylic is water-based, which makes it washable, so clean up is a breeze!<br><br>* The paint dries quickly.<br><br>* The pens -don't- dry out quickly.<br><br>* There's no strong smell.<br><br>-------------<br>Meh:<br>* The markers come in a range of pastel and medium colors with only a few dark and metallic colors. If that's what you're looking for, you're golden. If not, you won't buy these anyway, so it doesn't matter. :)<br><br>* The marker colors are named AND numbered, making finding replacements quick and easy. However, this is only true on the back of the box, NOT on the pens themselves, so you'll need to keep the list on the box / take a picture of it / whatever if you want that information.<br><br>* They suffer the same issues as using acrylic paints... because they ARE acrylic paints.<br><br>For example, the markers work on smooth surfaces like glass and plastic, but when you try to paint over a part that you've already painted, there's a chance that it will remove the paint on these surfaces instead of adding more (Sharpies and dry erase markers do this, too). And sometimes the lighter colors will be a little see-through, and might take multiple coats to fully cover a surface.<br><br>These are very common paint issues, but people sometimes seem to forget that acrylic markers are paint, not traditional markers, and as such, they act like paint. XD<br><br>-------------<br>Cons:<br>* None! At least, not yet. :)<br><br>-------------<br>With the quality, versatility, and variety of these paint markers, $30 for 80 markers ($0.38 each) is an absolute STEAL, even considering that you're getting less paint with each marker than is standard.<br><br>And even with taking the lack of replacement options into account, if given the choice, I would choose to order these again. The color variety is just too good to pass up. :)<br><br>I hope that this helps! :D"
28158,儿童/课堂使用群,B0DLKVD4TW,nauets,US,5,笔头耐用性,负面-寿命不匹配,dry out,"As a big proponent of art therapy workshops and mental health advocacy, these paint pens have allowed me to help many people use crafts to regulate their nervous system. I’ve had situations in the past where acrylic markers dry out or don’t apply smoothly, but these are pigmented and work on many different surfaces—from paper to rocks. I’m grateful that I no longer have frustrated students trying to draw!! This can really deter from the calming purpose of art activities. If you want a wide range of colors at an affordable price, give these a purchase. I promise you won’t regret it!!! After months of use, these paint pens are just as effective as the day they arrived. My only recommendation is to leave the tip you want to use upside down for best results! I store mine in jars because I find they work better that way."
28161,纸面手账/装饰书写群,B0DLKVD4TW,nauets,US,5,流畅性,负面-出墨过多/漏墨,bleed through,"These are amazing! Zero bleed through, even on Happy Planner paper, great coverage and bright colors. I especially like the bullet end to make bullet points in my planner. I have the Zig bullet markers for that purpose but can't use them in Happy Planners because of the bleed through. These don't have that issue and there's so many more colors."
28173,多表面diy/定制群,B0DLKVD4TW,nauets,US,5,笔头耐用性,负面-寿命不匹配,dry out,"My kids and I we do a lot of arts and crafts. And my favorite thing to use is: paint pens, especially since I do a lot of rock painting. And honestly, these impressed me a bit. First, it’s a large assortment of colors- 30. And the colors are vibrant and have great coverage.  They are not thin or at all transparent-so no need for multiple coats. Great color and coverage, plus a nice and smooth application. And they are dual tipped! The thin point on the markers make it good for small canvases (like rocks) for little details or bigger items. Also great for writing! I did a quick couple of test rocks to try them out and they are some of the best I have used, they seem like they will last awhile and they don’t seem to run out or dry out quickly, at all. For all the pens, colors, for the price, they are a good value."
28190,精细绘画/插画创作群,B0DMP22K15,YHC,US,2,色彩饱和度与混合,负面-暗淡/褪色,dull | pale,"First off, I’m pretty sure this was already used before I received it. All the colors were jumbled up and not even in their slots; btw, cheapest quality case, ever.Aside from that, the pens themselves are far from great. They are not really dual tip in the true sense as there is no brush plus fine point. Instead, you get a brush and a broad rounded tip. Although the brush has a reasonably fine point, you cannot do really highly detailed work with these pens. Secondly, the colira(to be fair, this based on only three uses a very small amount) are much duller than many cheaper sets. I used them too so some leaves next to ones drawn with the zscm markers I was hoping to replace. They didn’t compare, completely flat and globular in texture. By way of note, the only reason to replace the zscms was the poor quality of the tips, which come with replacements but not enough.Finally, but again based on only three colors, the palette card is not at all representative of the actual numbered colors.If you want a great set at this price point, buy the chromatek brush markers. No fine point nib, but finer brush head and lustrous colors. These markers are not worth the premium you pay over cheaper sets. These were returned."
28193,多表面diy/定制群,B0DN5RLBKL,nauets,US,4,特殊用途,负面-非专业级,not professional,"These are decent acrylic markers, but definitely not professional level artist's paint pens.  They go on smoothly and dry quickly.  No issues with bleeding or smearing, but make sure you give a couple seconds to dry on metal or glass before touching.  Each pen has a fine tip and a ball tip (great for doing dots for mandalas).  Colors aren't as vibrant as oil markers, on some surfaces colors will be muted.  For the purpose of this review, did some dot patterns on wood and many of the purples and pinks looked the same.  Layering works great, darker over lighter, but not the other way around.  Lighter colors are lost on the darker backgrounds.<br><br>Still, these would be great for a variety of crafts and projects.  Very cost-effective for kids as well."
28194,多表面diy/定制群,B0DN5RLBKL,nauets,US,4,笔头耐用性,负面-寿命不匹配,dry out,"I like the size of this kit. The sixty markers give you so many colors to work with. Notably, there are a few colors so similar they would be hard to tell apart. There is a color chart on the box but I couldn’t find any matching numbers on the markers. I guess it doesn’t matter as you can only use one marker at a time and you have to replace the cap immediately before going on to another color or it could dry out. Most of the caps click shut however, there were a few that did not click though I could tell they were closed tightly. There is a slight smell when used because they are paint. Be aware you have to let first coat of paint dry before applying second coat. It doesn’t even take a minute for it to dry a light coat. They do work on wood, glass, canvas and paper. I haven’t tried any other media yet. I do wish the fine point was even finer for lettering. I am glad I read the product description because I did not realize these markers are supposed to be stored horizontally, so that is a good tip."
28195,纸面手账/装饰书写群,B0DN5RLBKL,nauets,US,4,流畅性,负面-出墨过多/漏墨,bleed through,"My wife is big into the crafting and scrapbooking world. So I got these for her and she loves them.<br>The following are her comments<br>Dual tips are great, fine and broad allow multiple use from one marker.<br>Large assortment of colors that is very vibrant.<br>Caps click into place nicely and stay on<br>Wish the markers were individually labeled with the colors,  and some colors are so close in shade it's honestly hard to tell the difference.<br>Application is ssmooth, no runs or smears or bleed through.<br>Very nice set and a great gift for that artist/ crafting person in your life."
28198,精细绘画/插画创作群,B0DN5RLBKL,nauets,US,4,流畅性,负面-出墨过多/漏墨,bleed through,"I love how the dual tips offer great versatility—fine tips for detailed work and broader tips for filling in larger areas. They work beautifully on pumpkins, paper, wood, glass, and more, making them perfect for any creative project. I have a thick paged junk journals, and there was no bleed through on my pages!<br><br>The quality is excellent, with smooth ink flow and no messy leaks. These pens have added so much fun to our crafting sessions, and we look forward to using them for future projects. Highly recommend for artists of all ages and skill levels!"
28200,儿童/课堂使用群,B0DN5RLBKL,nauets,US,1,特殊用途,负面-非专业级,not for professional art,"Great color choice. Great for Crafters, Children over 5 (small parts) and for doodling. NOT for professional artists or Illustrators!!  Does not blend well, colors do not match the caps and overall.... you do get what you paid for with these markers. I wanted to try them because they had a nice selection of colors. Quality - average to poor."
28207,填色/大面积上色群,B0DN5RLBKL,nauets,US,4,笔身与易用性,负面-笔帽体验差,struggle to open,"I am NOT an artist - I am a crafter and, therefore, my review is based on how I would use these paint markers. There’s a lot to like:<br>- There’s a nice variety of colors though some of are subtle variations<br>- The bullet (or dot) end is a nice bullet point, which will be good for mandala painting (for me, on river rocks)<br>- You can get a pretty fine line with the fine tip<br>- You don’t have to do a lot prep just to get started (e.g., pressing down nibs, waiting for paint to appear, etc.); simply uncap and go to town<br>- The caps click when closing so you know it’s firmly capped (some other markers have dried on me when I inadvertently did not put on the caps tight enough)<br>- While it’s waterproof on surfaces, it washes off clean from your hands.<br>- Good price point.<br><br>So why not 5 stars? Well…these might be minor to some, but for me, I was kind of “meh”:<br>- The colors are in no way labeled. Yes, you can see the color from the cap BUT, as I mentioned, a couple colors are very similar. I swatched all but one pen, but because there’s no number or name, I can’t figure out which one I missed.<br>- I do like a solid, clicking cap. However, there was an inconsistency - some caps were fine and easy to open; a few were on so tightly, it was a struggle to open. By the time I got one or two uncapped, I was grumpy.<br>- The coverage is okay, not super-duper. To get a good opaque coverage, you have to wait for one layer of color to dry then go over it. Not a big deal, but the white could be whiter. The silver and gold are nice but my other acrylic metallic markers are more shimmery/shiny. Again, not a bit deal.<br><br>Overall, for the number of pens, the quality of the color, and the price point, this is a good purchase - at least from a crafter’s perspective."
28223,填色/大面积上色群,B0DN5RLBKL,nauets,US,4,流畅性,负面-出墨过多/漏墨,bleed through,"These markers are smooth and release their pigment continuous flow.  These have been great for adult coloring books, but they will bleed through if another image is on the back side or next page.  Place a protective page between.  These tips don't last long on rough media, such as canvas and rocks that aren't completely smooth.  For the price there are good colors, shades or tints to blend, and the dual tip makes filling in pigment easy for details."
28250,纸面手账/装饰书写群,B0DPQ6WS34,HOTU,US,5,性价比,负面-价格昂贵,expensive,"These aren't any old markers you buy at a big box store. I've received other Hotu markers via the Vine program, and this set is just as terrific in quality, from the ink to how well the markers are made. One thing to note about these markers is that with pushing in the tips to ""prime"" the ink, they don't leak afterward.

The markers are a little more expensive than plain-colored markers, and you don't want to just hand these out for any simple coloring project, but they're terrific when you need that little extra something for a poster or greeting card."
28279,精细绘画/插画创作群,B0DPQ6WS34,HOTU,US,5,笔头耐用性,负面-寿命不匹配,dried out,"My 12 year old daughter is an artist and really loves to sketch and draw. I got her these gel markers and she loves them. They are really glittery, but don't flake off the paper. The colors are bright and you get a wide variety of color choices. They really add a huge pop of color to her drawings. They don't smear either, so they are very good quality for a non-brand. The ink flows out well and they haven't dried out after much use so far."
28316,填色/大面积上色群,B0DPQ6WS34,HOTU,US,4,色彩饱和度与混合,负面-遮盖力差/透明,watery,"All 12 glitter markers work well and are so vibrant.  I love that these are water based and don’t have any strong smell either while using or when dried.  When priming each marker, I noticed some seemed a tad bit more watery than others, so be cautious when allowing younger children to prime the markers upon first use.  I ended up with a small puddle with a few of the colors.  Also, I would use a thicker paper or adult coloring book with a paper separating any other drawings, as they do bleed through a bit.
Overall, they dried nicely and fairly quickly on paper.  When you are first coloring with them, it’s hard to see the glitter, but after it dries, you clearly see a glittery sheen.  I used this to label some clear cups and they worked nicely for that, but did take a while to dry and the glitter was less noticeable on the plastic.
The pens themselves seem like a very nice quality, with a sturdy plastic and a cap that snaps on very well.  I used the markers after a few days of opening them and they were working as new.
The price seems fair for the nice quality and for the 12 vibrant colors."
28316,填色/大面积上色群,B0DPQ6WS34,HOTU,US,4,流畅性,负面-出墨过多/漏墨,bleed through,"All 12 glitter markers work well and are so vibrant.  I love that these are water based and don’t have any strong smell either while using or when dried.  When priming each marker, I noticed some seemed a tad bit more watery than others, so be cautious when allowing younger children to prime the markers upon first use.  I ended up with a small puddle with a few of the colors.  Also, I would use a thicker paper or adult coloring book with a paper separating any other drawings, as they do bleed through a bit.
Overall, they dried nicely and fairly quickly on paper.  When you are first coloring with them, it’s hard to see the glitter, but after it dries, you clearly see a glittery sheen.  I used this to label some clear cups and they worked nicely for that, but did take a while to dry and the glitter was less noticeable on the plastic.
The pens themselves seem like a very nice quality, with a sturdy plastic and a cap that snaps on very well.  I used the markers after a few days of opening them and they were working as new.
The price seems fair for the nice quality and for the 12 vibrant colors."
28316,填色/大面积上色群,B0DPQ6WS34,HOTU,US,4,墨水特性,负面-气味难闻,strong smell,"All 12 glitter markers work well and are so vibrant.  I love that these are water based and don’t have any strong smell either while using or when dried.  When priming each marker, I noticed some seemed a tad bit more watery than others, so be cautious when allowing younger children to prime the markers upon first use.  I ended up with a small puddle with a few of the colors.  Also, I would use a thicker paper or adult coloring book with a paper separating any other drawings, as they do bleed through a bit.
Overall, they dried nicely and fairly quickly on paper.  When you are first coloring with them, it’s hard to see the glitter, but after it dries, you clearly see a glittery sheen.  I used this to label some clear cups and they worked nicely for that, but did take a while to dry and the glitter was less noticeable on the plastic.
The pens themselves seem like a very nice quality, with a sturdy plastic and a cap that snaps on very well.  I used the markers after a few days of opening them and they were working as new.
The price seems fair for the nice quality and for the 12 vibrant colors."
28329,精细绘画/插画创作群,B0DPW68PPJ,HOTU,US,3,笔头耐用性,负面-寿命不匹配,dried out,"I’m torn because I really like these acrylic paint markers. The brush tips ensure the finest of lines/details when necessary and the ink flows so smoothly. They only need to be shaken and you’re ready to go. Nice variety of color options, no bleed through and super opaque. My issue is that two of the colors were almost completely dried out upon arrival :( (orange and a blue) two colors I use a lot of! Packaging is nice and can be used to store the markers when not in use and they even include a swatch sheet.

For the price I wouldn’t expect any dud markers, let alone TWO!! I wanted to be fair and give 3 stars because I really do love these markers but I wouldn’t personally spend that amount of money and chance it happening again :("
28329,精细绘画/插画创作群,B0DPW68PPJ,HOTU,US,3,流畅性,负面-出墨过多/漏墨,bleed through,"I’m torn because I really like these acrylic paint markers. The brush tips ensure the finest of lines/details when necessary and the ink flows so smoothly. They only need to be shaken and you’re ready to go. Nice variety of color options, no bleed through and super opaque. My issue is that two of the colors were almost completely dried out upon arrival :( (orange and a blue) two colors I use a lot of! Packaging is nice and can be used to store the markers when not in use and they even include a swatch sheet.

For the price I wouldn’t expect any dud markers, let alone TWO!! I wanted to be fair and give 3 stars because I really do love these markers but I wouldn’t personally spend that amount of money and chance it happening again :("
28332,多表面diy/定制群,B0DPW68PPJ,HOTU,US,2,色彩饱和度与混合,负面-暗淡/褪色,faded,"I chose this set because I wanted to paint some rocks. I followed the directions and shook each color before use.  The paint is too thin (to help the flow?), flat and chalky. I buy and use a lot of art supplies. I painted the first rock partially white (base for a rocky mountain goat) and after 3 layers the paint is still thin. I painted the second rock black. After letting it dry layer by layer; I started painting flowers on the surface. Again adding 3 or 4 layers to deepen the colors of the petals, letting the paint dry in between. The added colors soaked up the black base paint making the flowers muddy. The end result was a ""faded"" look.
I painted on paper where it did better.
I would not recommend this paint set if you wanted to use it for anything other than paper - and do not mind the lack of vibrancy, and thinness."
28332,多表面diy/定制群,B0DPW68PPJ,HOTU,US,2,流畅性,负面-漆感差/稀薄/起泡,too thin,"I chose this set because I wanted to paint some rocks. I followed the directions and shook each color before use.  The paint is too thin (to help the flow?), flat and chalky. I buy and use a lot of art supplies. I painted the first rock partially white (base for a rocky mountain goat) and after 3 layers the paint is still thin. I painted the second rock black. After letting it dry layer by layer; I started painting flowers on the surface. Again adding 3 or 4 layers to deepen the colors of the petals, letting the paint dry in between. The added colors soaked up the black base paint making the flowers muddy. The end result was a ""faded"" look.
I painted on paper where it did better.
I would not recommend this paint set if you wanted to use it for anything other than paper - and do not mind the lack of vibrancy, and thinness."
28332,多表面diy/定制群,B0DPW68PPJ,HOTU,US,2,笔身与易用性,负面-握持不适,too thin,"I chose this set because I wanted to paint some rocks. I followed the directions and shook each color before use.  The paint is too thin (to help the flow?), flat and chalky. I buy and use a lot of art supplies. I painted the first rock partially white (base for a rocky mountain goat) and after 3 layers the paint is still thin. I painted the second rock black. After letting it dry layer by layer; I started painting flowers on the surface. Again adding 3 or 4 layers to deepen the colors of the petals, letting the paint dry in between. The added colors soaked up the black base paint making the flowers muddy. The end result was a ""faded"" look.
I painted on paper where it did better.
I would not recommend this paint set if you wanted to use it for anything other than paper - and do not mind the lack of vibrancy, and thinness."
28339,填色/大面积上色群,B0DPW68PPJ,HOTU,US,5,流畅性,负面-出墨过多/漏墨,bleed through,"I got the HOTU Acrylic Paint Markers for my niece, and she absolutely loves them! The 18 vibrant colors are perfect for her coloring books and creative projects. The brush tips allow for smooth and precise strokes, and she enjoys using them for everything from fine details to bold lines. While the markers have great coverage, they do bleed through the paper, so I recommend drawing on one side only. They're non-toxic and odorless, making them safe for kids. A great gift for any young artist or DIY enthusiast!"
28366,纸面手账/装饰书写群,B0DQX43YQD,TBC The Best Crafts,US,5,笔头表现,负面-细节控制差,too thick,"I’m very happy with these acrylic paint markers. I got them to play with in my art journal, and they have been perfect for that use. The paint flows out steadily and evenly. There were no blobs of paint and no waiting for the paint to flow, either. Just nice, even strokes of paint. The paint can’t be too thick in pens, or it wouldn’t work, but the paint isn’t so thin that it’s transparent. Some of the colors are a little more opaque than others depending on how quickly your hand is during the application of the paint. Layering a second coat would be easy enough for that, though, should it be a problem. For me, it wasn’t. I’m not using these for my canvases. It’s just for my journal. I feel like this set of acrylic markers is a fabulous bargain at the current price of $15.99. I very highly recommend them."
28366,纸面手账/装饰书写群,B0DQX43YQD,TBC The Best Crafts,US,5,笔身与易用性,负面-握持不适,too thick,"I’m very happy with these acrylic paint markers. I got them to play with in my art journal, and they have been perfect for that use. The paint flows out steadily and evenly. There were no blobs of paint and no waiting for the paint to flow, either. Just nice, even strokes of paint. The paint can’t be too thick in pens, or it wouldn’t work, but the paint isn’t so thin that it’s transparent. Some of the colors are a little more opaque than others depending on how quickly your hand is during the application of the paint. Layering a second coat would be easy enough for that, though, should it be a problem. For me, it wasn’t. I’m not using these for my canvases. It’s just for my journal. I feel like this set of acrylic markers is a fabulous bargain at the current price of $15.99. I very highly recommend them."
28387,多表面diy/定制群,B0DQX43YQD,TBC The Best Crafts,US,5,色彩饱和度与混合,负面-遮盖力差/透明,streaky,"I received this set of paint markers for free through the Amazon Vine program, and I’ve been happily doodling on everything that’ll sit still long enough. These markers are vibrant, smooth, and packed with ink—no weak streaky lines here. Whether I’m decorating a notebook or turning a boring stone into a tiny masterpiece, they handle it like champs.They work well on a surprising number of surfaces—paper, glass, pottery, even the random seashell I found in a drawer. The ink dries quickly and doesn’t smear, which is ideal for impatient artists (like me) who inevitably poke at their work too soon. I also appreciate that there’s no awful chemical smell, so I can craft indoors without worrying about fumigating the place.If you’re looking to add a pop of color to your next creative project—or just want an excuse to draw on things like a grown-up child—this set is a fun and easy way to do it. Bonus: now my rock collection has more personality than some people I know."
28387,多表面diy/定制群,B0DQX43YQD,TBC The Best Crafts,US,5,墨水特性,负面-气味难闻,chemical smell,"I received this set of paint markers for free through the Amazon Vine program, and I’ve been happily doodling on everything that’ll sit still long enough. These markers are vibrant, smooth, and packed with ink—no weak streaky lines here. Whether I’m decorating a notebook or turning a boring stone into a tiny masterpiece, they handle it like champs.They work well on a surprising number of surfaces—paper, glass, pottery, even the random seashell I found in a drawer. The ink dries quickly and doesn’t smear, which is ideal for impatient artists (like me) who inevitably poke at their work too soon. I also appreciate that there’s no awful chemical smell, so I can craft indoors without worrying about fumigating the place.If you’re looking to add a pop of color to your next creative project—or just want an excuse to draw on things like a grown-up child—this set is a fun and easy way to do it. Bonus: now my rock collection has more personality than some people I know."
28387,多表面diy/定制群,B0DQX43YQD,TBC The Best Crafts,US,5,墨水特性,负面-香味难闻/太浓,chemical smell,"I received this set of paint markers for free through the Amazon Vine program, and I’ve been happily doodling on everything that’ll sit still long enough. These markers are vibrant, smooth, and packed with ink—no weak streaky lines here. Whether I’m decorating a notebook or turning a boring stone into a tiny masterpiece, they handle it like champs.They work well on a surprising number of surfaces—paper, glass, pottery, even the random seashell I found in a drawer. The ink dries quickly and doesn’t smear, which is ideal for impatient artists (like me) who inevitably poke at their work too soon. I also appreciate that there’s no awful chemical smell, so I can craft indoors without worrying about fumigating the place.If you’re looking to add a pop of color to your next creative project—or just want an excuse to draw on things like a grown-up child—this set is a fun and easy way to do it. Bonus: now my rock collection has more personality than some people I know."
28387,多表面diy/定制群,B0DQX43YQD,TBC The Best Crafts,US,5,绘画表现,负面-涂色不均,streak | streaky,"I received this set of paint markers for free through the Amazon Vine program, and I’ve been happily doodling on everything that’ll sit still long enough. These markers are vibrant, smooth, and packed with ink—no weak streaky lines here. Whether I’m decorating a notebook or turning a boring stone into a tiny masterpiece, they handle it like champs.They work well on a surprising number of surfaces—paper, glass, pottery, even the random seashell I found in a drawer. The ink dries quickly and doesn’t smear, which is ideal for impatient artists (like me) who inevitably poke at their work too soon. I also appreciate that there’s no awful chemical smell, so I can craft indoors without worrying about fumigating the place.If you’re looking to add a pop of color to your next creative project—or just want an excuse to draw on things like a grown-up child—this set is a fun and easy way to do it. Bonus: now my rock collection has more personality than some people I know."
28387,多表面diy/定制群,B0DQX43YQD,TBC The Best Crafts,US,5,表面/介质表现,负面-在石头上表现差,streaky,"I received this set of paint markers for free through the Amazon Vine program, and I’ve been happily doodling on everything that’ll sit still long enough. These markers are vibrant, smooth, and packed with ink—no weak streaky lines here. Whether I’m decorating a notebook or turning a boring stone into a tiny masterpiece, they handle it like champs.They work well on a surprising number of surfaces—paper, glass, pottery, even the random seashell I found in a drawer. The ink dries quickly and doesn’t smear, which is ideal for impatient artists (like me) who inevitably poke at their work too soon. I also appreciate that there’s no awful chemical smell, so I can craft indoors without worrying about fumigating the place.If you’re looking to add a pop of color to your next creative project—or just want an excuse to draw on things like a grown-up child—this set is a fun and easy way to do it. Bonus: now my rock collection has more personality than some people I know."
28392,精细绘画/插画创作群,B0DQX43YQD,TBC The Best Crafts,US,4,绘画表现,负面-涂色不均,streak,"Overall, these are nice acrylic markers. The colors are vivid, and they go on smoothly. The color variation is decent, but some colors like red and yellow have few options on shades. Conversely, there are a ton of greens and blues. There are also 3 metallic shades... silver, gold, and black. Some colors are more opaque than others, while some seem to have thinner paint and streak a bit. I've only tried them on paper, so I can't speak to how they work on other materials. I was specifically looking for a brand that had brush tip and fine tip, and these fit the bill. They are great for large areas, as well as finer details. I'm sure I will get a lot of use out of these!"
28394,多表面diy/定制群,B0DQX43YQD,TBC The Best Crafts,US,5,性价比,负面-价格昂贵,expensive,"I have more expensive pens that you have to prime to get to work, and the main reason I got these was to see if they really did come out smoothly - and they do! They also dry quickly, and when I accidentally dropped one of my painted rocks in water (don't ask, lol!) the marker stayed put. Do a test first, because trying my first line I pressed too hard and the line came out thick, but if you practice on paper you can get different widths to your lines. The colors are vibrant and I would have liked more hues, but with 18 in the pack this is a good variety to create whatever you want!"
28397,纸面手账/装饰书写群,B0DQX43YQD,TBC The Best Crafts,US,5,绘画表现,负面-涂色不均,streak,"I have tried these markers on paper, cardboard, and faux leather so far and they have written very smoothly on each. I tried them on both black and white paper and the writing showed up well on both. The cardboard was more like a paperboard, but the markers showed up well and wrote smoothly on that too. It doesn't eem to smudge once it is dry, but you will need to be careful until it is dry because it will definitely streak when it is still wet. Fortunately, it does dry quickly, so you won't have to wait long for whatever you use it on to be safe to handle. The markers seem like they should work on almost any surface and I really like the assortment of colors. I haven't tried them on any fabrics that I might wash yet, and I don't see any mention of care for fabrics that you use them on, so I don't know if they can be washed."
28406,填色/大面积上色群,B0DSBF4KRY,Betem,US,5,绘画表现,负面-涂色不均,streak,"Absolutely recommended!

Pros:
- It promises 36 colors, and you get 36 colors. They’re all unique and stand out from one another.
- The paint is highly pigmented and provides full coverage easily
- Ink flows well, with no drips or dryness
- Great value
- No streaks when applying to larger areas

Neutral:
- The smaller tip is small, but not technically “fine.” You might have trouble if using those for adult coloring books with intricate details. See photo to get an idea of the size.

Cons:
- None!"
28407,多表面diy/定制群,B0DSBF4KRY,Betem,US,4,色彩饱和度与混合,负面-遮盖力差/透明,streaky,"I love these!  They work great for all kids of different art projects. I love that they make it simple to draw on fabric, glass, ceramics, metal, tile, and so much more. The paint is easy to apply, never streaky. The colors are vivd and vibrant and I like that this set includes a wide range of brights and more neutral colors, instead of just brights.

They are great for detailing paintings as well. They have two different size brushes, one for detailed work like a fine marker and one for wider applications, more like a paintbrush. They're easy to use, do not leak or drip and they effortlessly apply the paint smoothly in a consistent line to the surface of your work."
28407,多表面diy/定制群,B0DSBF4KRY,Betem,US,4,绘画表现,负面-涂色不均,streak | streaky,"I love these!  They work great for all kids of different art projects. I love that they make it simple to draw on fabric, glass, ceramics, metal, tile, and so much more. The paint is easy to apply, never streaky. The colors are vivd and vibrant and I like that this set includes a wide range of brights and more neutral colors, instead of just brights.

They are great for detailing paintings as well. They have two different size brushes, one for detailed work like a fine marker and one for wider applications, more like a paintbrush. They're easy to use, do not leak or drip and they effortlessly apply the paint smoothly in a consistent line to the surface of your work."
28407,多表面diy/定制群,B0DSBF4KRY,Betem,US,4,表面/介质表现,负面-在石头上表现差,streaky,"I love these!  They work great for all kids of different art projects. I love that they make it simple to draw on fabric, glass, ceramics, metal, tile, and so much more. The paint is easy to apply, never streaky. The colors are vivd and vibrant and I like that this set includes a wide range of brights and more neutral colors, instead of just brights.

They are great for detailing paintings as well. They have two different size brushes, one for detailed work like a fine marker and one for wider applications, more like a paintbrush. They're easy to use, do not leak or drip and they effortlessly apply the paint smoothly in a consistent line to the surface of your work."
28412,多表面diy/定制群,B0DSBF4KRY,Betem,US,5,性价比,负面-价格昂贵,expensive | pricey,"My daughter the aspiring artist is constantly working on some sort of artwork or craft project. She is a huge fan of a youtuber that I won't name, but this youtuber introduced my daughter to an expensive product that she loves to use frequently: the Posca paint marker.

Posca makes (as far as I know) the premiere go-to paint marker and they are not cheap. When I saw these being offered, I figured they were worth giving a try and worst case scenario I figured I could at least convince her to use these less expensive markers on her less important projects or for ""practice"" before using the pricey markers. Either way, when I gave these to her she was much more excited than I expected and was very happy to have this new big set of markers.

She used them for the first time not too long after she got them and loves them. She says they are almost exactly like her Poscas and likes that these have different tips on each side. She said she still prefers using the Posca but that these are really close. Myself, looking at things she has used the markers on, I really can't tell any difference in quality of the paint itself. It looks vibrant and bold.

Honestly I can't think of any negatives to mention. These are high quality paint markers that work well and look great. The price point is excellent compared to premium brands with the product itself performing just as well. Highly recommend to
artists and other parents of artists."
28426,多表面diy/定制群,B0DSCBRJ2K,LILTYNG,US,5,笔头耐用性,负面-寿命不匹配,dried out,"I originally purchased these to use on canvas but when my old markers dried out, I started using these on different resin crafts that I have. Not only are the colors vibrant but when it comes to all of my different crafts, these markers have been perfect. I have used these on canvas, wood, resin and more recently card stock. Not only did the ink/paint bleed through the paper, but I was able to get the look and colors I was going through. The size of the markers were exactly what I wanting, fat and wide enough to cover a bigger area. These markers not only paint on wood but even when doing corners, the wood has not damaged the tip themselves. These markers are so easy to use but more importantly, I like that these markers are so versatile."
28426,多表面diy/定制群,B0DSCBRJ2K,LILTYNG,US,5,流畅性,负面-出墨过多/漏墨,bleed through,"I originally purchased these to use on canvas but when my old markers dried out, I started using these on different resin crafts that I have. Not only are the colors vibrant but when it comes to all of my different crafts, these markers have been perfect. I have used these on canvas, wood, resin and more recently card stock. Not only did the ink/paint bleed through the paper, but I was able to get the look and colors I was going through. The size of the markers were exactly what I wanting, fat and wide enough to cover a bigger area. These markers not only paint on wood but even when doing corners, the wood has not damaged the tip themselves. These markers are so easy to use but more importantly, I like that these markers are so versatile."
28442,多表面diy/定制群,B0DSCBRJ2K,LILTYNG,US,5,色彩饱和度与混合,负面-遮盖力差/透明,watery,"These are super bold and smooth—great for rocks, canvas, and wood projects. Just make sure to shake well before each use or the paint may come out watery or miscolored. The wide tips make big designs a breeze but you can also turn the marker and get a fine point as well. Overall like these."
28448,多表面diy/定制群,B0DSGXK4MJ,AcrylicAura,US,5,笔头耐用性,负面-寿命不匹配,dry out,"Just got it today and can’t wait to say how much I like them. These acrylic markers are really nice! The colors are bright and there are so many to choose from. They work well on different surfaces like paper, wood, and rocks. The brush tip is soft and smooth, making it easy to paint details. The ink flows well and doesn’t dry out quickly. They are also waterproof, which is great for crafts. Just make sure to store them flat so they last longer. My daughter and I have been starting using and can’t stop. Overall, a great set for painting and DIY projects!"
28458,多表面diy/定制群,B0DSGXK4MJ,AcrylicAura,US,5,笔身与易用性,负面-材质/做工差,break,"My daughter loves drawing very much, so recently I purchased this Soft Brush Tip Acrylic Markers Sets for her. She loves them very much and uses them to draw every day. Each marker pen is equipped with high-quality water-based ink, which dries quickly and is waterproof. The pen tip is very soft and there will be no ink breakage. Their pen bodies are sturdy and compact, and the items in the storage box are tidy and easy to access. Each pen has its own location, so you always know where to find and what markers you need. Meanwhile, they have a wide range of applications. They can be used on various surfaces, from rocks and canvas to wood, plastic, and even fabrics. Overall, its pen tip is soft, versatile, and waterproof."
28465,多表面diy/定制群,B0DSGXK4MJ,AcrylicAura,US,5,绘画表现,负面-涂色不均,streak | streaking,"This 72-color acrylic marker set is a fantastic choice for artists and crafters. The soft brush tips offer great control and versatility, making them perfect for rock, wood, fabric, canvas, glass, and DIY projects. The colors are vibrant, apply smoothly, and dry waterproof, with no streaking or bleeding. It’s an excellent set for both beginners and experienced artists looking for a wide color range and reliable performance."
28468,多表面diy/定制群,B0DSGXK4MJ,AcrylicAura,US,5,流畅性,负面-干涩/刮纸/断墨,skipping,"I love this 72 color acrylic marker.  Whether I’m working on rock painting, wood designs, or canvas projects, these markers deliver consistently stunning results. I love how I can switch between fine lines and bold strokes with ease. The smooth ink flow ensures zero skipping or streaking, giving my artwork a polished, professional finish.The high quality, water based ink dries quickly. Once dry, the paint becomes waterproof and long lasting. With 2.4ml of ink per marker, this set provides great longevity. Unlike other paint markers that run out quickly, these have plenty of ink to last through multiple projects."
28468,多表面diy/定制群,B0DSGXK4MJ,AcrylicAura,US,5,绘画表现,负面-涂色不均,streak | streaking,"I love this 72 color acrylic marker.  Whether I’m working on rock painting, wood designs, or canvas projects, these markers deliver consistently stunning results. I love how I can switch between fine lines and bold strokes with ease. The smooth ink flow ensures zero skipping or streaking, giving my artwork a polished, professional finish.The high quality, water based ink dries quickly. Once dry, the paint becomes waterproof and long lasting. With 2.4ml of ink per marker, this set provides great longevity. Unlike other paint markers that run out quickly, these have plenty of ink to last through multiple projects."
28473,多表面diy/定制群,B0DSGXK4MJ,AcrylicAura,US,5,色彩饱和度与混合,负面-遮盖力差/透明,streaky,"The ink glides on so smoothly, and the colors are bold without looking streaky. I tried them on fabric, and to my surprise, they worked great with minimal bleed. They dry pretty fast too, which is nice when layering colors. The brush tips make it easy to control the strokes, whether I’m outlining something small or filling in larger spaces. The case is a great touch—it keeps everything organized and easy to grab."
28473,多表面diy/定制群,B0DSGXK4MJ,AcrylicAura,US,5,绘画表现,负面-涂色不均,streak | streaky,"The ink glides on so smoothly, and the colors are bold without looking streaky. I tried them on fabric, and to my surprise, they worked great with minimal bleed. They dry pretty fast too, which is nice when layering colors. The brush tips make it easy to control the strokes, whether I’m outlining something small or filling in larger spaces. The case is a great touch—it keeps everything organized and easy to grab."
28473,多表面diy/定制群,B0DSGXK4MJ,AcrylicAura,US,5,表面/介质表现,负面-在石头上表现差,streaky,"The ink glides on so smoothly, and the colors are bold without looking streaky. I tried them on fabric, and to my surprise, they worked great with minimal bleed. They dry pretty fast too, which is nice when layering colors. The brush tips make it easy to control the strokes, whether I’m outlining something small or filling in larger spaces. The case is a great touch—it keeps everything organized and easy to grab."
28479,多表面diy/定制群,B0DSGXK4MJ,AcrylicAura,US,5,笔头耐用性,负面-寿命不匹配,dry out,"I picked up this marker set for some rock painting projects, and I couldn’t be happier. The colors are bright, and once dry, they stay put—even on outdoor decorations! I also tested them on glass, and they worked surprisingly well, though I’d recommend sealing the paint if you want it to last longer. The brush tips make it super easy to get both fine details and thick lines, depending on how much pressure you use. Plus, they don’t dry out quickly, which is a huge plus."
28525,精细绘画/插画创作群,B0DZ2RTY3P,Tongfushop,US,5,笔头耐用性,负面-寿命不匹配,dry out,"These markers are an excellent set! I bought them specifically for rock painting and was immediately impressed by the quality colors and the great selection. They last a really long time, and I've found they don't dry out easily, which is fantastic. While a couple were a bit drier initially, all are functioning with ease. I particularly love the double-sided feature for picking the best tip for my application. The paint flows freely and is easily controlled for detailed work on various surfaces. The price was great, and I really appreciate the convenient case to keep them organized."
28528,多表面diy/定制群,B0DZ2RTY3P,Tongfushop,US,5,笔头耐用性,负面-磨损/分叉,fray,"Used these on fabric and canvas – zero bleed-through! Colors layer smoothly, and the brush tip doesn’t fray."
28534,儿童/课堂使用群,B0DZ2RTY3P,Tongfushop,US,5,色彩饱和度与混合,负面-遮盖力差/透明,streaky,"I am very impressed with these! The price is awesome! (Under $20 at time of review). I think this kit is definitely worth the money. Now, I am not gonna sit here and say these are the most high quality markers I have ever used, but I will still say they are good quality. When I say they are good quality I mean the quality of these exceeds the price that they are. They are absolutely worth the money and I am super happy with these. The colors are beautiful. While some of the colors are not as vibrant as I would hope, overall they are still pretty nice colors and again, these are a cost effective option, so they are not going to be the most perfect marker ever. They look great and are not streaky or ugly. The pens do not dry out easily so as long as you treat them well, they will get a lot of use and have a long life. They are super easy to use. Perfectly functional markers with really no glaring issues. I didn't have any issues with bleed through either. While they are not the most perfect markers ever, for the amount that you get, the price, and the presentation I would say they are well worth the price. Absolutely worth the price and I would think most would love these. Great for kids or teens, they will be super happy with them."
28534,儿童/课堂使用群,B0DZ2RTY3P,Tongfushop,US,5,笔头耐用性,负面-寿命不匹配,dry out,"I am very impressed with these! The price is awesome! (Under $20 at time of review). I think this kit is definitely worth the money. Now, I am not gonna sit here and say these are the most high quality markers I have ever used, but I will still say they are good quality. When I say they are good quality I mean the quality of these exceeds the price that they are. They are absolutely worth the money and I am super happy with these. The colors are beautiful. While some of the colors are not as vibrant as I would hope, overall they are still pretty nice colors and again, these are a cost effective option, so they are not going to be the most perfect marker ever. They look great and are not streaky or ugly. The pens do not dry out easily so as long as you treat them well, they will get a lot of use and have a long life. They are super easy to use. Perfectly functional markers with really no glaring issues. I didn't have any issues with bleed through either. While they are not the most perfect markers ever, for the amount that you get, the price, and the presentation I would say they are well worth the price. Absolutely worth the price and I would think most would love these. Great for kids or teens, they will be super happy with them."
28534,儿童/课堂使用群,B0DZ2RTY3P,Tongfushop,US,5,流畅性,负面-出墨过多/漏墨,bleed through,"I am very impressed with these! The price is awesome! (Under $20 at time of review). I think this kit is definitely worth the money. Now, I am not gonna sit here and say these are the most high quality markers I have ever used, but I will still say they are good quality. When I say they are good quality I mean the quality of these exceeds the price that they are. They are absolutely worth the money and I am super happy with these. The colors are beautiful. While some of the colors are not as vibrant as I would hope, overall they are still pretty nice colors and again, these are a cost effective option, so they are not going to be the most perfect marker ever. They look great and are not streaky or ugly. The pens do not dry out easily so as long as you treat them well, they will get a lot of use and have a long life. They are super easy to use. Perfectly functional markers with really no glaring issues. I didn't have any issues with bleed through either. While they are not the most perfect markers ever, for the amount that you get, the price, and the presentation I would say they are well worth the price. Absolutely worth the price and I would think most would love these. Great for kids or teens, they will be super happy with them."
28534,儿童/课堂使用群,B0DZ2RTY3P,Tongfushop,US,5,绘画表现,负面-涂色不均,streak | streaky,"I am very impressed with these! The price is awesome! (Under $20 at time of review). I think this kit is definitely worth the money. Now, I am not gonna sit here and say these are the most high quality markers I have ever used, but I will still say they are good quality. When I say they are good quality I mean the quality of these exceeds the price that they are. They are absolutely worth the money and I am super happy with these. The colors are beautiful. While some of the colors are not as vibrant as I would hope, overall they are still pretty nice colors and again, these are a cost effective option, so they are not going to be the most perfect marker ever. They look great and are not streaky or ugly. The pens do not dry out easily so as long as you treat them well, they will get a lot of use and have a long life. They are super easy to use. Perfectly functional markers with really no glaring issues. I didn't have any issues with bleed through either. While they are not the most perfect markers ever, for the amount that you get, the price, and the presentation I would say they are well worth the price. Absolutely worth the price and I would think most would love these. Great for kids or teens, they will be super happy with them."
28534,儿童/课堂使用群,B0DZ2RTY3P,Tongfushop,US,5,表面/介质表现,负面-在石头上表现差,streaky,"I am very impressed with these! The price is awesome! (Under $20 at time of review). I think this kit is definitely worth the money. Now, I am not gonna sit here and say these are the most high quality markers I have ever used, but I will still say they are good quality. When I say they are good quality I mean the quality of these exceeds the price that they are. They are absolutely worth the money and I am super happy with these. The colors are beautiful. While some of the colors are not as vibrant as I would hope, overall they are still pretty nice colors and again, these are a cost effective option, so they are not going to be the most perfect marker ever. They look great and are not streaky or ugly. The pens do not dry out easily so as long as you treat them well, they will get a lot of use and have a long life. They are super easy to use. Perfectly functional markers with really no glaring issues. I didn't have any issues with bleed through either. While they are not the most perfect markers ever, for the amount that you get, the price, and the presentation I would say they are well worth the price. Absolutely worth the price and I would think most would love these. Great for kids or teens, they will be super happy with them."
28589,纸面手账/装饰书写群,B0F21K1CCX,DICEKOO,US,3,笔头耐用性,负面-寿命不匹配,dried out,"I wanted to give these four stars. After all, it’s 240 colors at a very fair price and the paint and color range is great. However, there are some issues that really brought the rating down.For one thing, I had one marker completed dried out. It was a fairly important one for the type of work I do but at least there are a few similar colors and 1/240 isn’t horrible.For another thing, some of the caps have dark writing on a dark cap so I have to really strain my eyes to see the numbers. Sometimes it’s so bad I have to use my phone’s flashlight to see what the numbers are. I wish they’d used white on those like they did most of the dark lids. I don’t know why they failed to do so in so many colors.The thing that bothers me most about the set is that the color numbers are totally out of order on the swatch card. So even if you manage to put them in order you’d never be able match them up quickly to the card. It took me about FOUR HOURS to swatch them all because I had to search and search for the appropriate number on the swatch card for every single marker. Why on earth couldn’t they have put them in numerical order on the swatch card or just given us an un-numbered card so we could write them in ourselves? This is the issue that lost them the star for me. It’s really, really frustrating.Overall it’s a beautiful set, but because of the swatch card issue I’ll have to totally redo the ordering of my entire set to try to put them into an order where I can halfway match them to the swatch sheet. What a hassle."
28593,儿童/课堂使用群,B0F21K1CCX,DICEKOO,US,4,性价比,负面-价格昂贵,overpriced,These are “brush tip” acrylic markers.  So when you use them. .  . It’s more like using a paintbrush than a regular marker.These work very nicely on a multitude of surfaces.  I use them mostly for kids to paint rocks and wood surfaces.  They work very nicely for our needs.Oddly. . .  It comes with a “blank” sheet with numbers. . . It should have come with a colored sheet with the numbers.  Also oddly. . . . The numbers are not in order.The box they come in isn’t great.  As I’m using them for kids. . . It doesn’t make as much of a difference.  But for adults. . . It would be annoying.These markers are Made in China and being sold by a Chinese company on Amazon.  At the current price of $106. .  That makes them .44¢ which though not bad. . . I’m sure they are still overpriced.
28626,精细绘画/插画创作群,B0F21K1CCX,DICEKOO,US,5,色彩饱和度与混合,负面-暗淡/褪色,pale,"The DICEKOO 240 Colors Acrylic Paint Markers are a comprehensive set designed for artists and crafters seeking a wide range of vibrant colors and versatile application options.Key Features: • Extensive Color Selection: This set offers an impressive 240 colors, providing a vast palette for various projects. • Dual Tip Design: Each marker comes with a soft brush tip and a fine point, catering to both detailed work and broader strokes. • Quality Ink: The markers feature waterproof, quick-drying, and lightfast ink, ensuring durability and longevity of artwork. • Versatile Use: Suitable for a variety of surfaces including rock, canvas, wood, glass, and DIY crafts. • Convenient Storage: The set includes a storage case, keeping the markers organized and easily accessible.Pros: • Wide Color Range: The 240 colors allow for detailed and nuanced artwork. • Dual Tips: The combination of brush and fine tips enhances versatility in application. ￼ • Quality Ink: Waterproof and quick-drying ink reduces smudging and fading. ￼ • Organized Storage: The included case helps maintain order and easy access to markers.Cons: • Learning Curve: Beginners may need time to adjust to the dual-tip design for optimal use. ￼ • Price Point: The extensive set may be an investment for casual crafters.Conclusion:The DICEKOO 240 Colors Acrylic Paint Markers are a valuable addition to any artist’s toolkit, offering a broad spectrum of colors and versatile application options. While there may be a learning curve for beginners, the quality and variety make this set a worthwhile investment for those serious about their craft."
28626,精细绘画/插画创作群,B0F21K1CCX,DICEKOO,US,5,教育与启发,负面-有学习门槛,learning curve,"The DICEKOO 240 Colors Acrylic Paint Markers are a comprehensive set designed for artists and crafters seeking a wide range of vibrant colors and versatile application options.Key Features: • Extensive Color Selection: This set offers an impressive 240 colors, providing a vast palette for various projects. • Dual Tip Design: Each marker comes with a soft brush tip and a fine point, catering to both detailed work and broader strokes. • Quality Ink: The markers feature waterproof, quick-drying, and lightfast ink, ensuring durability and longevity of artwork. • Versatile Use: Suitable for a variety of surfaces including rock, canvas, wood, glass, and DIY crafts. • Convenient Storage: The set includes a storage case, keeping the markers organized and easily accessible.Pros: • Wide Color Range: The 240 colors allow for detailed and nuanced artwork. • Dual Tips: The combination of brush and fine tips enhances versatility in application. ￼ • Quality Ink: Waterproof and quick-drying ink reduces smudging and fading. ￼ • Organized Storage: The included case helps maintain order and easy access to markers.Cons: • Learning Curve: Beginners may need time to adjust to the dual-tip design for optimal use. ￼ • Price Point: The extensive set may be an investment for casual crafters.Conclusion:The DICEKOO 240 Colors Acrylic Paint Markers are a valuable addition to any artist’s toolkit, offering a broad spectrum of colors and versatile application options. While there may be a learning curve for beginners, the quality and variety make this set a worthwhile investment for those serious about their craft."
28627,多表面diy/定制群,B0F21K1CCX,DICEKOO,US,4,笔身与易用性,负面-材质/做工差,flimsy,"My daughter absolutely loved these markers! With 240 vibrant colors, she's been busy creating all kinds of projects—but I was a little disappointed that the foam dividers arrived broken.Pros:Huge variety of 240 rich, vibrant colors—perfect for endless creativity.Soft brush tips make it easy to paint details or fill in larger areas.Quick-drying, waterproof ink works on multiple surfaces like canvas, rocks, wood, and more.Color-coded caps with numbers make it easy to find the shade you want.Safe, non-toxic, and great for both kids and adults.Cons:The foam separators used for organizing the markers arrived damaged.Packaging feels a bit flimsy for a premium art set—better protection would be appreciated for storage and transport.Final Thoughts:This is a fantastic, high-quality paint marker set that inspires creativity and delivers beautiful results. Just be aware that the packaging may not hold up well—especially if you're gifting it. Still highly recommended for artists and crafters of all ages."
28627,多表面diy/定制群,B0F21K1CCX,DICEKOO,US,4,外观与包装,负面-包装廉价/易损坏,arrived damaged,"My daughter absolutely loved these markers! With 240 vibrant colors, she's been busy creating all kinds of projects—but I was a little disappointed that the foam dividers arrived broken.Pros:Huge variety of 240 rich, vibrant colors—perfect for endless creativity.Soft brush tips make it easy to paint details or fill in larger areas.Quick-drying, waterproof ink works on multiple surfaces like canvas, rocks, wood, and more.Color-coded caps with numbers make it easy to find the shade you want.Safe, non-toxic, and great for both kids and adults.Cons:The foam separators used for organizing the markers arrived damaged.Packaging feels a bit flimsy for a premium art set—better protection would be appreciated for storage and transport.Final Thoughts:This is a fantastic, high-quality paint marker set that inspires creativity and delivers beautiful results. Just be aware that the packaging may not hold up well—especially if you're gifting it. Still highly recommended for artists and crafters of all ages."
28627,多表面diy/定制群,B0F21K1CCX,DICEKOO,US,4,购买与服务体验,负面-运输/损坏,arrived broken | arrived damaged,"My daughter absolutely loved these markers! With 240 vibrant colors, she's been busy creating all kinds of projects—but I was a little disappointed that the foam dividers arrived broken.Pros:Huge variety of 240 rich, vibrant colors—perfect for endless creativity.Soft brush tips make it easy to paint details or fill in larger areas.Quick-drying, waterproof ink works on multiple surfaces like canvas, rocks, wood, and more.Color-coded caps with numbers make it easy to find the shade you want.Safe, non-toxic, and great for both kids and adults.Cons:The foam separators used for organizing the markers arrived damaged.Packaging feels a bit flimsy for a premium art set—better protection would be appreciated for storage and transport.Final Thoughts:This is a fantastic, high-quality paint marker set that inspires creativity and delivers beautiful results. Just be aware that the packaging may not hold up well—especially if you're gifting it. Still highly recommended for artists and crafters of all ages."
28629,精细绘画/插画创作群,B0F21K1CCX,DICEKOO,US,5,流畅性,负面-出墨过多/漏墨,bleed through,"these markers are absolutely fabulous for anime art, l I use mix media and the markers don’t bleed through, there’s a very impressive color variety and dry time is pretty fast. I wasn’t sure at first but I know now after complete 3 pieces that these markers are legit, I never used them before but after my first and second piece I learned how to use them well and I can’t see myself using anything else but acrylic for coloring. completely worth it"
28634,多表面diy/定制群,B0F21K1CCX,DICEKOO,US,5,笔身与易用性,负面-材质/做工差,break,"This is a beautiful set of paint markers. My daughter's and I have been using them every day since they arrived. All 3 of us took turns doing the swatches. Which was actually really fun - and a bit stressful at times.The numbering system of these paint markers is an absolute atrocity lol. I didn't remove any stars for the numbering because the markers themselves are great.The colors are numbered - from 600's - 900's. 6 and 9 are the two worst possible numbers you can use for a numbering tangible items. It's so easy to conflate one for the other. Some of these pens caps had little dots on them (either above or below the 6 or 9?!) since no one knows if the dot indicates up or down/top or bottom, it's essentially just a useless decorative mark above or below a 6 or a 9 lol.About halfway into the color chart, I started to see a pattern and deduced that the colors seem to be more organized by their secondary tones/color temperatures as opposed to primary. I also realized that most are grouped into similar colors, so you can look in the same color family as the previous one for the next number. However, when a new undertone section starts, you won't know - and good luck finding the numbered pen you're looking for at that point haha.Aside from the numbering nightmare lol, these are perfect. Every single one worked flawlessly and had a great flow. The colors are vivid and there is pretty much every color you can think of. I did notice that a few tips were more flexible than others. I definitely prefer the firmer ones are they are easier to control for smaller designs - which is mostly what I do.  This set also includes extra tips - which is appreciated.If your planning to buy this set of 240 paint pens, keep an eye on the price. When I acquired this, it was selling for close to $150. At the time of this review, it's selling for $118. If you break it down, it's like 50¢ per marker. Which is pretty reasonable compared to Posca. I think this set would make an awesome gift for anyone who loves art. My teenage daughter's and I have been painting rocks with these and they work beautifully for it. But there are so many applications for these besides just rocks. We are very happy with them and although the color swatching was a bit maddening, I really did enjoy the challenge of it."
28644,多表面diy/定制群,B0F21K1CCX,DICEKOO,US,5,流畅性,负面-干涩/刮纸/断墨,skipping,"These paint markers are literally amazing!!! 240 colors?! Like—I was not ready for how pretty and vibrant they are!!! The soft brush tips are so smooth and easy to control, and the automatic ink flow is super clean—no skipping or blobs!!!They dry fast, don’t smudge, and the waterproof finish means your art actually lasts!!! I’ve used them on rocks, canvas, wood, even plastic eggs for a DIY project and they all turned out so cute!!! The colors don’t fade and the brush tips make it easy to go from tiny details to bold strokes!!!Quick delivery and the price is totally worth it for how many colors and how high quality they are!!! If you’re into crafts, painting, or just love color—you need this set in your life!!!Amazing!!!"
28661,精细绘画/插画创作群,B0F24N6MRC,IVSUN,US,5,笔头表现,负面-笔头磨损分叉,frayed,"This is a gorgeous set of dual tip acrylic paint markers. Just look at the stunning array of colors! The two tips are a fine tip and a brush tip, which is perfect for the kind of work I do. I paint and decorate miniature doll house furniture. So the dual tips are not only needed for the tiny details but coverage of areas as well. The choice of colors is just spectacular. And extra tips are provided as well if a tip gets frayed or worn down. I recommend this set for detail drawing, painting, and certainly the type of work I do. It’s great to work even sitting on my couch because there’s no mess with these markers, and the flow of the paint out is almost imperceptible. Great set!"
28661,精细绘画/插画创作群,B0F24N6MRC,IVSUN,US,5,笔头耐用性,负面-磨损/分叉,fray,"This is a gorgeous set of dual tip acrylic paint markers. Just look at the stunning array of colors! The two tips are a fine tip and a brush tip, which is perfect for the kind of work I do. I paint and decorate miniature doll house furniture. So the dual tips are not only needed for the tiny details but coverage of areas as well. The choice of colors is just spectacular. And extra tips are provided as well if a tip gets frayed or worn down. I recommend this set for detail drawing, painting, and certainly the type of work I do. It’s great to work even sitting on my couch because there’s no mess with these markers, and the flow of the paint out is almost imperceptible. Great set!"
28673,填色/大面积上色群,B0F24N6MRC,IVSUN,US,5,墨水特性,负面-气味难闻,bad smell,"These markers are great. With the adult coloring books we have using them to highlight the edges and borders it works great. my only complaint with them is that there is no number or indication on them that tell you what color they are. You get a color sheet that tells you the color and the look of the marker color but if you don't put them back in the same spot you might end up grabbing a different color than you want so you'll have to label them yourself which is a pain. There isn't a bad smell to the markers that you sometimes get with these types of paint pens so you can go extended sessions of coloring. The size of them is what you would expect about the size of the smaller sharpie pen. I haven't colored long enough with them to see if they last longer with out them drying out like you do get from time to time. The marker tips are small and allow color to fill the tip adequately for your coloring. I love the little case that you get with them to keep them all in order and it zips up, with a carrying handle. It feels like a cd case back in the 90s but feels great and it would be easy if your like me hosting or going to color parties"
28673,填色/大面积上色群,B0F24N6MRC,IVSUN,US,5,墨水特性,负面-香味难闻/太浓,bad smell,"These markers are great. With the adult coloring books we have using them to highlight the edges and borders it works great. my only complaint with them is that there is no number or indication on them that tell you what color they are. You get a color sheet that tells you the color and the look of the marker color but if you don't put them back in the same spot you might end up grabbing a different color than you want so you'll have to label them yourself which is a pain. There isn't a bad smell to the markers that you sometimes get with these types of paint pens so you can go extended sessions of coloring. The size of them is what you would expect about the size of the smaller sharpie pen. I haven't colored long enough with them to see if they last longer with out them drying out like you do get from time to time. The marker tips are small and allow color to fill the tip adequately for your coloring. I love the little case that you get with them to keep them all in order and it zips up, with a carrying handle. It feels like a cd case back in the 90s but feels great and it would be easy if your like me hosting or going to color parties"
28675,精细绘画/插画创作群,B0F24N6MRC,IVSUN,US,5,绘画表现,负面-涂色不均,streak | streaking,"These acrylic paint pens are perfect for my 3d prints! The dual-tip design makes it easy to switch between detailed fine lines and smooth brush strokes. The 60 vibrant colors provide excellent coverage, drying quickly and adhering beautifully to my 3D prints. No smudging, no streaking—just flawless results. Highly recommend for artists, crafters, and anyone customizing prints!"
28677,多表面diy/定制群,B0F24N6MRC,IVSUN,US,5,流畅性,负面-出墨过多/漏墨,bleed through,"First of all, just the NUMBER of markers you are getting with this are worth the price, but the quality makes it even more reasonable. Each one is dual tipped, one with a more flared ""painting"" style tip, and the other with a finer tipped style. The shades are plentiful and vibrant, and it is very easy to color with them. Each one has a very smooth flow and operate very easily. The paint dries quite quickly (faster than I expected), and does not bleed through which was a nice surprise. I DID use a cardboard separator to be safe, though. No complaints at all, and the case is fantastic. I also love the addition of the color/shade chart and the flow assisters.  Remember, these are acrylics and not alcohol markers, but if you're looking for acrylic, I think you will love these. (Also great for rock painting!)"
28678,填色/大面积上色群,B0F24N6MRC,IVSUN,US,5,笔头表现,负面-细节控制差,too thick,"I really like these pens.  I find coloring a great way to de-stress.  I'm not great at drawing, but with the drawing already done, coloring is just choosing colors.  I have tried color pencils, but I dont like the saturation.  These pens make a beautiful color saturation.  And the two tip types allow you to color large areas well and also small areas.  The two options make all the difference.  I also feel the overall size of these is small like a stabdard pen which gives you a lot more control than if they were too thick.  Also I love that these come all organized in a case.  The case keeps everything neat and allows you to take you pens on the go."
28678,填色/大面积上色群,B0F24N6MRC,IVSUN,US,5,笔身与易用性,负面-握持不适,too thick,"I really like these pens.  I find coloring a great way to de-stress.  I'm not great at drawing, but with the drawing already done, coloring is just choosing colors.  I have tried color pencils, but I dont like the saturation.  These pens make a beautiful color saturation.  And the two tip types allow you to color large areas well and also small areas.  The two options make all the difference.  I also feel the overall size of these is small like a stabdard pen which gives you a lot more control than if they were too thick.  Also I love that these come all organized in a case.  The case keeps everything neat and allows you to take you pens on the go."
28686,精细绘画/插画创作群,B0F24N6MRC,IVSUN,US,5,流畅性,负面-出墨过多/漏墨,bleed through,"I absolutely adore these markers. Smooth flow, color consistency and transfer is spot on. They don't bleed through drawing paper like some others do. The double points are super helpful for detailed effects."
28695,儿童/课堂使用群,B0F24N6MRC,IVSUN,US,4,色彩饱和度与混合,负面-遮盖力差/透明,streaky,"For what I like, I would have probably given 3 stars, but I want to review these paint markers for what they are. Personally the paint inside isn’t up to my standards, but considering the price and the amount of markers, in addition to a case, they’re what I expected.<br><br>First, they come in a zippered case which I prefer over a cardboard box, which I wish more companies would do. Each marker has its own slot and the inserts are removable. It also comes with a printed swatch chart and extra nibs. Some of the swatches are pretty close, some are not, so you’ll want to make your own. The chart has names and numbers, but there’s no markings on the paint pens themselves - kinda pointless and you have to just go by the cap color. As long as you have a chart and keep them in order I guess it’s not that bad, but what if you take multiple out or use different storage? When swatching them, I noticed that some are nice and “juicy” where the paint flows nicely, but others are dryer, and you’ll need to go slower to get better coverage. The paint is on the thinner side, so they can get a little streaky, and the opacity just isn’t there. The dark colors are obviously better, but mid tones (like red) didn’t cover black ink, even with three coats, and some of the dark colors (like dark green) failed here, too. Personally, I prefer opaque paint, but this might not be a negative for some. Of the colors, I do think there’s a nice selection of warm, cool, a couple of skin tone, and neutral colors, and even a handful of metallic. For a beginner set, I think there’s colors are good to get started for sure.<br><br>I plan to play around with them a little more, but I think this set will get passed along to the kids for their projects and play. For the current price, they’re worth checking out, and would make a good gift for kids. If you are familiar with some of the more expensive brands of paint markers though, I would probably skip these. It just depends on what you want them for."
28695,儿童/课堂使用群,B0F24N6MRC,IVSUN,US,4,绘画表现,负面-涂色不均,streak | streaky,"For what I like, I would have probably given 3 stars, but I want to review these paint markers for what they are. Personally the paint inside isn’t up to my standards, but considering the price and the amount of markers, in addition to a case, they’re what I expected.<br><br>First, they come in a zippered case which I prefer over a cardboard box, which I wish more companies would do. Each marker has its own slot and the inserts are removable. It also comes with a printed swatch chart and extra nibs. Some of the swatches are pretty close, some are not, so you’ll want to make your own. The chart has names and numbers, but there’s no markings on the paint pens themselves - kinda pointless and you have to just go by the cap color. As long as you have a chart and keep them in order I guess it’s not that bad, but what if you take multiple out or use different storage? When swatching them, I noticed that some are nice and “juicy” where the paint flows nicely, but others are dryer, and you’ll need to go slower to get better coverage. The paint is on the thinner side, so they can get a little streaky, and the opacity just isn’t there. The dark colors are obviously better, but mid tones (like red) didn’t cover black ink, even with three coats, and some of the dark colors (like dark green) failed here, too. Personally, I prefer opaque paint, but this might not be a negative for some. Of the colors, I do think there’s a nice selection of warm, cool, a couple of skin tone, and neutral colors, and even a handful of metallic. For a beginner set, I think there’s colors are good to get started for sure.<br><br>I plan to play around with them a little more, but I think this set will get passed along to the kids for their projects and play. For the current price, they’re worth checking out, and would make a good gift for kids. If you are familiar with some of the more expensive brands of paint markers though, I would probably skip these. It just depends on what you want them for."
28695,儿童/课堂使用群,B0F24N6MRC,IVSUN,US,4,表面/介质表现,负面-在石头上表现差,streaky,"For what I like, I would have probably given 3 stars, but I want to review these paint markers for what they are. Personally the paint inside isn’t up to my standards, but considering the price and the amount of markers, in addition to a case, they’re what I expected.<br><br>First, they come in a zippered case which I prefer over a cardboard box, which I wish more companies would do. Each marker has its own slot and the inserts are removable. It also comes with a printed swatch chart and extra nibs. Some of the swatches are pretty close, some are not, so you’ll want to make your own. The chart has names and numbers, but there’s no markings on the paint pens themselves - kinda pointless and you have to just go by the cap color. As long as you have a chart and keep them in order I guess it’s not that bad, but what if you take multiple out or use different storage? When swatching them, I noticed that some are nice and “juicy” where the paint flows nicely, but others are dryer, and you’ll need to go slower to get better coverage. The paint is on the thinner side, so they can get a little streaky, and the opacity just isn’t there. The dark colors are obviously better, but mid tones (like red) didn’t cover black ink, even with three coats, and some of the dark colors (like dark green) failed here, too. Personally, I prefer opaque paint, but this might not be a negative for some. Of the colors, I do think there’s a nice selection of warm, cool, a couple of skin tone, and neutral colors, and even a handful of metallic. For a beginner set, I think there’s colors are good to get started for sure.<br><br>I plan to play around with them a little more, but I think this set will get passed along to the kids for their projects and play. For the current price, they’re worth checking out, and would make a good gift for kids. If you are familiar with some of the more expensive brands of paint markers though, I would probably skip these. It just depends on what you want them for."
28695,儿童/课堂使用群,B0F24N6MRC,IVSUN,US,4,性价比,负面-价格昂贵,expensive,"For what I like, I would have probably given 3 stars, but I want to review these paint markers for what they are. Personally the paint inside isn’t up to my standards, but considering the price and the amount of markers, in addition to a case, they’re what I expected.<br><br>First, they come in a zippered case which I prefer over a cardboard box, which I wish more companies would do. Each marker has its own slot and the inserts are removable. It also comes with a printed swatch chart and extra nibs. Some of the swatches are pretty close, some are not, so you’ll want to make your own. The chart has names and numbers, but there’s no markings on the paint pens themselves - kinda pointless and you have to just go by the cap color. As long as you have a chart and keep them in order I guess it’s not that bad, but what if you take multiple out or use different storage? When swatching them, I noticed that some are nice and “juicy” where the paint flows nicely, but others are dryer, and you’ll need to go slower to get better coverage. The paint is on the thinner side, so they can get a little streaky, and the opacity just isn’t there. The dark colors are obviously better, but mid tones (like red) didn’t cover black ink, even with three coats, and some of the dark colors (like dark green) failed here, too. Personally, I prefer opaque paint, but this might not be a negative for some. Of the colors, I do think there’s a nice selection of warm, cool, a couple of skin tone, and neutral colors, and even a handful of metallic. For a beginner set, I think there’s colors are good to get started for sure.<br><br>I plan to play around with them a little more, but I think this set will get passed along to the kids for their projects and play. For the current price, they’re worth checking out, and would make a good gift for kids. If you are familiar with some of the more expensive brands of paint markers though, I would probably skip these. It just depends on what you want them for."
28704,多表面diy/定制群,B0F2JLC1TM,ARTISTRO,US,5,流畅性,负面-出墨过多/漏墨,blotchy,Worked perfectly for the wood crafts. Went on smoothly and not blotchy like hoped it would.
28704,多表面diy/定制群,B0F2JLC1TM,ARTISTRO,US,5,绘画表现,负面-涂色不均,blotchy,Worked perfectly for the wood crafts. Went on smoothly and not blotchy like hoped it would.
28734,多表面diy/定制群,B0F4WTK6LL,DICEKOO,US,5,笔头表现,负面-硬度/不可替换,mushy,"I am really liking this acrylic paint marker set. I really like the many, many different colors that you receive in this set. The colors are vibrant and color smoothly. I have used them on many different mediums, including lamp shades and glasses, and am happy with the results. I will say that on glass, it does eventually wash off, but it takes awhile if we are careful not to use the sponge aggressively on the area with the paint. These are ready to use right out of the nifty carrying case it comes in, which I really appreciated. The marker nibs work well, but after a bit of use start to get flimsy at the tip. They do include 20 replacement tips so that when they start to get mushy at the end, it can easily be fixed without losing an entire marker. This is a pricey set, but I love the versatility this provides with the smooth coverage and color options. I would definitely get these again."
28734,多表面diy/定制群,B0F4WTK6LL,DICEKOO,US,5,笔身与易用性,负面-材质/做工差,flimsy,"I am really liking this acrylic paint marker set. I really like the many, many different colors that you receive in this set. The colors are vibrant and color smoothly. I have used them on many different mediums, including lamp shades and glasses, and am happy with the results. I will say that on glass, it does eventually wash off, but it takes awhile if we are careful not to use the sponge aggressively on the area with the paint. These are ready to use right out of the nifty carrying case it comes in, which I really appreciated. The marker nibs work well, but after a bit of use start to get flimsy at the tip. They do include 20 replacement tips so that when they start to get mushy at the end, it can easily be fixed without losing an entire marker. This is a pricey set, but I love the versatility this provides with the smooth coverage and color options. I would definitely get these again."
28734,多表面diy/定制群,B0F4WTK6LL,DICEKOO,US,5,性价比,负面-价格昂贵,pricey,"I am really liking this acrylic paint marker set. I really like the many, many different colors that you receive in this set. The colors are vibrant and color smoothly. I have used them on many different mediums, including lamp shades and glasses, and am happy with the results. I will say that on glass, it does eventually wash off, but it takes awhile if we are careful not to use the sponge aggressively on the area with the paint. These are ready to use right out of the nifty carrying case it comes in, which I really appreciated. The marker nibs work well, but after a bit of use start to get flimsy at the tip. They do include 20 replacement tips so that when they start to get mushy at the end, it can easily be fixed without losing an entire marker. This is a pricey set, but I love the versatility this provides with the smooth coverage and color options. I would definitely get these again."
28739,填色/大面积上色群,B0F4WTK6LL,DICEKOO,US,5,笔头表现,负面-笔头磨损分叉,frayed,"These markers are worth their value. I like how every single marker has its own elastic band. When the set first came in, all of the markers were not in order, so while I was filling in the swatch card, I put the markers into the order that matches the color cards. I also gave each row.A label by using the white marker. I recommend actually taking the time to do this step. It will make it easier for you when you're trying to find a specific color based on the color card.I have used these markers so far on paper on cardboard, on plastic and on leaves and they work as if I was coloring in a coloring book. I love that the markers do not bleed through on thin coloring books. The pictures i'm showing are of a color by number coloring book. I wanted to use this one so you can see how well the colors cover the printed letter or number. The majority of the colors do cover the black font of the number/letter code in the pixel boxes. There are only a small handful of colors that you may need to layer up. A perfect example is the wheat color in the photos. You can still see the letter g through the paint.Because these are acrylic markers, always store your markers horizontally.If you do not want them to dry up. The set comes with twenty extra nibs, so if you find a marker's nib gets frayed, you can replace it. The zippered bag comes in handy too. It makes the markers easier to lug around, to store away, and is more appealing than a box of markers."
28739,填色/大面积上色群,B0F4WTK6LL,DICEKOO,US,5,笔头耐用性,负面-磨损/分叉,fray,"These markers are worth their value. I like how every single marker has its own elastic band. When the set first came in, all of the markers were not in order, so while I was filling in the swatch card, I put the markers into the order that matches the color cards. I also gave each row.A label by using the white marker. I recommend actually taking the time to do this step. It will make it easier for you when you're trying to find a specific color based on the color card.I have used these markers so far on paper on cardboard, on plastic and on leaves and they work as if I was coloring in a coloring book. I love that the markers do not bleed through on thin coloring books. The pictures i'm showing are of a color by number coloring book. I wanted to use this one so you can see how well the colors cover the printed letter or number. The majority of the colors do cover the black font of the number/letter code in the pixel boxes. There are only a small handful of colors that you may need to layer up. A perfect example is the wheat color in the photos. You can still see the letter g through the paint.Because these are acrylic markers, always store your markers horizontally.If you do not want them to dry up. The set comes with twenty extra nibs, so if you find a marker's nib gets frayed, you can replace it. The zippered bag comes in handy too. It makes the markers easier to lug around, to store away, and is more appealing than a box of markers."
28739,填色/大面积上色群,B0F4WTK6LL,DICEKOO,US,5,流畅性,负面-出墨过多/漏墨,bleed through,"These markers are worth their value. I like how every single marker has its own elastic band. When the set first came in, all of the markers were not in order, so while I was filling in the swatch card, I put the markers into the order that matches the color cards. I also gave each row.A label by using the white marker. I recommend actually taking the time to do this step. It will make it easier for you when you're trying to find a specific color based on the color card.I have used these markers so far on paper on cardboard, on plastic and on leaves and they work as if I was coloring in a coloring book. I love that the markers do not bleed through on thin coloring books. The pictures i'm showing are of a color by number coloring book. I wanted to use this one so you can see how well the colors cover the printed letter or number. The majority of the colors do cover the black font of the number/letter code in the pixel boxes. There are only a small handful of colors that you may need to layer up. A perfect example is the wheat color in the photos. You can still see the letter g through the paint.Because these are acrylic markers, always store your markers horizontally.If you do not want them to dry up. The set comes with twenty extra nibs, so if you find a marker's nib gets frayed, you can replace it. The zippered bag comes in handy too. It makes the markers easier to lug around, to store away, and is more appealing than a box of markers."
28744,多表面diy/定制群,B0F4X32HC4,Astriscribe,US,5,绘画表现,负面-涂色不均,streak | streaking,"The Astriscribe 48 Colors Acrylic Paint Pens stand out for both quality and usability. The colors are bright and vibrant, with excellent opacity that covers surfaces evenly without streaking. The brush tip is responsive and allows for precise detailing, which is especially helpful when working on small designs or intricate patterns.

One of the features I appreciate most is the no-bleed ink and smooth flow. Even on porous surfaces like rock or wood, the colors stay where I place them without spreading unpredictably. The automatic ink control system ensures consistent coverage, which reduces the frustration I’ve experienced with other markers that sputter or require repeated strokes.

The kit itself is thoughtfully organized. Each color has its own divided section in the sturdy storage box with a slip lid, making it easy to find the shade I need quickly. The included swatch card is extremely helpful for planning projects without wasting paint. Additionally, the extra nibs are a nice touch, offering peace of mind in case any tips wear down.

Considering the quality of the markers, the vibrant color selection, and the practical storage and extras, this set is an outstanding value. Whether you are a hobbyist, a professional artist, or just looking to try out acrylic marker art, these pens deliver excellent performance across multiple surfaces."
28760,多表面diy/定制群,B0F4X32HC4,Astriscribe,US,5,颜色种类,负面-色系规划不满,too many similar colors,"This is a really nice set of acrylic paint markers. My mom likes to host the occasional rock painting dinner, so I thought I'd bring these along to put them through their paces. They performed quite well. I drew a man, and my mom made her rock look like a piece of meat. The paint colors are really vibrant and cover well. Even on a dark rock, they don't get too muddy looking. I really like that the markers show you how much paint is left in them. If I had to criticize them, I'd say that there are too many similar colors. There's just not much difference in some of the shades. I'd rather have a wider array. Other than that, I'm super happy with the product."
28761,多表面diy/定制群,B0F4X32HC4,Astriscribe,US,4,色彩饱和度与混合,负面-遮盖力差/透明,watery,"This marker set covers a wide color range with opaque ink that shows up well on surfaces like wood, canvas, and ceramic. I tested a few on glass jars and stones, and the color lays down smoothly without streaking. The brush tips give better control than bullet tips, though they can fray slightly with rough surfaces. Compared to cheaper paint pens, these felt more vibrant and less watery, making them useful for detailed craft projects. There is a good selection of colors that should complement any project. There's a test card included so you can try out the colors and reference them for your projects."
28761,多表面diy/定制群,B0F4X32HC4,Astriscribe,US,4,笔头耐用性,负面-磨损/分叉,fray,"This marker set covers a wide color range with opaque ink that shows up well on surfaces like wood, canvas, and ceramic. I tested a few on glass jars and stones, and the color lays down smoothly without streaking. The brush tips give better control than bullet tips, though they can fray slightly with rough surfaces. Compared to cheaper paint pens, these felt more vibrant and less watery, making them useful for detailed craft projects. There is a good selection of colors that should complement any project. There's a test card included so you can try out the colors and reference them for your projects."
28761,多表面diy/定制群,B0F4X32HC4,Astriscribe,US,4,绘画表现,负面-涂色不均,streak | streaking,"This marker set covers a wide color range with opaque ink that shows up well on surfaces like wood, canvas, and ceramic. I tested a few on glass jars and stones, and the color lays down smoothly without streaking. The brush tips give better control than bullet tips, though they can fray slightly with rough surfaces. Compared to cheaper paint pens, these felt more vibrant and less watery, making them useful for detailed craft projects. There is a good selection of colors that should complement any project. There's a test card included so you can try out the colors and reference them for your projects."
28763,多表面diy/定制群,B0F4X32HC4,Astriscribe,US,5,色彩饱和度与混合,负面-遮盖力差/透明,see through,"I have had this set for 20 days and it has pulled its weight on a bunch of projects. First stroke out of the cap was clean with no shaking or priming. The brush tips feel springy and make thin outlines or solid fills without fighting me. Coverage is strong. On paper and canvas I get crisp lines in 1 coat. On plastic and a dark river rock I needed 2 quick coats, and the second went on soon after the first without lifting the color.

I tested a handful of surfaces. Cardstock, canvas panel, a 3D print, a glazed mug, and a few garden stones. The ink flow stayed even and I did not see sputtering. On glass labels the writing stayed put through dry wiping and light scratches. It lifted with a wet paper towel, which is actually handy for temporary kitchen labels. Once fully dry on the rocks and mug it held up to a rinse in cool water.

The color range is generous. Most hues pop and layer well. A few shades are very close, so I filled in the swatch card and put tiny dots on the caps to speed up picking the right one. Dry time depends on the surface. Paper was touch safe in about 2 min. Smooth plastic was closer to 5. The see through ink window is useful, and the divided storage box keeps everything tidy in a backpack. Extra tips are a smart bonus.

For the size of the set and how reliably these write, the value feels excellent. Easy start, bright results, and dependable control across materials. I reach for them now when I want paint look with marker speed."
28763,多表面diy/定制群,B0F4X32HC4,Astriscribe,US,5,绘画表现,负面-过于透明/覆盖力差,see through,"I have had this set for 20 days and it has pulled its weight on a bunch of projects. First stroke out of the cap was clean with no shaking or priming. The brush tips feel springy and make thin outlines or solid fills without fighting me. Coverage is strong. On paper and canvas I get crisp lines in 1 coat. On plastic and a dark river rock I needed 2 quick coats, and the second went on soon after the first without lifting the color.

I tested a handful of surfaces. Cardstock, canvas panel, a 3D print, a glazed mug, and a few garden stones. The ink flow stayed even and I did not see sputtering. On glass labels the writing stayed put through dry wiping and light scratches. It lifted with a wet paper towel, which is actually handy for temporary kitchen labels. Once fully dry on the rocks and mug it held up to a rinse in cool water.

The color range is generous. Most hues pop and layer well. A few shades are very close, so I filled in the swatch card and put tiny dots on the caps to speed up picking the right one. Dry time depends on the surface. Paper was touch safe in about 2 min. Smooth plastic was closer to 5. The see through ink window is useful, and the divided storage box keeps everything tidy in a backpack. Extra tips are a smart bonus.

For the size of the set and how reliably these write, the value feels excellent. Easy start, bright results, and dependable control across materials. I reach for them now when I want paint look with marker speed."
28778,儿童/课堂使用群,B0F4XFTXMV,WELLOKB,US,5,笔头耐用性,负面-寿命不匹配,dry out,"I bought these markers for my son because he loves to draw, and we were delighted. The colors are super vibrant, they don't dry out quickly, and they have two tips—one fine and one thicker—which are very practical. They come in many different shades and are clearly of good quality. Plus, the case keeps them organized and easy to store. Perfect for homework, school projects, or just letting your creativity run wild. A worthwhile purchase!"
28782,精细绘画/插画创作群,B0F4XFTXMV,WELLOKB,US,5,色彩饱和度与混合,负面-暗淡/褪色,pale,"I am extremely satisfied with the purchase of these 80 WELLOKB acrylic paint markers. The quality of the paint is exceptional; they have a vibrant pigmentation that flows evenly and with excellent coverage, even on dark or porous surfaces such as wood and ceramics.

The medium tip is versatile, allowing both detailed work and fast filling of larger areas. It is a fundamental set for any artist or crafting fan who needs an extensive color palette. The variety of tones, especially pastels and metallics, is what really sets them apart.

They arrived very quickly and in perfect condition. Definitely, an investment that is worthwhile to raise the quality of my projects. Totally recommended!"
28789,精细绘画/插画创作群,B0F4XFTXMV,WELLOKB,US,5,流畅性,负面-出墨过多/漏墨,bleed through,"The Wellokb markers are excellent for drawing and coloring. They have vibrant pigmentation, and the colors blend beautifully together. The tip is smooth and precise, making it perfect for both fine details and broad strokes. Plus, they don’t bleed through the paper, and their design is comfortable to hold — ideal for long creative sessions. Overall, a high-quality choice at a very affordable price."
28795,儿童/课堂使用群,B0F4XFTXMV,WELLOKB,US,5,笔身与易用性,负面-材质/做工差,break,"I bought these colors for my daughter, and we both love them! The colors are bright, smooth, and easy to blend. They don’t break easily, and the box has a nice variety of shades. Perfect for drawing, coloring books, or school projects. Totally worth it for the price!"
28801,多表面diy/定制群,B0F4XFTXMV,WELLOKB,US,5,流畅性,负面-干涩/刮纸/断墨,skipping,"I am in love with these paint pens! The colors are incredibly vibrant and opaque, and the paint flows smoothly without any skipping. They work perfectly on rocks, canvas, and wood."
28809,儿童/课堂使用群,B0F4XFTXMV,WELLOKB,US,5,笔头耐用性,负面-寿命不匹配,dry out,"I bought these acrylic markers for my son, and he absolutely loves them. The colors are bright, smooth, and easy to use on paper, wood, and even rocks. They don’t dry out quickly and the double tip is very convenient. Great quality for the price — highly recommended for kids and crafts!"
28835,填色/大面积上色群,B0F4XFTXMV,WELLOKB,US,5,流畅性,负面-出墨过多/漏墨,bleed through,"I'm thrilled with these markers 😍. They have beautiful pigmentation, and the colors look vibrant yet soft, perfect for coloring mandalas or making detailed drawings. They don't bleed through the paper and blend beautifully. The case is super practical, and I love having all the shades organized. Definitely a purchase worth it 🎨💖"
28844,多表面diy/定制群,B0F4XFTXMV,WELLOKB,US,5,笔头耐用性,负面-寿命不匹配,dry out,"I bought this set of 80 acrylic paint markers and I absolutely loved them. The colors are very vibrant, they cover perfectly on different surfaces like wood, fabric, stone, and paper, and they don’t dry out easily. The ink flows smoothly and doesn’t smudge, which makes the drawings and crafts look very neat."
28846,纸面手账/装饰书写群,B0F4XFTXMV,WELLOKB,US,5,笔头耐用性,负面-寿命不匹配,dry out,"I absolutely love these acrylic markers! The colors are bright, opaque, and smooth — perfect for both beginners and experienced artists. The ink flows evenly, doesn’t bleed, and dries quickly. I’ve used them on wood, glass, plastic, and canvas — they work beautifully on every surface.

The pens are comfortable to hold, and the tips are durable, even after long use. I also like that the caps close tightly so the markers don’t dry out. Great value for the price — highly recommend for art projects, DIY crafts, and journaling!"
28866,精细绘画/插画创作群,B0F5G5T7Y2,WELLOKB,US,5,色彩饱和度与混合,负面-遮盖力差/透明,streaky,"I’m absolutely in love with these markers! I recently had the chance to use them for some artwork (I'll be sharing pictures soon), and they completely exceeded my expectations in every way. From the moment I opened the set, I was impressed with the vibrant color selection. With 80 shades to choose from, there’s a perfect hue for any project, whether you're looking for something bold and eye-catching or soft and subtle. Additionally, the dual-tipped design provides incredible versatility, enabling you to work with greater precision on fine details or cover larger areas with ease, depending on the project or surface you’re working on.

The paint itself flows beautifully—smooth and consistent. I’ve worked with other paint markers before, but these have an especially nice texture. The colors layer effortlessly on top of one another, giving you the ability to create depth and dimension in your artwork. I've used these on a variety of surfaces, including canvas, rocks, wood, and even fabric, and the results have been consistently fantastic. The markers perform well on each material, with no bleeding or fading, and the color payoff is rich and true to the cap’s shade.

The quality of the markers feels top-notch, which is something I really appreciate. They have a premium, well-constructed feel, and yet they’re surprisingly beginner-friendly. You don’t need to be a professional artist to get good results with these, but even as someone who has experience with more advanced projects, I found them incredibly fun and easy to use. Most of the colors have great opacity, even on darker surfaces, and the blending ability is better than I anticipated, especially for acrylic markers. It’s easy to mix and layer colors without them becoming muddy or streaky, which makes a huge difference when you’re trying to achieve smooth transitions or soft gradients in your art.

Another thing I really love is how well the tips hold their shape. I’ve had markers in the past where the tips lose their form after only a few uses, but these maintain their point for precision and offer smooth, even coverage every time. I’ve also noticed no issues with drying out or skipping, which can be a problem with cheaper markers. I’ve been able to work for extended periods without needing to shake or prime the pens, which is a huge plus when you’re in the zone.

Now, I do have a tiny complaint, but it’s really nothing major. A few of the darker colors, especially the deep reds and blacks, can bleed a little when you’re using them on thinner paper. However, this is pretty common with highly pigmented acrylic markers, so it wasn’t a dealbreaker for me. It’s just something to keep in mind if you plan on using them for detailed line work on thin paper—especially if you're working with delicate materials or want to avoid any bleed-through.

All in all, I’m beyond pleased with these markers, and I’m giving them a solid 5 stars. They’ve been a fantastic addition to my art supplies, and I know I’ll be reaching for them again and again in the future. Whether you’re a beginner looking to try out paint markers for the first time or an experienced artist searching for a new tool to elevate your work, these markers are an amazing choice. I can’t wait to create even more with them! You will not get these for the price listed below. Check these out. You will love them"
28866,精细绘画/插画创作群,B0F5G5T7Y2,WELLOKB,US,5,流畅性,负面-干涩/刮纸/断墨,skipping,"I’m absolutely in love with these markers! I recently had the chance to use them for some artwork (I'll be sharing pictures soon), and they completely exceeded my expectations in every way. From the moment I opened the set, I was impressed with the vibrant color selection. With 80 shades to choose from, there’s a perfect hue for any project, whether you're looking for something bold and eye-catching or soft and subtle. Additionally, the dual-tipped design provides incredible versatility, enabling you to work with greater precision on fine details or cover larger areas with ease, depending on the project or surface you’re working on.

The paint itself flows beautifully—smooth and consistent. I’ve worked with other paint markers before, but these have an especially nice texture. The colors layer effortlessly on top of one another, giving you the ability to create depth and dimension in your artwork. I've used these on a variety of surfaces, including canvas, rocks, wood, and even fabric, and the results have been consistently fantastic. The markers perform well on each material, with no bleeding or fading, and the color payoff is rich and true to the cap’s shade.

The quality of the markers feels top-notch, which is something I really appreciate. They have a premium, well-constructed feel, and yet they’re surprisingly beginner-friendly. You don’t need to be a professional artist to get good results with these, but even as someone who has experience with more advanced projects, I found them incredibly fun and easy to use. Most of the colors have great opacity, even on darker surfaces, and the blending ability is better than I anticipated, especially for acrylic markers. It’s easy to mix and layer colors without them becoming muddy or streaky, which makes a huge difference when you’re trying to achieve smooth transitions or soft gradients in your art.

Another thing I really love is how well the tips hold their shape. I’ve had markers in the past where the tips lose their form after only a few uses, but these maintain their point for precision and offer smooth, even coverage every time. I’ve also noticed no issues with drying out or skipping, which can be a problem with cheaper markers. I’ve been able to work for extended periods without needing to shake or prime the pens, which is a huge plus when you’re in the zone.

Now, I do have a tiny complaint, but it’s really nothing major. A few of the darker colors, especially the deep reds and blacks, can bleed a little when you’re using them on thinner paper. However, this is pretty common with highly pigmented acrylic markers, so it wasn’t a dealbreaker for me. It’s just something to keep in mind if you plan on using them for detailed line work on thin paper—especially if you're working with delicate materials or want to avoid any bleed-through.

All in all, I’m beyond pleased with these markers, and I’m giving them a solid 5 stars. They’ve been a fantastic addition to my art supplies, and I know I’ll be reaching for them again and again in the future. Whether you’re a beginner looking to try out paint markers for the first time or an experienced artist searching for a new tool to elevate your work, these markers are an amazing choice. I can’t wait to create even more with them! You will not get these for the price listed below. Check these out. You will love them"
28866,精细绘画/插画创作群,B0F5G5T7Y2,WELLOKB,US,5,笔身与易用性,负面-材质/做工差,break,"I’m absolutely in love with these markers! I recently had the chance to use them for some artwork (I'll be sharing pictures soon), and they completely exceeded my expectations in every way. From the moment I opened the set, I was impressed with the vibrant color selection. With 80 shades to choose from, there’s a perfect hue for any project, whether you're looking for something bold and eye-catching or soft and subtle. Additionally, the dual-tipped design provides incredible versatility, enabling you to work with greater precision on fine details or cover larger areas with ease, depending on the project or surface you’re working on.

The paint itself flows beautifully—smooth and consistent. I’ve worked with other paint markers before, but these have an especially nice texture. The colors layer effortlessly on top of one another, giving you the ability to create depth and dimension in your artwork. I've used these on a variety of surfaces, including canvas, rocks, wood, and even fabric, and the results have been consistently fantastic. The markers perform well on each material, with no bleeding or fading, and the color payoff is rich and true to the cap’s shade.

The quality of the markers feels top-notch, which is something I really appreciate. They have a premium, well-constructed feel, and yet they’re surprisingly beginner-friendly. You don’t need to be a professional artist to get good results with these, but even as someone who has experience with more advanced projects, I found them incredibly fun and easy to use. Most of the colors have great opacity, even on darker surfaces, and the blending ability is better than I anticipated, especially for acrylic markers. It’s easy to mix and layer colors without them becoming muddy or streaky, which makes a huge difference when you’re trying to achieve smooth transitions or soft gradients in your art.

Another thing I really love is how well the tips hold their shape. I’ve had markers in the past where the tips lose their form after only a few uses, but these maintain their point for precision and offer smooth, even coverage every time. I’ve also noticed no issues with drying out or skipping, which can be a problem with cheaper markers. I’ve been able to work for extended periods without needing to shake or prime the pens, which is a huge plus when you’re in the zone.

Now, I do have a tiny complaint, but it’s really nothing major. A few of the darker colors, especially the deep reds and blacks, can bleed a little when you’re using them on thinner paper. However, this is pretty common with highly pigmented acrylic markers, so it wasn’t a dealbreaker for me. It’s just something to keep in mind if you plan on using them for detailed line work on thin paper—especially if you're working with delicate materials or want to avoid any bleed-through.

All in all, I’m beyond pleased with these markers, and I’m giving them a solid 5 stars. They’ve been a fantastic addition to my art supplies, and I know I’ll be reaching for them again and again in the future. Whether you’re a beginner looking to try out paint markers for the first time or an experienced artist searching for a new tool to elevate your work, these markers are an amazing choice. I can’t wait to create even more with them! You will not get these for the price listed below. Check these out. You will love them"
28866,精细绘画/插画创作群,B0F5G5T7Y2,WELLOKB,US,5,绘画表现,负面-涂色不均,streak | streaky,"I’m absolutely in love with these markers! I recently had the chance to use them for some artwork (I'll be sharing pictures soon), and they completely exceeded my expectations in every way. From the moment I opened the set, I was impressed with the vibrant color selection. With 80 shades to choose from, there’s a perfect hue for any project, whether you're looking for something bold and eye-catching or soft and subtle. Additionally, the dual-tipped design provides incredible versatility, enabling you to work with greater precision on fine details or cover larger areas with ease, depending on the project or surface you’re working on.

The paint itself flows beautifully—smooth and consistent. I’ve worked with other paint markers before, but these have an especially nice texture. The colors layer effortlessly on top of one another, giving you the ability to create depth and dimension in your artwork. I've used these on a variety of surfaces, including canvas, rocks, wood, and even fabric, and the results have been consistently fantastic. The markers perform well on each material, with no bleeding or fading, and the color payoff is rich and true to the cap’s shade.

The quality of the markers feels top-notch, which is something I really appreciate. They have a premium, well-constructed feel, and yet they’re surprisingly beginner-friendly. You don’t need to be a professional artist to get good results with these, but even as someone who has experience with more advanced projects, I found them incredibly fun and easy to use. Most of the colors have great opacity, even on darker surfaces, and the blending ability is better than I anticipated, especially for acrylic markers. It’s easy to mix and layer colors without them becoming muddy or streaky, which makes a huge difference when you’re trying to achieve smooth transitions or soft gradients in your art.

Another thing I really love is how well the tips hold their shape. I’ve had markers in the past where the tips lose their form after only a few uses, but these maintain their point for precision and offer smooth, even coverage every time. I’ve also noticed no issues with drying out or skipping, which can be a problem with cheaper markers. I’ve been able to work for extended periods without needing to shake or prime the pens, which is a huge plus when you’re in the zone.

Now, I do have a tiny complaint, but it’s really nothing major. A few of the darker colors, especially the deep reds and blacks, can bleed a little when you’re using them on thinner paper. However, this is pretty common with highly pigmented acrylic markers, so it wasn’t a dealbreaker for me. It’s just something to keep in mind if you plan on using them for detailed line work on thin paper—especially if you're working with delicate materials or want to avoid any bleed-through.

All in all, I’m beyond pleased with these markers, and I’m giving them a solid 5 stars. They’ve been a fantastic addition to my art supplies, and I know I’ll be reaching for them again and again in the future. Whether you’re a beginner looking to try out paint markers for the first time or an experienced artist searching for a new tool to elevate your work, these markers are an amazing choice. I can’t wait to create even more with them! You will not get these for the price listed below. Check these out. You will love them"
28866,精细绘画/插画创作群,B0F5G5T7Y2,WELLOKB,US,5,表面/介质表现,负面-在石头上表现差,streaky,"I’m absolutely in love with these markers! I recently had the chance to use them for some artwork (I'll be sharing pictures soon), and they completely exceeded my expectations in every way. From the moment I opened the set, I was impressed with the vibrant color selection. With 80 shades to choose from, there’s a perfect hue for any project, whether you're looking for something bold and eye-catching or soft and subtle. Additionally, the dual-tipped design provides incredible versatility, enabling you to work with greater precision on fine details or cover larger areas with ease, depending on the project or surface you’re working on.

The paint itself flows beautifully—smooth and consistent. I’ve worked with other paint markers before, but these have an especially nice texture. The colors layer effortlessly on top of one another, giving you the ability to create depth and dimension in your artwork. I've used these on a variety of surfaces, including canvas, rocks, wood, and even fabric, and the results have been consistently fantastic. The markers perform well on each material, with no bleeding or fading, and the color payoff is rich and true to the cap’s shade.

The quality of the markers feels top-notch, which is something I really appreciate. They have a premium, well-constructed feel, and yet they’re surprisingly beginner-friendly. You don’t need to be a professional artist to get good results with these, but even as someone who has experience with more advanced projects, I found them incredibly fun and easy to use. Most of the colors have great opacity, even on darker surfaces, and the blending ability is better than I anticipated, especially for acrylic markers. It’s easy to mix and layer colors without them becoming muddy or streaky, which makes a huge difference when you’re trying to achieve smooth transitions or soft gradients in your art.

Another thing I really love is how well the tips hold their shape. I’ve had markers in the past where the tips lose their form after only a few uses, but these maintain their point for precision and offer smooth, even coverage every time. I’ve also noticed no issues with drying out or skipping, which can be a problem with cheaper markers. I’ve been able to work for extended periods without needing to shake or prime the pens, which is a huge plus when you’re in the zone.

Now, I do have a tiny complaint, but it’s really nothing major. A few of the darker colors, especially the deep reds and blacks, can bleed a little when you’re using them on thinner paper. However, this is pretty common with highly pigmented acrylic markers, so it wasn’t a dealbreaker for me. It’s just something to keep in mind if you plan on using them for detailed line work on thin paper—especially if you're working with delicate materials or want to avoid any bleed-through.

All in all, I’m beyond pleased with these markers, and I’m giving them a solid 5 stars. They’ve been a fantastic addition to my art supplies, and I know I’ll be reaching for them again and again in the future. Whether you’re a beginner looking to try out paint markers for the first time or an experienced artist searching for a new tool to elevate your work, these markers are an amazing choice. I can’t wait to create even more with them! You will not get these for the price listed below. Check these out. You will love them"
28874,多表面diy/定制群,B0F5G5T7Y2,WELLOKB,US,5,流畅性,负面-出墨过多/漏墨,bleed through,"I’m absolutely obsessed with these markers!! They’re so versatile!! They can be used on paper, wood, acrylic, glass, etc!! They don’t smear whatsoever (which is a huge positive for someone like myself who is left handed), and they also don’t bleed through the paper at all! I was absolutely blown away when I saw that it didn’t bleed through at all! They’re incredibly easy to use and are SO vibrant!! Some of them will even glow in black light! Even on paper!! For the price point, I do feel like this is an amazing deal especially since you get 80 markers! I will definitely be buying more!"
28896,多表面diy/定制群,B0F5G5T7Y2,WELLOKB,US,5,笔头耐用性,负面-寿命不匹配,dry out,"These paint markers are amazing for all kinds of DIY projects. The set includes a wide range of 80 vibrant colors, and I like that each pen has dual tips—one brush tip for smooth coloring and one fine tip for details. The paint works well on wood, glass, rocks, canvas, and even ceramics without fading. They’re easy to use, don’t dry out quickly, and are great for both kids and adults. A perfect set for crafts, art projects, and decorating."
28902,多表面diy/定制群,B0F5G5T7Y2,WELLOKB,US,5,流畅性,负面-出墨过多/漏墨,bleed through,"I bought this marker set and was delighted with the quality.
The colors are very vibrant, provide perfect coverage, and don't bleed through.
I love that it has a dual tip: a fine tip for details and a thicker tip for filling.
The variety of 80 shades allows for incredible blends and very creative projects.
They work well on different surfaces like paper, wood, and even rocks.
The case is very practical for keeping everything organized and easy to transport.
Without a doubt, an excellent purchase for those who enjoy art and painting."
28944,儿童/课堂使用群,B0F5G5T7Y2,WELLOKB,US,5,墨水特性,负面-气味难闻,strong smell,"My little girls lov it , and also have 2 more kids and they say the markers are awesome , have 80 color have a really good money value , perfect size to have in bag pack , don’t have strong smell , I recommend for all kids"
28963,精细绘画/插画创作群,B0F5G5T7Y2,WELLOKB,US,5,流畅性,负面-出墨过多/漏墨,bleed through,"I bought this set of acrylic markers and loved it. The colors are very vibrant, diverse, and easy to blend. The dual tips are super practical: the fine tip is ideal for details, and the broad tip allows you to fill in larger areas quickly and smoothly. The ink doesn't bleed through the paper, making them perfect for coloring, drawing, and illustrating. Excellent value; I recommend them for both beginners and experienced artists."
28979,多表面diy/定制群,B0F5WMP62Z,Coogert,US,5,笔身与易用性,负面-材质/做工差,break,"I got these 24 color dual tip paint markers for some DIY projects, and they’ve been so much fun to use. I’ve been decorating mugs and old sneakers for my kids, and these pens make it really easy. The colors are super bold and bright, they show up well on different surfaces.
I love the two tip styles. The fine tip works great for small details, like outlining shapes or writing names, the rounded tip is perfect for coloring in bigger areas or making fun dots and patterns. I’ve used them on wood, glass, fabric, even some rocks from the backyard, they’ve worked great on all of them.
The paint goes on smooth. I used them on a wooden picture frame and the finish looked really clean. Just make sure to let each layer dry before adding another color. The only small thing is the caps can be tight, but it’s not a dealbreaker. Great for anyone who enjoys crafting or wants to get creative with gifts."
28980,多表面diy/定制群,B0F5WMP62Z,Coogert,US,5,墨水特性,负面-气味难闻,strong odor,"These dual tip acrylic paint markers are fantastic! The 24 color set includes a beautiful variety of shades that are rich and highly pigmented. I love the fine tip for detailed work and the dot tip for bold accents and fun designs. They work great on so many surfaces—I’ve tried them on rocks, glass, wood, and even fabric, and the colors show up vibrant and smooth every time. The flow is consistent, and there’s no strong odor like some other paint pens. They’re perfect for DIY projects, crafts with kids, or more serious art. This set has definitely become one of my favorite art supplies!"
28987,多表面diy/定制群,B0F5WMP62Z,Coogert,US,5,绘画表现,负面-涂色不均,streak | streaking,"These Coogert acrylic paint markers have become my favorite tool for all kinds of craft projects. The dual tips (fine and dot) make them incredibly versatile—I've used them on rocks, canvas, and even old ceramic mugs. The colors are vibrant and opaque, covering dark surfaces well without streaking. They work particularly great on smooth surfaces like glass where regular paint would smear. The fine tip maintains a sharp point even after heavy use, while the dot side creates perfect uniform circles for mandala designs. I bought the 24-color set which offers a good range of basics plus some fun bright shades. The paint flows consistently without clogging, though shaking them well before use helps. Only minor issue is the caps don't always click securely—I store them horizontally to prevent drying. Perfect for both beginners and experienced crafters looking for precise paint application."
28988,多表面diy/定制群,B0F5WMP62Z,Coogert,US,5,流畅性,负面-干涩/刮纸/断墨,skipping,"The acrylic paint that is included within each pen is extremely pigmented and rich, and it applies without skipping or blotting, making it easy to apply.  Even when applied to dark surfaces such as painted wood and black pebbles, the coverage and brightness of the product proved to be very impressive to me.  A fine tip for precise work and a dot tip for bold patterns or filling space are both included in the dual tip design, which is a complete and utter success.

 This collection has a ton of different applications.  To this point, we have utilized them for a variety of purposes, including but not limited to painting on rocks, making porcelain coasters, applying fabric patches, and even decorating Easter eggs.  When applied to surfaces that are somewhat rough or curved, the paint dries quickly, does not smear, and maintains its integrity well.  A handful of the pieces have been hand-washed, and the patterns have not been affected in any way.

 The fact that these markers do not produce any mess is one of the finest things about them in comparison to traditional paint and brushes.  In addition, there is no water cup to knock over, paint trays to clean, and there is no mess caused by spilling paint.  Just remove the cover, doodle, and have fun!  As a result, they are ideal for completing work quickly or for producing while on the move.

 Also, they are wonderful for children.  The paint is non-toxic and odorless, which is something that I really appreciate, and my kid is thrilled with how simple it is to create bright patterns.  In terms of family crafting nights, it's a creative win-win situation!

 Before using the pens, you need give them a good shake to ensure that the ink is distributed uniformly. This is the one little problem that I have seen.  As soon as you do that, the outcomes are always going to be amazing."
28989,多表面diy/定制群,B0F5WMP62Z,Coogert,US,5,绘画表现,负面-涂色不均,streak,"I love to get creative and paint on all kinds of different surfaces. These acrylic markers are perfect for painting on glass, wood, ceramic, pottery, leather, fabric, plastic, and even rocks! I feel like I can use these markers on pretty much anything.

This is a decent set of 24 really pretty, vibrant colors, including all the primaries, secondaries, and some metallics. The pens have dual tips, one larger bullet-shaped tip, and one smaller pointed tip. They are great for dot-painting, as well as for lines, color fill, and intricate details. It’s easy to layer colors on top of colors because they are opaque (like I can apply yellow on top of blue). Plus, the bright colors really pop on darker backgrounds.

They’re fade-resistant and waterproof, too, which works great for glassware and ceramic dishes that will be washed (I can apply a spray sealant on top for extra protection). The paint covers well and dries fast. They are a nice alternative to water-based or alcohol-based markers because they are so versatile. This is a great set for anyone with a creative streak – kids or adults alike!"
29000,多表面diy/定制群,B0F5WMP62Z,Coogert,US,3,色彩饱和度与混合,负面-暗淡/褪色,dull,"I paint rocks, done over 300 of them - with designs and positive messages which I leave for others to find. Thought I'd try out a new paint pen. I'm disappointed with them, though. The 'fine' side is not satisfactory for fine/thin/precise writing, too much paint comes out, tip is too soft. Also disappointed in the big of dullness to the colors - they don't have the vibrancy I'm use to with other paint pens. But I'll still fiddle around with them and get some use out of my money spent."
29000,多表面diy/定制群,B0F5WMP62Z,Coogert,US,3,笔头表现,负面-硬度/不可替换,too soft,"I paint rocks, done over 300 of them - with designs and positive messages which I leave for others to find. Thought I'd try out a new paint pen. I'm disappointed with them, though. The 'fine' side is not satisfactory for fine/thin/precise writing, too much paint comes out, tip is too soft. Also disappointed in the big of dullness to the colors - they don't have the vibrancy I'm use to with other paint pens. But I'll still fiddle around with them and get some use out of my money spent."
29000,多表面diy/定制群,B0F5WMP62Z,Coogert,US,3,笔头耐用性,负面-形变/软化,tip is too soft | too soft,"I paint rocks, done over 300 of them - with designs and positive messages which I leave for others to find. Thought I'd try out a new paint pen. I'm disappointed with them, though. The 'fine' side is not satisfactory for fine/thin/precise writing, too much paint comes out, tip is too soft. Also disappointed in the big of dullness to the colors - they don't have the vibrancy I'm use to with other paint pens. But I'll still fiddle around with them and get some use out of my money spent."
29002,多表面diy/定制群,B0F5WMP62Z,Coogert,US,5,色彩饱和度与混合,负面-暗淡/褪色,pale,"After completing a single project, it will become second nature to grip the correct side of the barrel since it specifies both tip sizes on each barrel: 1 mm fine on one end and 1-5 mm dot on the other. It just took a few fast shakes and a little squeeze for the color to flow evenly on the very first attempt. The fine nib had a structure that was rigid enough to produce letter-weight lines on paper, but it was also flexible enough to glide over the uneven surface of river rock. By switching to the dot tip, I was able to create smooth circles that could be broadened or narrowed depending only on the amount of pressure used, which eliminated the need for me to search for toothpicks and ball tools. A real carbon black, delicate pastels, shiny gold, and sharp primaries are all included in the palette this time around. On a canvas panel that had been primed, the colors dried to a satin finish that was uniform throughout, with no patchiness or edge bloom. It was shown that the binder is able to adhere to surfaces rather than float on them by the fact that metallics maintained their shimmer on both polished glass and porous terracotta. Two coats were required to obtain full opacity on slate coasters; yet, after a single pass, the fabric absorbed just enough to provide the look of a vintage wash. This adaptability was something I did not anticipate from a single ink formulation."
29004,纸面手账/装饰书写群,B0F5WMP62Z,Coogert,US,5,流畅性,负面-出墨过多/漏墨,bleed through,"The opaque coverage is amazing—I used them on black cardstock and wood, and the colors stayed vibrant without needing multiple layers. Even when layering different shades, the bottom color doesn’t bleed through.

The quick-drying formula is a huge plus, especially for outdoor sketching or when I’m working on multiple surfaces. Once dry, the paint is waterproof and fade-resistant, which gives me peace of mind when gifting my art.

I love the dual tips—the dot tip is great for filling in larger areas or creating fun textures, while the fine tip is perfect for details, outlines, and lettering. I’ve used them on everything from rocks and mugs to sneakers and glass, and they work beautifully on all surfaces"
29007,多表面diy/定制群,B0F5WMP62Z,Coogert,US,5,流畅性,负面-出墨过多/漏墨,bleed through,"These markers are so fun! I got them for my kids to use on rocks and crafts. The colors are bright, smooth, and actually show up well on darker surfaces. I love that each marker has both a fine tip and a dot tip—it makes detail work and filling in larger spaces so much easier.They don’t bleed through paper and dry quickly without smudging. We’ve tried them on wood, paper, and plastic, and the coverage is great across all."
29039,纸面手账/装饰书写群,B0F5WMP62Z,Coogert,US,5,色彩饱和度与混合,负面-暗淡/褪色,pale,"I had high hopes for these dual-tip acrylic paint markers, and they have exceeded my expectations in every way!  For a few forthcoming craft projects, I decided to get this 24-color set, and after using it for the first time, I realized that I had made an excellent decision.  It is a wonderful jewel because of the diversity, quality, and ease of use that this kit provides.

 Each pen has been meticulously created with two distinct tips: a fine point for writing and detail work, and a rounded dot tip for coloring, blending, or generating ornamental dots. Both tips are made to be used in conjunction with one another.  The flexibility to flip between the two without having to use separate markers is a huge time saver for me, and it also helps to keep my art tools organized and uncluttered.

 The acrylic ink is of the highest possible quality.  It has a pigmented appearance, is opaque, and applies evenly and without skipping.  I've successfully applied them to a variety of items, including plastic planter pots, wooden coasters, glass jars, and canvas bags.  In addition to adhering nicely, the paint dries rapidly and does not peel or break after it has dried.  Even on darker surfaces, it performs admirably, which is something that truly astonished me.

 There are a total of twenty-four hues, and each one is vivid, enthusiastic, and packed with pigment.  This palette has every hue that I require, from bright yellows and pastels to deep blues and purples, and everything in between.  Any time I'm working on a design that requires a lot of attention to detail or something that is whimsical and daring, I can always find the perfect hue in this collection.

 In particular, I adore the fact that products are safe and suitable for children.  We had a great time coloring Easter eggs and crafting homemade greeting cards when I shared them with my younger siblings."
29039,纸面手账/装饰书写群,B0F5WMP62Z,Coogert,US,5,流畅性,负面-干涩/刮纸/断墨,skipping,"I had high hopes for these dual-tip acrylic paint markers, and they have exceeded my expectations in every way!  For a few forthcoming craft projects, I decided to get this 24-color set, and after using it for the first time, I realized that I had made an excellent decision.  It is a wonderful jewel because of the diversity, quality, and ease of use that this kit provides.

 Each pen has been meticulously created with two distinct tips: a fine point for writing and detail work, and a rounded dot tip for coloring, blending, or generating ornamental dots. Both tips are made to be used in conjunction with one another.  The flexibility to flip between the two without having to use separate markers is a huge time saver for me, and it also helps to keep my art tools organized and uncluttered.

 The acrylic ink is of the highest possible quality.  It has a pigmented appearance, is opaque, and applies evenly and without skipping.  I've successfully applied them to a variety of items, including plastic planter pots, wooden coasters, glass jars, and canvas bags.  In addition to adhering nicely, the paint dries rapidly and does not peel or break after it has dried.  Even on darker surfaces, it performs admirably, which is something that truly astonished me.

 There are a total of twenty-four hues, and each one is vivid, enthusiastic, and packed with pigment.  This palette has every hue that I require, from bright yellows and pastels to deep blues and purples, and everything in between.  Any time I'm working on a design that requires a lot of attention to detail or something that is whimsical and daring, I can always find the perfect hue in this collection.

 In particular, I adore the fact that products are safe and suitable for children.  We had a great time coloring Easter eggs and crafting homemade greeting cards when I shared them with my younger siblings."
29039,纸面手账/装饰书写群,B0F5WMP62Z,Coogert,US,5,笔身与易用性,负面-材质/做工差,break,"I had high hopes for these dual-tip acrylic paint markers, and they have exceeded my expectations in every way!  For a few forthcoming craft projects, I decided to get this 24-color set, and after using it for the first time, I realized that I had made an excellent decision.  It is a wonderful jewel because of the diversity, quality, and ease of use that this kit provides.

 Each pen has been meticulously created with two distinct tips: a fine point for writing and detail work, and a rounded dot tip for coloring, blending, or generating ornamental dots. Both tips are made to be used in conjunction with one another.  The flexibility to flip between the two without having to use separate markers is a huge time saver for me, and it also helps to keep my art tools organized and uncluttered.

 The acrylic ink is of the highest possible quality.  It has a pigmented appearance, is opaque, and applies evenly and without skipping.  I've successfully applied them to a variety of items, including plastic planter pots, wooden coasters, glass jars, and canvas bags.  In addition to adhering nicely, the paint dries rapidly and does not peel or break after it has dried.  Even on darker surfaces, it performs admirably, which is something that truly astonished me.

 There are a total of twenty-four hues, and each one is vivid, enthusiastic, and packed with pigment.  This palette has every hue that I require, from bright yellows and pastels to deep blues and purples, and everything in between.  Any time I'm working on a design that requires a lot of attention to detail or something that is whimsical and daring, I can always find the perfect hue in this collection.

 In particular, I adore the fact that products are safe and suitable for children.  We had a great time coloring Easter eggs and crafting homemade greeting cards when I shared them with my younger siblings."
29042,多表面diy/定制群,B0F5WMP62Z,Coogert,US,5,流畅性,负面-出墨过多/漏墨,bleed through,"These markers saved our rainy-day craft time! My daughter used them on canvas shoes (they actually stayed on fabric!), and my son painted his toy cars without making a huge mess. The colors mix well for custom shades, and the paint doesn’t bleed through surfaces like cheaper markers. The caps snap tight—no dried-out tips yet after weeks of use. Best art supply purchase this year!"
29044,多表面diy/定制群,B0F5WMP62Z,Coogert,US,5,笔身与易用性,负面-材质/做工差,flimsy,"These acrylic paint markers are great for all kinds of art projects. The pen body is made of sturdy plastic that feels smooth and comfortable to hold, even for a long time. Each marker has two tips — a fine tip for details and a dot tip for bigger marks. Both tips are firm and hold their shape well. The paint flows out smoothly and the colors are bright and bold. They dry quickly and don’t smudge easily. The caps snap on tightly to keep the paint from drying out. The overall material feels solid and well-made, not flimsy. It works well on many surfaces like wood, fabric, rocks, and glass. Perfect set for both beginners and experienced crafters."
29049,多表面diy/定制群,B0F5WMP62Z,Coogert,US,5,绘画表现,负面-线条表现差/难控,shaky lines,"I’m new to art projects, so I needed markers that were easy to use—and these fit the bill. The dual tips mean I don’t have to switch between different tools; one marker does both big areas and small details. The paint is thick enough to cover well but not so thick that it drips. I practiced on a piece of wood first, and even my first try looked decent. The colors are bright but not overwhelming, so it’s easy to mix and match without making a mess. I used the fine tip to write my name on a ceramic mug, and it came out neat—no shaky lines. They dry fast too, so I don’t have to wait hours to add a second layer. My niece saw my projects and wanted to try, and even she could use them without trouble. For anyone just starting with art or looking for simple supplies, this kit is perfect—no fancy skills needed to make nice projects."
29055,多表面diy/定制群,B0F5WMP62Z,Coogert,US,5,色彩饱和度与混合,负面-暗淡/褪色,faded,"As a rock painter, I need markers that can handle curves, textures, and outdoor durability. These deliver! The acrylic paint sticks perfectly to smooth and rough surfaces, and the colors pop even after sealing. The dual tips let me switch from outlining to filling in seconds. They’re also great for touch-ups—no streaking or clumping. I’ve left painted rocks outside for weeks, and the colors haven’t faded. Plus, the set has every shade I need. If you love rock painting or any detailed art, these markers are a dream. Best purchase ever!"
29055,多表面diy/定制群,B0F5WMP62Z,Coogert,US,5,绘画表现,负面-涂色不均,streak | streaking,"As a rock painter, I need markers that can handle curves, textures, and outdoor durability. These deliver! The acrylic paint sticks perfectly to smooth and rough surfaces, and the colors pop even after sealing. The dual tips let me switch from outlining to filling in seconds. They’re also great for touch-ups—no streaking or clumping. I’ve left painted rocks outside for weeks, and the colors haven’t faded. Plus, the set has every shade I need. If you love rock painting or any detailed art, these markers are a dream. Best purchase ever!"
29066,纸面手账/装饰书写群,B0F6D1PQFN,Artecho,US,5,流畅性,负面-干涩/刮纸/断墨,skipping,"This set comes in a really nice canvas-style case with a sturdy zipper and a fold-out section that holds all 72 colors neatly. The organization makes it easy to see and grab whichever color you want.

A color chart was included but the slick, shiny surface of the chart doesn’t work well with these markers. On regular paper, though, they work great! The colors are bright, saturated, and really pop.

The set includes both brush tips and hard fine tips. You can get fine, delicate lines with the brush tip (great if you have a steady hand for small details) or bolder lines with the fine tip. Honestly, the difference between a light touch vs. heavy hand feels about the same across both tips, but they’re versatile enough to work for most projects.

The flow is smooth and consistent, with no skipping, and the array of colors is wonderful — there’s something for every idea. I bought this set mainly for making cards and after testing them I can’t wait to use them for the next birthday card. Overall, I’m really happy with this set!"
29067,精细绘画/插画创作群,B0F6D1PQFN,Artecho,US,5,笔头耐用性,负面-寿命不匹配,dry out,"This is a most beautiful well assembled set. I used this on mixed medium pieces. These are wonderful for adding depth, details and color to your art. These markers do not dry out and work on a variety of mediums. Absolutely must for the art lovers in your life."
29074,纸面手账/装饰书写群,B0F6D1PQFN,Artecho,US,5,色彩饱和度与混合,负面-暗淡/褪色,pale,"Beautiful palette of rich, gorgeous paint markers. What’s a paint marker? I had no clue, but the vivid colors and multimedia options made this set irresistible. They feel like markers but deliver the impact of paint: not messy, just richer and more saturated, with precise application.
The double-tip pens give you options, fine or bold, and every color I tried was vibrant and beautiful. Yes, they work on glass! Perfect for seasonal window art, mirror messages, mason jar labels, handmade gifts, greeting cards, and crafts. The glass application can be removed with a stiff brush, fingernail, or dish soap.
I tested them on foil (hello, freezer meals!), fabric (school/camp labeling), and even Halloween pumpkins. Smooth cotton worked great; textured fabric was less precise but still held up through the washer and dryer.
On smooth surfaces, you can wipe away while still moist, no mess. Once dry, it can be scraped off or removed with solvent. Porous surfaces like fabric are more permanent, so use with care. Kids can absolutely use this if supervised and wearing art clothes or coverups.
For cleanup: Dawn dish soap and Goo Gone both worked. Hand soap removed it from skin easily. The only lasting stains were on porous surfaces like fabric and paper. For more permanent crafts on smooth surfaces, a topcoat might help seal your designs.
This set is exactly what you need to create all your art, all purpose, from practical to creative, from freezer meals to wearable crafts, from wall art and graphic designs to custom tees and woodcraft. One set, endless possibilities."
29080,多表面diy/定制群,B0F6D1PQFN,Artecho,US,3,色彩饱和度与混合,负面-暗淡/褪色,pale,"Since I enjoy all kinds of crafts and have crafty kids, I was excited to try this set of acrylic markers from Artecho. To summarize, I think it is a decent value for mixed-media use, especially for use with kids. However, a lack of quality control and many similar colors may not satisfy an adult artist.

Pros: I have used many types of non-toxic and paint markers in the past on a variety of mediums, and was thrilled to receive 72 colors in this set. The brush heads are smooth and a delight to work with. The fine tips most resemble traditional press-down paint marker tips, though you don't have to press these down to work - a real improvement! The rainbow of colors is very attractive in the protective, easy-to-transport case. All markers can be easily accessed when the case is open.

Now for the drawbacks. Some of the paints look best on shiny surfaces, but tend to rub off when touched, even after drying. Once fully dried, the acrylic has the best staying-power on matte surfaces without using a fixative. Some of the colors are really beautiful and smooth (""carmine"", ""sapphire""). Others are weakly pigmented or look muddy (""watermelon"", ""emerald""). The weak pigments don’t cover darker surfaces or lines, so beware if you’re trying to layer. I was super disappointed at the noticeable difference between the color of the brush and fine tip on many of the markers. See the picture of the color chart: the upper half of each box is the brush side, and the lower half of the box is the fine tip. In most cases, the brush color was quite a bit more pigmented and vibrant than the fine tip color. This difference means I cannot switch between tip types and expect my work to look consistent.

The numbering system and color names seem illogical, and the markers are not organized in the case according to either the numbering or the color chart. Many of the names inadequately reflect the actual color; for example, ""brown"" is a light pink, and ""indigo"" is a greenish gray. ""Blackberry"" and ""crimson"" are both pale pink. In fact, 18 of the markers are pink tones, including ""beige"", ""camel"", and ""earth red"", and similar in appearance. As the paints are not true to the color of their lids, it is hard to find particular shades unless you rearrange them and use a color chart. However, the included chart lists 120 colors, and there are only 72 in this set, leaving many blank boxes. The color chart is also printed on shiny paper, so the colors tend to smear.

Overall, I think the value of this introductory set is fine at its current price point (24 u.s.d. at the time of review). The markers will be good for painting on stones, wood, and other mixed media crafts with kids (especially kids who like pink), and I think they'll hold up through multiple projects. However, if you're a serious artist or looking to add to your existing stock of acrylic markers, I don't recommend this set from Artecho."
29080,多表面diy/定制群,B0F6D1PQFN,Artecho,US,3,流畅性,负面-漆感差/稀薄/起泡,weak pigment,"Since I enjoy all kinds of crafts and have crafty kids, I was excited to try this set of acrylic markers from Artecho. To summarize, I think it is a decent value for mixed-media use, especially for use with kids. However, a lack of quality control and many similar colors may not satisfy an adult artist.

Pros: I have used many types of non-toxic and paint markers in the past on a variety of mediums, and was thrilled to receive 72 colors in this set. The brush heads are smooth and a delight to work with. The fine tips most resemble traditional press-down paint marker tips, though you don't have to press these down to work - a real improvement! The rainbow of colors is very attractive in the protective, easy-to-transport case. All markers can be easily accessed when the case is open.

Now for the drawbacks. Some of the paints look best on shiny surfaces, but tend to rub off when touched, even after drying. Once fully dried, the acrylic has the best staying-power on matte surfaces without using a fixative. Some of the colors are really beautiful and smooth (""carmine"", ""sapphire""). Others are weakly pigmented or look muddy (""watermelon"", ""emerald""). The weak pigments don’t cover darker surfaces or lines, so beware if you’re trying to layer. I was super disappointed at the noticeable difference between the color of the brush and fine tip on many of the markers. See the picture of the color chart: the upper half of each box is the brush side, and the lower half of the box is the fine tip. In most cases, the brush color was quite a bit more pigmented and vibrant than the fine tip color. This difference means I cannot switch between tip types and expect my work to look consistent.

The numbering system and color names seem illogical, and the markers are not organized in the case according to either the numbering or the color chart. Many of the names inadequately reflect the actual color; for example, ""brown"" is a light pink, and ""indigo"" is a greenish gray. ""Blackberry"" and ""crimson"" are both pale pink. In fact, 18 of the markers are pink tones, including ""beige"", ""camel"", and ""earth red"", and similar in appearance. As the paints are not true to the color of their lids, it is hard to find particular shades unless you rearrange them and use a color chart. However, the included chart lists 120 colors, and there are only 72 in this set, leaving many blank boxes. The color chart is also printed on shiny paper, so the colors tend to smear.

Overall, I think the value of this introductory set is fine at its current price point (24 u.s.d. at the time of review). The markers will be good for painting on stones, wood, and other mixed media crafts with kids (especially kids who like pink), and I think they'll hold up through multiple projects. However, if you're a serious artist or looking to add to your existing stock of acrylic markers, I don't recommend this set from Artecho."
29086,多表面diy/定制群,B0F6LC4JPC,Coogert,US,5,绘画表现,负面-涂色不均,streak | patchy,"We tried this set of acrylic paint markers for some DIY projects at home, especially rock painting. My 8YO daughter had a blast using them, she polished some stones she picked up and drew little patterns and even fully colored a few of them. Function wise, the colors really pop on smooth surfaces like stones and our glass cups, and they go on nice and even without streaks or patchy spots. Once dry, the paint doesn’t smudge and looks quite professional for a kids’ project. We kept a few of the painted stones as little decorations around the house, they are super cute.

We did run into a small issue when using these markers on regular paper. The ink bleeds through standard A4 sheets pretty easily. My daughter used them on her bed (oops), and the ink soaked through and left some spots on the sheet underneath, which we’re still trying to clean. So just a heads-up: definitely use a backing board or thick pad underneath if you're working on anything thin."
29087,多表面diy/定制群,B0F6LC4JPC,Coogert,US,5,流畅性,负面-出墨过多/漏墨,bleed through,"These paint markers are easy to use and write smoothly on different surfaces. I’ve tested them on rocks, canvas, wood, and plastic, and the ink sticks well without smudging. The dual tips—brush and medium—make it simple to switch between details and larger fills. Colors are bright, opaque, and dry quickly. I’ve used them for both art projects and labeling, and they work well for both. The ink doesn’t bleed through paper, and there’s no strong odor. If you need a flexible, no-mess paint pen set, this is a solid choice."
29087,多表面diy/定制群,B0F6LC4JPC,Coogert,US,5,墨水特性,负面-气味难闻,strong odor,"These paint markers are easy to use and write smoothly on different surfaces. I’ve tested them on rocks, canvas, wood, and plastic, and the ink sticks well without smudging. The dual tips—brush and medium—make it simple to switch between details and larger fills. Colors are bright, opaque, and dry quickly. I’ve used them for both art projects and labeling, and they work well for both. The ink doesn’t bleed through paper, and there’s no strong odor. If you need a flexible, no-mess paint pen set, this is a solid choice."
29095,多表面diy/定制群,B0F6LC4JPC,Coogert,US,5,色彩饱和度与混合,负面-遮盖力差/透明,runny,"These are great acrylic paint markers!  My daughters love to use them for coloring pictures, and my son uses them for making custom paint jobs on his Hot Wheels. They work great because they are real acrylic paint. They brush on nicely and coat the surface with bold colors that stick well and look great. I find myself reaching from these from time to time to label plastic containers, write on plastic mailers or zip lock bags, etc.  There are so many uses for them, but not all acrylic paint markers are made equal. These markers use bold colors, have both round and narrow brush tips, and seem to last a while. They have been used quite a bit already and there is no sign they are running out of paint. The flow on these is the best I have found. The paint goes on easy but is not runny. These are also a good value for the money, especially because they seem to last a long time.  Overall, these are a great option for anyone shopping for acrylic paint markers!"
29097,多表面diy/定制群,B0F6LC4JPC,Coogert,US,5,绘画表现,负面-涂色不均,streak,"The colors are vibrant and highly pigmented, and I love that each pen comes with both a brush tip and a medium tip. It makes switching between fine details and bold strokes super convenient. The automatic ink control is excellent no blobs, no streaks, and definitely no bleeding through paper or fabric. I’ve used these on rocks, wood, canvas, and even glass, and the results have been consistent and smooth on every surface. The ink dries quickly and stays put, which is great for layering colors or detailed designs. The set comes well organized, and the pens are comfortable to hold for long creative sessions."
29101,纸面手账/装饰书写群,B0F6LC4JPC,Coogert,US,5,流畅性,负面-出墨过多/漏墨,bleed through,"I love the packaging! Very pretty! The pens are easy to use, great color with no smell. I used them on card stock paper and I didn’t get any bleed through. The writing is smooth and the dry time was good. Great value for the money."
29105,多表面diy/定制群,B0F6LC4JPC,Coogert,US,5,流畅性,负面-干涩/刮纸/断墨,skipping,"These markers are perfect for all my craft ideas! I’ve been using them to decorate rocks and glass vases. The paint sticks well, doesn’t run, and the colors stay bright after drying. I really like the automatic ink control—no leaks or skipping, just smooth color. The dual tips are super convenient for both small details and filling in designs. Whether you’re an artist or just love crafting like me, this set has everything you need."
29116,儿童/课堂使用群,B0F6LC4JPC,Coogert,US,5,笔头耐用性,负面-寿命不匹配,dry out,"I got this set of acrylic paint markers for my kids a few weeks ago; the kids have been using them almost every day since. The colors are bright and vibrant. Each marker has two tips, they can switch between filling in and adding little details. The paint comes out smooth and doesn’t bleed through, that is perfect for my younger kids when they press a bit too hard sometimes. The caps go on tight, the markers stay in good shape and wont dry out. My kids are having a lot of fun with these."
29116,儿童/课堂使用群,B0F6LC4JPC,Coogert,US,5,流畅性,负面-出墨过多/漏墨,bleed through,"I got this set of acrylic paint markers for my kids a few weeks ago; the kids have been using them almost every day since. The colors are bright and vibrant. Each marker has two tips, they can switch between filling in and adding little details. The paint comes out smooth and doesn’t bleed through, that is perfect for my younger kids when they press a bit too hard sometimes. The caps go on tight, the markers stay in good shape and wont dry out. My kids are having a lot of fun with these."
29119,多表面diy/定制群,B0F6LC4JPC,Coogert,US,5,墨水特性,负面-气味难闻,strong smell,"The automatic ink control is a game-changer. The paint flows smoothly without dripping or bleeding, even on delicate surfaces like fabric or paper. I’ve used them on rocks, wood, canvas, plastic, and glass, and the colors are always vibrant, opaque, and quick-drying. I love the wide range of colors included everything from bold primaries to soft pastels. The pens are comfortable to hold and easy to control, which makes them perfect for both kids and adults. They don’t have a strong smell either, which is great for indoor use. The packaging is also nice and organized, which makes it easy to keep everything in place."
29121,多表面diy/定制群,B0F6LC4JPC,Coogert,US,5,流畅性,负面-干涩/刮纸/断墨,skipping,"These Coogert acrylic paint markers are a fantastic addition to my art supplies! The dual tip design (brush + medium tip) gives me the flexibility to create both detailed lines and broad strokes with ease. The automatic ink control is impressive — no leaking, skipping, or bleeding through.

The 24 vibrant colors are bold and true-to-cap, and they work beautifully on rock, wood, fabric, canvas, glass, and plastic. I’ve used them for DIY projects, custom gifts, and even classroom art — and they’ve held up great.

Highly recommend for both beginners and experienced crafters looking for reliable, no-mess acrylic paint pens!"
29127,多表面diy/定制群,B0F6LC4JPC,Coogert,US,5,绘画表现,负面-涂色不均,streak | streaking,"These acrylic paint markers have been a lot of fun to use and really versatile for different crafts. The dual tip design is super handy—I use the fine tip for outlining and details, and the broader tip for filling in larger spaces. The colors are bold and go on smoothly without streaking, even on surfaces like rocks, glass, and plastic. I’ve used them on wood signs, canvas, and some old jars I repurposed, and the paint sticks well to everything once it dries. The ink flow is consistent, and I like that the set comes with a wide variety of colors, including metallics. The automatic ink control keeps the tips from flooding or drying out, which has been a problem with other paint pens I’ve tried. They’re also great for kids’ projects since they’re non-toxic and easy to handle. This kit has become my go-to for all kinds of DIY crafts and painting ideas."
29131,多表面diy/定制群,B0F6LC4JPC,Coogert,US,5,流畅性,负面-干涩/刮纸/断墨,skipping,"The colors are bright, rich, and dry quickly without bleeding. I love the dual tip design, one end is a soft brush for filling, and the other a medium point for details. They work perfectly on rocks, canvas, plastic, and even wood. The ink flow is smooth and consistent, and I haven’t had any issues with skipping or leaking. My daughter uses them for her school art projects, and I’ve used them for labeling jars and decorating mugs."
29138,精细绘画/插画创作群,B0F7L6VLXH,WUO,US,5,绘画表现,负面-涂色不均,streak | streaking,"As someone who loves DIY crafts and painting on all sorts of surfaces, this 36-color acrylic paint marker kit is exactly what I needed. The colors are vibrant, go on smoothly, and cover even dark materials without any streaking or clogging. I really appreciate the brush tip—it makes it easy to switch between fine details and broad strokes. The included extras like the wood slice, texture kit, and blending guide make it feel like a complete creative studio in one box. Plus, the markers are non-toxic and dry waterproof, so my projects last. It’s portable, organized, and truly inspires creativity"
29145,多表面diy/定制群,B0F7L6VLXH,WUO,US,5,流畅性,负面-出墨过多/漏墨,splatter,"What fun colors and results.
Pros:36 vibrant colors including silver and gold.
-dry quickly, no smearing
-soft brush point, easy to control the flow. You can shake it without it splattering everywhere.
-window in pen lets you see if color is uniform.
-anti rolling feature on level surfaces.
-one coat coverage on white art and watercolor paper. Permanent, no color transfer.
-works on texture magic paper, no fading, no color transfer to skin when wet (see ice cream photo).
-cost effective, versatile.
Cons:
-carrying case a bit tricky to put together
-not all colors cover evenly on black board.
Overall these are easy and fun to use and some of the colors are beautiful. They work on wood, rocks and paper with no bleeding."
29146,儿童/课堂使用群,B0F7L6VLXH,WUO,US,5,色彩饱和度与混合,负面-遮盖力差/透明,streaky,"I ordered these paint markers to personalize some metal compact mirrors that I plan to gift to my bridesmaids, and I'm glad I did because they're really vibrant, dry quickly, are super convenient, easy, and mess free! The tips are perfect for filling color or drawing line details depending on how hard you press. The paint comes out smoothly and isn't streaky. I tested it out on the nice plastic folder that the handouts came in and it didn't transfer onto my finger or scratch and chip off the plastic. It functions like a great marker and when it dries feels like paint. I'm thoroughly impressed and would highly recommend this to everyone that is looking for a great medium that is also mess free.

I also really like the three tiered case that it comes in for easy transport and storage. The top level can be a little tricky to secure to the cover when trying to close it, but with attention and care it shouldn't be an issue at all.

Very clean and smart packaging. I really appreciated that when opening it up.

The product itself is really nice and definitely worth the price. It also comes with a few art pages to color in and a puff ornament template which I thought was super cute!

These paint markers have come a long way since I was a child! They would be great for kids 10+ that can respect and use the paint markers without damaging them."
29146,儿童/课堂使用群,B0F7L6VLXH,WUO,US,5,绘画表现,负面-涂色不均,streak | streaky,"I ordered these paint markers to personalize some metal compact mirrors that I plan to gift to my bridesmaids, and I'm glad I did because they're really vibrant, dry quickly, are super convenient, easy, and mess free! The tips are perfect for filling color or drawing line details depending on how hard you press. The paint comes out smoothly and isn't streaky. I tested it out on the nice plastic folder that the handouts came in and it didn't transfer onto my finger or scratch and chip off the plastic. It functions like a great marker and when it dries feels like paint. I'm thoroughly impressed and would highly recommend this to everyone that is looking for a great medium that is also mess free.

I also really like the three tiered case that it comes in for easy transport and storage. The top level can be a little tricky to secure to the cover when trying to close it, but with attention and care it shouldn't be an issue at all.

Very clean and smart packaging. I really appreciated that when opening it up.

The product itself is really nice and definitely worth the price. It also comes with a few art pages to color in and a puff ornament template which I thought was super cute!

These paint markers have come a long way since I was a child! They would be great for kids 10+ that can respect and use the paint markers without damaging them."
29146,儿童/课堂使用群,B0F7L6VLXH,WUO,US,5,表面/介质表现,负面-在石头上表现差,streaky,"I ordered these paint markers to personalize some metal compact mirrors that I plan to gift to my bridesmaids, and I'm glad I did because they're really vibrant, dry quickly, are super convenient, easy, and mess free! The tips are perfect for filling color or drawing line details depending on how hard you press. The paint comes out smoothly and isn't streaky. I tested it out on the nice plastic folder that the handouts came in and it didn't transfer onto my finger or scratch and chip off the plastic. It functions like a great marker and when it dries feels like paint. I'm thoroughly impressed and would highly recommend this to everyone that is looking for a great medium that is also mess free.

I also really like the three tiered case that it comes in for easy transport and storage. The top level can be a little tricky to secure to the cover when trying to close it, but with attention and care it shouldn't be an issue at all.

Very clean and smart packaging. I really appreciated that when opening it up.

The product itself is really nice and definitely worth the price. It also comes with a few art pages to color in and a puff ornament template which I thought was super cute!

These paint markers have come a long way since I was a child! They would be great for kids 10+ that can respect and use the paint markers without damaging them."
29147,儿童/课堂使用群,B0F7L9SDXK,WUO,US,3,流畅性,负面-出墨过多/漏墨,bleed through,"This marker set includes a lot of markers, with all the colors seeming to be different and fairly closely matched to the cap color.  These only have one tip, which is a fairly stiff brush tip.  It was not flexible enough to use the tip on small areas - seemed to only color at one width.

I only tested these on paper, and while they were ok for kids coloring, might work better on other surfaces, like rocks, plastic, or glass.  Darker colors seemed to work better for drawing over an existing color, while lighter colors were not as opaque.  They weren’t too “wet”, so they didn’t make the paper wet, and they do not bleed through the page, so could be used on dual sided pages.

While they look nice coming in a case, the case does not seem too practical to me at all … it is difficult to line the trays up and get them hooked together correctly … a single plastic box will probably work better."
29148,多表面diy/定制群,B0F7L9SDXK,WUO,US,5,色彩饱和度与混合,负面-暗淡/褪色,pale,"I have been using old-school, strong-smelling, quick-to-dry-out paint pens for many years, but when I saw these WUO acrylic paint markers that didn’t require pressing and holding, I had to try them. What I wasn’t expecting was how much better they would be.

* Color Range & Appearance: I went with the 60-color set, and I’m glad I did. The colors cover a nice spectrum, including a few pale shades that don’t look obvious from the pen exteriors. For example, the pens made me think there was no pale green, but once tested, there were actually a couple of lighter greens. I’d still love to see extra black, white, gold, and silver included, since those get used up quickly.

* Application & Coverage: The paint goes on somewhat thin (not thick and globby), which turns out to be a strength. It allows layering and blending instead of clumping or streaking. On paper, the coverage is smooth and much nicer than regular markers. On ceramics, you’ll likely need more than one coat like I did. They also work over other acrylic paints (a little tougher on ones that dry glossy, I found), but I find they perform best directly on unfinished ceramic surfaces.

* Packaging & Storage: The set comes in stackable plastic trays that look neat and high-end. Each tray snaps securely into the one below it: tilt the back down first, then lower the front, and finally lock it with the white toggle on the front. I really like this design for keeping them organized.

* Extras: There are tester cards so you can preview how each color looks on black and white paper, plus some small project ideas. One even involves painting onto a sponge, adding water, and watching it puff up, which was fun.

* Odor & Safety: Unlike traditional paint pens, these have no odor at all, which surprised me. That makes them much more pleasant to use and safe for children, though you’d still want to be careful about clothing and surfaces.

* Use Case: I definitely plan to use these for craft projects, but I'm thinking that I'll also use them for detail work on larger acrylic canvas paintings that I do. They shake easily to refresh the paint flow when needed, and I haven’t had issues with clogging. Just avoid pressing too hard on the tips since that could damage them.

* Wishlist for Improvement:
⦁ Pen exterior colors don’t always match the actual paint shade.
⦁ Include more duplicate “workhorse” colors (black, white, gold, silver).
⦁ Offer a fine liner option (about half the tip width) for super-detailed work.

* Value for the Cost: At 39.99 at the time I'm writing this, that's not cheap for a set of craft pens. But, this is a really large set and if  you were to buy each pen individually you would pay much more. Plus you're getting craft projects to go with it. So, all in all, I think this is an exceptional value for the cost...which I hope doesn't change.

* Bottom Line: These paint pens exceeded my expectations. The colors are vibrant, the pens layer and blend well, they store easily, and best of all, they’re odor-free. They make me want to reach for them instead of my old paint pens. Super highly recommended. Go for the kit of 60 if you regularly do crafts and/or use acrylic paints."
29148,多表面diy/定制群,B0F7L9SDXK,WUO,US,5,绘画表现,负面-涂色不均,streak | streaking,"I have been using old-school, strong-smelling, quick-to-dry-out paint pens for many years, but when I saw these WUO acrylic paint markers that didn’t require pressing and holding, I had to try them. What I wasn’t expecting was how much better they would be.

* Color Range & Appearance: I went with the 60-color set, and I’m glad I did. The colors cover a nice spectrum, including a few pale shades that don’t look obvious from the pen exteriors. For example, the pens made me think there was no pale green, but once tested, there were actually a couple of lighter greens. I’d still love to see extra black, white, gold, and silver included, since those get used up quickly.

* Application & Coverage: The paint goes on somewhat thin (not thick and globby), which turns out to be a strength. It allows layering and blending instead of clumping or streaking. On paper, the coverage is smooth and much nicer than regular markers. On ceramics, you’ll likely need more than one coat like I did. They also work over other acrylic paints (a little tougher on ones that dry glossy, I found), but I find they perform best directly on unfinished ceramic surfaces.

* Packaging & Storage: The set comes in stackable plastic trays that look neat and high-end. Each tray snaps securely into the one below it: tilt the back down first, then lower the front, and finally lock it with the white toggle on the front. I really like this design for keeping them organized.

* Extras: There are tester cards so you can preview how each color looks on black and white paper, plus some small project ideas. One even involves painting onto a sponge, adding water, and watching it puff up, which was fun.

* Odor & Safety: Unlike traditional paint pens, these have no odor at all, which surprised me. That makes them much more pleasant to use and safe for children, though you’d still want to be careful about clothing and surfaces.

* Use Case: I definitely plan to use these for craft projects, but I'm thinking that I'll also use them for detail work on larger acrylic canvas paintings that I do. They shake easily to refresh the paint flow when needed, and I haven’t had issues with clogging. Just avoid pressing too hard on the tips since that could damage them.

* Wishlist for Improvement:
⦁ Pen exterior colors don’t always match the actual paint shade.
⦁ Include more duplicate “workhorse” colors (black, white, gold, silver).
⦁ Offer a fine liner option (about half the tip width) for super-detailed work.

* Value for the Cost: At 39.99 at the time I'm writing this, that's not cheap for a set of craft pens. But, this is a really large set and if  you were to buy each pen individually you would pay much more. Plus you're getting craft projects to go with it. So, all in all, I think this is an exceptional value for the cost...which I hope doesn't change.

* Bottom Line: These paint pens exceeded my expectations. The colors are vibrant, the pens layer and blend well, they store easily, and best of all, they’re odor-free. They make me want to reach for them instead of my old paint pens. Super highly recommended. Go for the kit of 60 if you regularly do crafts and/or use acrylic paints."
29152,多表面diy/定制群,B0F7L9SDXK,WUO,US,5,墨水特性,负面-气味难闻,strong smell,"WUO markers are perfect for my little artists.

I got these WUO 60-color acrylic paint markers for my 6 and 8-year-olds, and they're obsessed! The brush tip let them paint details on canvas or bold designs on rocks without making a mess! We used them for a school craft project, painting wooden frames and fabric bags, and the colors came out so vibrant. And the ink dries fast, which is awesome for my kids! Also, no strong smell! So I don't worry about them using them indoors. Recommend!"
29165,多表面diy/定制群,B0F8GNQS2W,TECADA,US,5,绘画表现,负面-涂色不均,streak,"I Love these markers. Unlike a very popular brand, these don't leak. The leaking and the shiny finish is what stopped me from trying other acrylic markers for so long.I wish I'd tried these first. They have a nice matte finish, and the colors are bright, consistent, and rich with no streaks.I must have tested them on everything I could find, wood, glass, paper...On a T-shirt, I forgot to heat set but the colors stayed vivid even after washing.The brush tip is perfect for precision and broad strokes. They also work well with all media that I've tried. I attached the first study I did with crayon and gold leaf.Highly recommend this brand of Acrylic Markers. Looking forward to creating many more mixed media pieces with them."
29167,多表面diy/定制群,B0F8GNQS2W,TECADA,US,5,笔头耐用性,负面-寿命不匹配,dried out,"This set of 168 acrylic paint markers is fantastic for anyone who loves crafting or detailed art projects. The soft brush tips give great control, making it easy to do fine lines or fill in larger areas. I’ve used them on wood, canvas, rocks, and even glass, and the paint goes on smooth and dries quickly. The colors are vibrant and cover really well without streaking. They don’t have a strong smell and haven’t dried out so far. It’s a great all-in-one kit for rock painting, custom gifts, or everyday creative work. Definitely a good value for the number of markers you get."
29167,多表面diy/定制群,B0F8GNQS2W,TECADA,US,5,墨水特性,负面-气味难闻,strong smell,"This set of 168 acrylic paint markers is fantastic for anyone who loves crafting or detailed art projects. The soft brush tips give great control, making it easy to do fine lines or fill in larger areas. I’ve used them on wood, canvas, rocks, and even glass, and the paint goes on smooth and dries quickly. The colors are vibrant and cover really well without streaking. They don’t have a strong smell and haven’t dried out so far. It’s a great all-in-one kit for rock painting, custom gifts, or everyday creative work. Definitely a good value for the number of markers you get."
29167,多表面diy/定制群,B0F8GNQS2W,TECADA,US,5,绘画表现,负面-涂色不均,streak | streaking,"This set of 168 acrylic paint markers is fantastic for anyone who loves crafting or detailed art projects. The soft brush tips give great control, making it easy to do fine lines or fill in larger areas. I’ve used them on wood, canvas, rocks, and even glass, and the paint goes on smooth and dries quickly. The colors are vibrant and cover really well without streaking. They don’t have a strong smell and haven’t dried out so far. It’s a great all-in-one kit for rock painting, custom gifts, or everyday creative work. Definitely a good value for the number of markers you get."
29172,多表面diy/定制群,B0F8GNQS2W,TECADA,US,3,性价比,负面-价格昂贵,overpriced,"This TECADA 168 Colors Acrylic Paint Brush Markers is a weird mix of really good and really not good. I am a professional artist, and I own thousands of acrylic markers, to be able to compare to. The first red flag I see is that the name is Tecada, but the item I received is called Flysea markers. They use the exact same box as a ton of other Chinese paint markers, and the same random extremely unhelpful number system. I was quite worried this would just be a duplicate of other sets I have.The next red flag is that these markers are brand new, but already the numbers - the literal only way to distinguish each marker from each other - are half wiped off. That has already rendered some of them virtually impossible to use.I was fortunate to receive all the markers in the box, and for the most part they are all distinct colors. The box is not good though - competing brands include a zip case organizer with elastic strap loops, and that is far more worth one's money, to be able to keep these in the color order you need them - but good luck taking the time to re-sort all 168 by color order. Moreover, the color swatch on the bottom of the box, is not covered by anything, so all the swatches (this not being real acrylic which is plastic, but some cheap craft gouache) have mostly scraped off within a week from just gently moving the box around.Some of these are actually very decently pigmented, more than other brands, which was a pleasant shock. Most have low opacity though, and you'll be using a lot of layers for a long time spent, if you actually want to color over anything completely. This is more of a layering marker. I was also pleased that generally speaking, these are not an exact match to my other sets - even those with essentially the same box and unmarked markers. They do NOT say Guangna, which is great, because nearly all of this type when you buy them under whatever random name, what you receive is a marker that says GuangNa on the side, and those are both very translucent, and also often very repetitive. These are no-name.Another major good point was that these are as waterproof as POSCA or other similar markers... which is to say, mostly. They, like those, can have a slight bleed with certain colors, or other paints.The best part of this set is that the color swatches are arranged by color, even though the numbers make no sense. That is the one thing that makes this the most usable.The color range is decent, with a few actual dark colors, and a few more realistic greens than most have. This set does not have any actual dark brown - only very chalky browns - and it does not have enough reds. There is not 1 single actual orange in the whole set. Don't buy this looking for orange.Overall, this is a hit and miss set, that for what it offers seems way overpriced to me. When ordered, it was a whopping $77. But I personally would not pay more than maybe $45, given the tons of competing markers on the market. But this really all depends on what you are expecting to do with this. If you need it to be opaque, look elsewhere. If you want layering, and a new range of colors, with some actual darks, this may be a good addition to your collection. I really liked some of the unusual colors provided, that are unlike those in other sets - some more complex grays, a deep red and green, a decent yellow range.For me personally, I would never recommend buying this to anyone, until they fix the markers so the number labeling actually STAYS on the marker. They, and all the time you spent coloring in the swatches - are absolutely useless if you cannot identify any of the markers. If not, that would transform this to a set only useful for 6 year olds. And who is going to spend $77 on a set of markers for 6 year olds? Not me. That price is for people who are actually serious about their coloring, and who are at the least serious crafters, if not semi-pro artists.This set is very low quality, mixed with some random high quality elements, and some well-pigmented colors."
29177,儿童/课堂使用群,B0F8GNQS2W,TECADA,US,4,流畅性,负面-干涩/刮纸/断墨,skipping,"I do crafts/painting as a side business so I was ready not to like these. I doubt a professional would consider these quality but for my purposes and especially for kids, I was impressed.The markers themselves are good, I did notice some leaking inside the marker, but not outside (might be normal for these?). I did a test sheet and it dried pretty quickly. The color of the paint was true and I was very impressed that none of the colors I tried had any issues with writing, no skipping and didn't have to press the top get the ink to come out which made it easy and efficient to use. I also used them on drop cloth in the pic and it worked pretty well, I was very pleased.The case it comes in is just okay, this is the reason for only 4 stars. I wish either the top where you can color in a box for a color sample OR the markers in the case were organized. I tried for about 5 mins to find a matching number and gave up. If you have 20, not a huge deal but 70+ it is. So this is fixable for yourself once you get it and organize it but just know that the functionality of the case may take you some time.I think overall this is good value for the money and it functions as it should so if the case doesn't bother you, I recommend it."
29183,多表面diy/定制群,B0F8GNQS2W,TECADA,US,4,色彩饱和度与混合,负面-暗淡/褪色,pale,"This is a very nice set of 168 acrylic paint pens, offering a nice color palette.  The paint flows very smoothly, and has good coverage. The tips are suitable for a wide variety of painting styles, including calligraphy. Adherence to paper and canvas is quite good, but the dried paint can easily be scraped off of coated surfaces, so the recommendation by the manufacturer to utilize a clear top coat is a wise one. Given how easily the paint can be scraped, I'm skeptical about the longevity on plastic or glass.The set does come with a few replacement nibs, should you need them.  I'll note that one of the pens was dried out, with both the nib and the internal wick clogged with dried acrylic paint, and it could not be salvaged. It's possible that the cap wasn't fully sealed during shipment.At the price per pen, I wouldn't expect professional quality, so I'm satisfied."
29183,多表面diy/定制群,B0F8GNQS2W,TECADA,US,4,笔头表现,负面-笔头磨损分叉,clogged,"This is a very nice set of 168 acrylic paint pens, offering a nice color palette.  The paint flows very smoothly, and has good coverage. The tips are suitable for a wide variety of painting styles, including calligraphy. Adherence to paper and canvas is quite good, but the dried paint can easily be scraped off of coated surfaces, so the recommendation by the manufacturer to utilize a clear top coat is a wise one. Given how easily the paint can be scraped, I'm skeptical about the longevity on plastic or glass.The set does come with a few replacement nibs, should you need them.  I'll note that one of the pens was dried out, with both the nib and the internal wick clogged with dried acrylic paint, and it could not be salvaged. It's possible that the cap wasn't fully sealed during shipment.At the price per pen, I wouldn't expect professional quality, so I'm satisfied."
29183,多表面diy/定制群,B0F8GNQS2W,TECADA,US,4,笔头耐用性,负面-寿命不匹配,dried out,"This is a very nice set of 168 acrylic paint pens, offering a nice color palette.  The paint flows very smoothly, and has good coverage. The tips are suitable for a wide variety of painting styles, including calligraphy. Adherence to paper and canvas is quite good, but the dried paint can easily be scraped off of coated surfaces, so the recommendation by the manufacturer to utilize a clear top coat is a wise one. Given how easily the paint can be scraped, I'm skeptical about the longevity on plastic or glass.The set does come with a few replacement nibs, should you need them.  I'll note that one of the pens was dried out, with both the nib and the internal wick clogged with dried acrylic paint, and it could not be salvaged. It's possible that the cap wasn't fully sealed during shipment.At the price per pen, I wouldn't expect professional quality, so I'm satisfied."
29213,纸面手账/装饰书写群,B0F9PBG9Z9,Infiart,US,5,流畅性,负面-干涩/刮纸/断墨,skipping,"This 80 color acrylic brush marker set is amazing! The color selection is huge, with everything from bright bolds to soft pastels, which makes it perfect for journaling, scrapbooking, doodling, or decorating different surfaces like paper, glass and rocks! The brush tips are flexible and smooth, which made it easy to do both fine details and broader strokes. The ink flows evenly without streaking or skipping, and it dries quickly so smudging isn’t an issue for me. I also like how vibrant the colors stay once dry, they don’t fade easily. Another big plus is the packaging, the set comes in a nice, sturdy hard paper box that keeps everything organized and makes it easy to store the markers. Overall, I think this set is a great value for the variety, quality, and thoughtful packaging. I definitely recommend it to my crafty friends or anyone who enjoy drawing with acrylic markers!!"
29213,纸面手账/装饰书写群,B0F9PBG9Z9,Infiart,US,5,绘画表现,负面-涂色不均,streak | streaking,"This 80 color acrylic brush marker set is amazing! The color selection is huge, with everything from bright bolds to soft pastels, which makes it perfect for journaling, scrapbooking, doodling, or decorating different surfaces like paper, glass and rocks! The brush tips are flexible and smooth, which made it easy to do both fine details and broader strokes. The ink flows evenly without streaking or skipping, and it dries quickly so smudging isn’t an issue for me. I also like how vibrant the colors stay once dry, they don’t fade easily. Another big plus is the packaging, the set comes in a nice, sturdy hard paper box that keeps everything organized and makes it easy to store the markers. Overall, I think this set is a great value for the variety, quality, and thoughtful packaging. I definitely recommend it to my crafty friends or anyone who enjoy drawing with acrylic markers!!"
29227,纸面手账/装饰书写群,B0F9PBG9Z9,Infiart,US,5,笔头耐用性,负面-寿命不匹配,dried out,"I really love these acrylic markers. The nibs are flexible, and when working on a piece of artwork, they glide so smoothly. The colors are very even, and the application of color is uniform too. The user experience is simply fantastic! The pastel colors are so pretty! They really make painting a breeze and are perfect for calligraphy with a brush-like stroke. I like that you don't have to pump them to get the ink flowing. They start working right away. None of them have dried out. I truly adore these acrylic marker pens. It would be even more perfect if they could be refilled with ink in the future. That way, I wouldn't have to worry about running out of ink."
29227,纸面手账/装饰书写群,B0F9PBG9Z9,Infiart,US,5,容量,负面-容量小/消耗快,running out of ink,"I really love these acrylic markers. The nibs are flexible, and when working on a piece of artwork, they glide so smoothly. The colors are very even, and the application of color is uniform too. The user experience is simply fantastic! The pastel colors are so pretty! They really make painting a breeze and are perfect for calligraphy with a brush-like stroke. I like that you don't have to pump them to get the ink flowing. They start working right away. None of them have dried out. I truly adore these acrylic marker pens. It would be even more perfect if they could be refilled with ink in the future. That way, I wouldn't have to worry about running out of ink."
29229,多表面diy/定制群,B0F9PBG9Z9,Infiart,US,5,笔头耐用性,负面-寿命不匹配,dried out,"I really like this 80-color acrylic marker set. The colors are bright, smooth, and surprisingly waterproof once dry. The brush tips are easy to control, making them great for small details on wood slices, stones, and holiday decorations. Ink flow is consistent, and none of the pens have dried out or leaked. A few lighter colors need a second layer, but overall the quality is excellent for the price."
29229,多表面diy/定制群,B0F9PBG9Z9,Infiart,US,5,流畅性,负面-出墨过多/漏墨,leaked,"I really like this 80-color acrylic marker set. The colors are bright, smooth, and surprisingly waterproof once dry. The brush tips are easy to control, making them great for small details on wood slices, stones, and holiday decorations. Ink flow is consistent, and none of the pens have dried out or leaked. A few lighter colors need a second layer, but overall the quality is excellent for the price."
29231,多表面diy/定制群,B0F9PBG9Z9,Infiart,US,5,笔头耐用性,负面-寿命不匹配,dry out,"I really love these Infart Acrylic Markers! The colors are super vibrant and smooth, and the brush tips make blending so easy. The ink flow is consistent and doesn’t dry out quickly. I’ve used them on canvas, wood, and even rocks, and they all turn out beautifully. The 80 colors give me so many creative options. Definitely great value for the price!"
29232,精细绘画/插画创作群,B0F9PBG9Z9,Infiart,US,5,流畅性,负面-干涩/刮纸/断墨,skipping,"The colors cover everything I’d ever need, and there’s no noticeable color difference between the caps and the ink itself. Every shade comes out vibrant and true, which makes painting a lot more fun. The markers flow smoothly without skipping, so drawing feels effortless and consistent. They dry quickly, which helps avoid smudges, and the finish looks clean on both light and dark surfaces. I’ve been using them for casual sketching and quick craft projects, and they’re perfect for that. The set also comes well organized, so it’s easy to find the color I want without digging around."
29249,精细绘画/插画创作群,B0F9PBG9Z9,Infiart,US,5,流畅性,负面-出墨过多/漏墨,bleed through,"Amazing quality for the price, these are the best paint pens ive ever bought. They write smooth, the brush tip isn't flimsy at all and perfect for getting small details, and ive never had it bleed through paper. Id recommend these to any artist looking for a useful variety of colors"
29249,精细绘画/插画创作群,B0F9PBG9Z9,Infiart,US,5,笔身与易用性,负面-材质/做工差,flimsy,"Amazing quality for the price, these are the best paint pens ive ever bought. They write smooth, the brush tip isn't flimsy at all and perfect for getting small details, and ive never had it bleed through paper. Id recommend these to any artist looking for a useful variety of colors"
29274,精细绘画/插画创作群,B0FC1MGR8T,YACONA,US,5,流畅性,负面-干涩/刮纸/断墨,skipping,"As someone who enjoys everything from rock painting to customizing canvas bags and decorating ceramics, this set has completely elevated my creative projects.
The color range is incredible — vibrant, diverse, and true to what you see on the caps. With 120 shades, I’ve had no trouble finding just the right tone for shading, blending, or adding detail. The brush tips are soft yet precise, making them perfect for both bold strokes and fine details. The ink flows smoothly and consistently, without any skipping or blotching. It feels like painting with a brush but with the control of a marker!
Whether you're a beginner or a seasoned artist, this set is well worth the investment. I can’t recommend it enough."
29296,精细绘画/插画创作群,B0FC1MGR8T,YACONA,US,5,笔头耐用性,负面-寿命不匹配,dry out,"I’ve used many art supplies over the years, but these acrylic markers truly stand out. The colors are incredibly vibrant, and they dry with a rich, opaque finish on almost any surface—canvas, wood, glass, rocks, and even plastic. The ink flows smoothly without skipping, and the nibs allow for both fine details and broader strokes.
I especially appreciate that they’re non-toxic and low-odor, making them safe for kids and indoor projects. Whether you're a professional artist or just love DIY crafts, these markers are a game-changer. They layer beautifully and don’t bleed or smudge once dry. Plus, the set comes with a great variety of colors, and they don’t dry out quickly.
Highly recommended for anyone looking to add a splash of color to their creative work!"
29296,精细绘画/插画创作群,B0FC1MGR8T,YACONA,US,5,流畅性,负面-干涩/刮纸/断墨,skipping,"I’ve used many art supplies over the years, but these acrylic markers truly stand out. The colors are incredibly vibrant, and they dry with a rich, opaque finish on almost any surface—canvas, wood, glass, rocks, and even plastic. The ink flows smoothly without skipping, and the nibs allow for both fine details and broader strokes.
I especially appreciate that they’re non-toxic and low-odor, making them safe for kids and indoor projects. Whether you're a professional artist or just love DIY crafts, these markers are a game-changer. They layer beautifully and don’t bleed or smudge once dry. Plus, the set comes with a great variety of colors, and they don’t dry out quickly.
Highly recommended for anyone looking to add a splash of color to their creative work!"
29300,多表面diy/定制群,B0FC1MGR8T,YACONA,US,5,流畅性,负面-干涩/刮纸/断墨,skipping,"I am absolutely thrilled with these Acrylic Paint Markers! The set includes an incredible 120 vibrant colors, each one smooth, bold, and true to shade. The brush tip design makes blending, detailing, and covering larger areas effortless—it feels like painting with the precision of a marker. The direct liquid ink control system ensures a steady, clean flow with no skipping or leaking, which makes them a joy to use. They work beautifully on canvas, rocks, glass, ceramic, wood, and more. I highly recommend this set for beginners, hobbyists, and professional artists—it’s versatile, reliable, and an amazing value!"
29304,纸面手账/装饰书写群,B0FCMN4V45,Prudiut,US,5,流畅性,负面-出墨过多/漏墨,bleed through,"I was impressed by how well these metallic pens work. The set includes a nice variety of colors that show up beautifully on both dark and light paper.

The ink flows smoothly, dries quickly, and doesn’t smudge or bleed through. I especially like that the metallic finish adds a shimmer without being messy or glittery!

Overall, this is a great set for journaling, scrapbooking, card making, or adding a metallic accent to crafts. Definitely a good value for the price point."
29305,纸面手账/装饰书写群,B0FCMN4V45,Prudiut,US,5,流畅性,负面-干涩/刮纸/断墨,scratches the paper,"I craft handmade art greetings cards for my friends rather than buy commercial ones. There have been times that I need metallic ink to sign or title my card art. Unfortunately, metallic gel pens clogs easily and also scratches the paper because I need to apply more pressure to get the ink to flow. Marker inks are iffy about bleeding through paper card stock.

Prudiut's 12 Pack Metallic Markers handles card stock art paper well. It dries so fast that there is no bleed through using the brush tip for coloring. The paint remains on the top of the paper. Because the marker paint dries really fast, by the time I grab and open another pen color, the previous paint is dry enough to add dots and details. No smudges on my hands or on the art because the paint dries so quickly.

The pens feels more like painting than drawing. The metallic paint markers flow smoothly like brushed on paint. I am also going to use the metallic markers to highlight and sign my acrylic paintings on canvas. I think the metallic markers would be excellent on adding make-up effects on my handmade ceramic dolls.

The only mess I had with the markers is when taking the caps off. The caps are so stuck on to the pens, that it takes a bit of force to pull off which results in me accidentally getting paint on the fingers that are pulling the cap off. The paint does not rub off when it dries on my skin but it does wash off easy with hand soap and water.

Overall, I am very pleased with the performance and color of Prudiut's 12 Pack Metallic Markers."
29305,纸面手账/装饰书写群,B0FCMN4V45,Prudiut,US,5,流畅性,负面-出墨过多/漏墨,bleed through,"I craft handmade art greetings cards for my friends rather than buy commercial ones. There have been times that I need metallic ink to sign or title my card art. Unfortunately, metallic gel pens clogs easily and also scratches the paper because I need to apply more pressure to get the ink to flow. Marker inks are iffy about bleeding through paper card stock.

Prudiut's 12 Pack Metallic Markers handles card stock art paper well. It dries so fast that there is no bleed through using the brush tip for coloring. The paint remains on the top of the paper. Because the marker paint dries really fast, by the time I grab and open another pen color, the previous paint is dry enough to add dots and details. No smudges on my hands or on the art because the paint dries so quickly.

The pens feels more like painting than drawing. The metallic paint markers flow smoothly like brushed on paint. I am also going to use the metallic markers to highlight and sign my acrylic paintings on canvas. I think the metallic markers would be excellent on adding make-up effects on my handmade ceramic dolls.

The only mess I had with the markers is when taking the caps off. The caps are so stuck on to the pens, that it takes a bit of force to pull off which results in me accidentally getting paint on the fingers that are pulling the cap off. The paint does not rub off when it dries on my skin but it does wash off easy with hand soap and water.

Overall, I am very pleased with the performance and color of Prudiut's 12 Pack Metallic Markers."
29310,纸面手账/装饰书写群,B0FCMN4V45,Prudiut,US,5,流畅性,负面-出墨过多/漏墨,splatter,"Pros: a good variety of metallic colors in this set. All the pens are dual tipped with one end that marks as a fine point and the other that can be used as a calligraphy brush. The color flows evenly and does not splatter. The ink dies quickly and does not smudge. The different colors can be overlapped for different effects. The dimensions of the pen are standard and easy to hold. The cap on either end can post on the other cap. Definitely a good value for the price point.
Cons: no cons"
29319,多表面diy/定制群,B0FCMN4V45,Prudiut,US,5,流畅性,负面-出墨过多/漏墨,bleed through,"This 12 pack of dual tip metallic markers are very pretty with a good variety of shades to choose from. They are not as vibrant as the images show; I have tested them on wood, rocks, watercolor paper and black drawing. The ink/paint flows smoothly from both the fine and brush tips on all tested surfaces and there was no bleed through on either type of paper even with two coats. One coat was enough for my wooden coasters and rock projects; however, I used two coats on some spots on the coasters for a deeper color. Some of the colors definitely look more metallic than others and the colors on the back of the box do not match the actual markers making it was difficult to distinguish some of them; names of colors on the pens would have been more helpful. I colored over the chart on the back with each marker so that I could see the difference; red and rose red are confusing me still. I love the colors regardless and these are a nice addition to my growing collection of paint pens. I would absolutely recommend these and $8.99 is a great price for this 12 pack though I’d personally have chosen the 24 pack if it had been offered to me and would be more likely to purchase that for its $14.99 price tag."
29334,纸面手账/装饰书写群,B0FDF4LG33,Grabie,US,5,色彩饱和度与混合,负面-暗淡/褪色,pale,"This set of acrylic markers has exceeded my expectations. They are easy to use (no priming, no shaking, just uncap and get to creating!), and they write beautifully. They would be awesome for general painting applications on pretty much any surface but would also function very nicely for hand lettering.<br>They dry quickly - but not instantly, so be careful not to smudge them. Wait a few seconds, though and after that they stay put.<br>The color range of these markers is really interesting. They're all vibrant and well-pigmented, and there is a range of both standard bright shades, a few fluorescents, and even a really nice range of Morandi-style muted tones that are just gorgeous. There are also a gold and silver metallic that shine so nicely!<br>They generally provide good coverage, though some of the paler shades are a lot more translucent than I'd like (but it seems that's a problem across almost every brand, save a few. I put down some black and then tried the white over the top and it was not opaque at all. Aside from maybe 4 or 5 of the palest shades though, most of these markers will likely work well on black paper and other darker surfaces.<br>The brush tips are very nice. They're not all exactly consistent in firmness or in juiciness, but none of them were dry and all of them are quite functional (just some are juicier than others).<br>I'm concerned a bit about how long these will last since each pen contains two different colors, so the capacity for each color may be less than you would find in a single-color pen, but time will tell!<br>I look forward to trying their single-color acrylic markers soon, too. These rival most of the other brands that I own, and I can't say enough good things about not having to prime and shake before use."
29334,纸面手账/装饰书写群,B0FDF4LG33,Grabie,US,5,绘画表现,负面-过于透明/覆盖力差,not opaque,"This set of acrylic markers has exceeded my expectations. They are easy to use (no priming, no shaking, just uncap and get to creating!), and they write beautifully. They would be awesome for general painting applications on pretty much any surface but would also function very nicely for hand lettering.<br>They dry quickly - but not instantly, so be careful not to smudge them. Wait a few seconds, though and after that they stay put.<br>The color range of these markers is really interesting. They're all vibrant and well-pigmented, and there is a range of both standard bright shades, a few fluorescents, and even a really nice range of Morandi-style muted tones that are just gorgeous. There are also a gold and silver metallic that shine so nicely!<br>They generally provide good coverage, though some of the paler shades are a lot more translucent than I'd like (but it seems that's a problem across almost every brand, save a few. I put down some black and then tried the white over the top and it was not opaque at all. Aside from maybe 4 or 5 of the palest shades though, most of these markers will likely work well on black paper and other darker surfaces.<br>The brush tips are very nice. They're not all exactly consistent in firmness or in juiciness, but none of them were dry and all of them are quite functional (just some are juicier than others).<br>I'm concerned a bit about how long these will last since each pen contains two different colors, so the capacity for each color may be less than you would find in a single-color pen, but time will tell!<br>I look forward to trying their single-color acrylic markers soon, too. These rival most of the other brands that I own, and I can't say enough good things about not having to prime and shake before use."
29337,多表面diy/定制群,B0FDF4LG33,Grabie,US,5,笔头耐用性,负面-磨损/分叉,fray,"This is such a good set of acrylic markers! This is my second product from this company and they haven’t disappointed me yet. I have been into watercolor recently as a form of therapy. The colors are very vivid and the felt tips are sturdy and won’t easily fall apart or fray. It is quick drying and could be used for so many projects. Not only can I use this for painting, I can use this for nail art, canvas, thick paper, stone and possibly unglazed ceramics. I don’t suggest using it on regular printing paper as it will bleed on the other side. Overall such a great deal for how many colors you get. Sixty colored pens on both sides makes it 120 colors for you to enjoy. This is a great buy for crafters, artist or beginners like me."
29338,纸面手账/装饰书写群,B0FDF4LG33,Grabie,US,5,笔头耐用性,负面-磨损/分叉,fray,"This 120 dual-tone acrylic marker set is such a fun addition to any art stash! Each pen has two colors on the brush tip, which is perfect for color blending and brush lettering. The colors are bright and vibrant, go on smoothly, and work on a bunch of surfaces like fabric, canvas, and paper. The colors all show up really well, unlike some other brush markers I have tried. With 120 colors in 60 markers, they take up less space. The brush tips work well for thin and thick lines, but can fray with too much pressure. I love using these on mixed media or Bristol paper to make hand lettered cards and prints. The paint dries fast and doesn’t smear or have any weird odors. This set is a great value!"
29339,多表面diy/定制群,B0FDF4LG33,Grabie,US,5,流畅性,负面-出墨过多/漏墨,bleed through,"I have the smaller 36 pack of dual Grabie markers, so when I saw they had come out with a larger pack, I grabbed them up.:)<br><br>They are the same size and quality as the smaller pack, although the coloring on the marker packaging is different (relief). They also seem to have gone through a color name and number change for some of the colors that were included in the 36; you'll find most of the 36 pack here (with some that look slightly different). This pack covers a wide variety of colors, and there weren't really any (for this coloring anyways) that I was wishing were included.<br><br>I absolutely love that these don't have to be primed, and they have brush tips instead of hard nibs. The downside is that if you aren't careful (and honestly, even if you are), the tips of the brushes can break down farely quickly, which makes more detailed work very hard. They can also get bits of dried paint on them, so be prepared to pick the little bits off.<br>As of writing this, I don't think Grabie offers replacement tips, but I believe they are pretty similar to another brands brush tips, that you can buy replacements for, fairly cheap.<br><br>The really lovely thing about these is that they don't bleed through (like some acrylics have separation liquid that leaks through). You can easily color a double sided page, and have zero issues come through the back (given your paper quality, super thin types might show through, I'm unsure).<br><br>There's mutliple ways to use these; on rocks, glass paper, vinyl, plastic, etc (given you have a sealant) and I'm still finding extra uses for them, like adding details to coloring pages, or fixing some art when I've gone outside the lines with the medium I'm using, or even to bring back the original color on clay that's darkened too much.<br><br>They're very opaque, so you do need to be careful when coloring in pages; you'll want to have a fineliner ready to go over lines if you color over, as these will either soften the lines, or completely wipe them out. You need to be slow while coloring portions in, because if you are fast, you'll get streaks or blotches in the paint (like some areas of my coloring page; book is A Million Kittens). Do make sure to shake them prior to using to blend them.<br><br>My main gripe is that they really downgraded on the carry case packaging. I love the 36 pack case; it's softer plastic and textured, with no sharp edges, and it's easy to pull the markers out (and put them back).<br>With this larger pack, the packaging is a thicker, cheaper plastic that I can't get the markers out, or put them away, without scraping my hands up from the sharp opening. It can be frustrating. I really wish they'd stayed with the same packaging.<br><br>I do really like these and they've gone into my travel art bag. My original pack has yet to run out of ink, so they seem like they last a good bit.  I'll have to report back if/when they do."
29339,多表面diy/定制群,B0FDF4LG33,Grabie,US,5,笔身与易用性,负面-材质/做工差,break,"I have the smaller 36 pack of dual Grabie markers, so when I saw they had come out with a larger pack, I grabbed them up.:)<br><br>They are the same size and quality as the smaller pack, although the coloring on the marker packaging is different (relief). They also seem to have gone through a color name and number change for some of the colors that were included in the 36; you'll find most of the 36 pack here (with some that look slightly different). This pack covers a wide variety of colors, and there weren't really any (for this coloring anyways) that I was wishing were included.<br><br>I absolutely love that these don't have to be primed, and they have brush tips instead of hard nibs. The downside is that if you aren't careful (and honestly, even if you are), the tips of the brushes can break down farely quickly, which makes more detailed work very hard. They can also get bits of dried paint on them, so be prepared to pick the little bits off.<br>As of writing this, I don't think Grabie offers replacement tips, but I believe they are pretty similar to another brands brush tips, that you can buy replacements for, fairly cheap.<br><br>The really lovely thing about these is that they don't bleed through (like some acrylics have separation liquid that leaks through). You can easily color a double sided page, and have zero issues come through the back (given your paper quality, super thin types might show through, I'm unsure).<br><br>There's mutliple ways to use these; on rocks, glass paper, vinyl, plastic, etc (given you have a sealant) and I'm still finding extra uses for them, like adding details to coloring pages, or fixing some art when I've gone outside the lines with the medium I'm using, or even to bring back the original color on clay that's darkened too much.<br><br>They're very opaque, so you do need to be careful when coloring in pages; you'll want to have a fineliner ready to go over lines if you color over, as these will either soften the lines, or completely wipe them out. You need to be slow while coloring portions in, because if you are fast, you'll get streaks or blotches in the paint (like some areas of my coloring page; book is A Million Kittens). Do make sure to shake them prior to using to blend them.<br><br>My main gripe is that they really downgraded on the carry case packaging. I love the 36 pack case; it's softer plastic and textured, with no sharp edges, and it's easy to pull the markers out (and put them back).<br>With this larger pack, the packaging is a thicker, cheaper plastic that I can't get the markers out, or put them away, without scraping my hands up from the sharp opening. It can be frustrating. I really wish they'd stayed with the same packaging.<br><br>I do really like these and they've gone into my travel art bag. My original pack has yet to run out of ink, so they seem like they last a good bit.  I'll have to report back if/when they do."
29339,多表面diy/定制群,B0FDF4LG33,Grabie,US,5,笔身与易用性,负面-握持不适,sharp edges,"I have the smaller 36 pack of dual Grabie markers, so when I saw they had come out with a larger pack, I grabbed them up.:)<br><br>They are the same size and quality as the smaller pack, although the coloring on the marker packaging is different (relief). They also seem to have gone through a color name and number change for some of the colors that were included in the 36; you'll find most of the 36 pack here (with some that look slightly different). This pack covers a wide variety of colors, and there weren't really any (for this coloring anyways) that I was wishing were included.<br><br>I absolutely love that these don't have to be primed, and they have brush tips instead of hard nibs. The downside is that if you aren't careful (and honestly, even if you are), the tips of the brushes can break down farely quickly, which makes more detailed work very hard. They can also get bits of dried paint on them, so be prepared to pick the little bits off.<br>As of writing this, I don't think Grabie offers replacement tips, but I believe they are pretty similar to another brands brush tips, that you can buy replacements for, fairly cheap.<br><br>The really lovely thing about these is that they don't bleed through (like some acrylics have separation liquid that leaks through). You can easily color a double sided page, and have zero issues come through the back (given your paper quality, super thin types might show through, I'm unsure).<br><br>There's mutliple ways to use these; on rocks, glass paper, vinyl, plastic, etc (given you have a sealant) and I'm still finding extra uses for them, like adding details to coloring pages, or fixing some art when I've gone outside the lines with the medium I'm using, or even to bring back the original color on clay that's darkened too much.<br><br>They're very opaque, so you do need to be careful when coloring in pages; you'll want to have a fineliner ready to go over lines if you color over, as these will either soften the lines, or completely wipe them out. You need to be slow while coloring portions in, because if you are fast, you'll get streaks or blotches in the paint (like some areas of my coloring page; book is A Million Kittens). Do make sure to shake them prior to using to blend them.<br><br>My main gripe is that they really downgraded on the carry case packaging. I love the 36 pack case; it's softer plastic and textured, with no sharp edges, and it's easy to pull the markers out (and put them back).<br>With this larger pack, the packaging is a thicker, cheaper plastic that I can't get the markers out, or put them away, without scraping my hands up from the sharp opening. It can be frustrating. I really wish they'd stayed with the same packaging.<br><br>I do really like these and they've gone into my travel art bag. My original pack has yet to run out of ink, so they seem like they last a good bit.  I'll have to report back if/when they do."
29339,多表面diy/定制群,B0FDF4LG33,Grabie,US,5,绘画表现,负面-涂色不均,streak,"I have the smaller 36 pack of dual Grabie markers, so when I saw they had come out with a larger pack, I grabbed them up.:)<br><br>They are the same size and quality as the smaller pack, although the coloring on the marker packaging is different (relief). They also seem to have gone through a color name and number change for some of the colors that were included in the 36; you'll find most of the 36 pack here (with some that look slightly different). This pack covers a wide variety of colors, and there weren't really any (for this coloring anyways) that I was wishing were included.<br><br>I absolutely love that these don't have to be primed, and they have brush tips instead of hard nibs. The downside is that if you aren't careful (and honestly, even if you are), the tips of the brushes can break down farely quickly, which makes more detailed work very hard. They can also get bits of dried paint on them, so be prepared to pick the little bits off.<br>As of writing this, I don't think Grabie offers replacement tips, but I believe they are pretty similar to another brands brush tips, that you can buy replacements for, fairly cheap.<br><br>The really lovely thing about these is that they don't bleed through (like some acrylics have separation liquid that leaks through). You can easily color a double sided page, and have zero issues come through the back (given your paper quality, super thin types might show through, I'm unsure).<br><br>There's mutliple ways to use these; on rocks, glass paper, vinyl, plastic, etc (given you have a sealant) and I'm still finding extra uses for them, like adding details to coloring pages, or fixing some art when I've gone outside the lines with the medium I'm using, or even to bring back the original color on clay that's darkened too much.<br><br>They're very opaque, so you do need to be careful when coloring in pages; you'll want to have a fineliner ready to go over lines if you color over, as these will either soften the lines, or completely wipe them out. You need to be slow while coloring portions in, because if you are fast, you'll get streaks or blotches in the paint (like some areas of my coloring page; book is A Million Kittens). Do make sure to shake them prior to using to blend them.<br><br>My main gripe is that they really downgraded on the carry case packaging. I love the 36 pack case; it's softer plastic and textured, with no sharp edges, and it's easy to pull the markers out (and put them back).<br>With this larger pack, the packaging is a thicker, cheaper plastic that I can't get the markers out, or put them away, without scraping my hands up from the sharp opening. It can be frustrating. I really wish they'd stayed with the same packaging.<br><br>I do really like these and they've gone into my travel art bag. My original pack has yet to run out of ink, so they seem like they last a good bit.  I'll have to report back if/when they do."
29362,填色/大面积上色群,B0FFY5YXBZ,colourmotor,US,5,购买与服务体验,负面-运输/损坏,already primed,"I love paint markers. I'm not sure there's an entirely logical process here... I don't use them anywhere near as much as I should given how many I've gotten, but I identified as an artist in my youth, and having fun art supplies readily available is a lot like breathing fresh air for me.I have ordered at least a half dozen paint marker packs through Vine, including several other sets from GuangNa. Generally, they earn 4 stars from me. I have been very frustrated by their lack of true green shades in their other sets. This set covers it. Wow, does it cover it.Some things you should know if you get this: Numbers are in the 600s, 700s, and 800s. For numbers that could be easily confused, they put a small dot in the upper left to indicate the top of the number. I show this in my video.For filling in your own color card, the row closest to it was almost entirely the left side, and you gradually move right as you go through each row. There are exceptions, but this helped me save time searching for the correct square once I realized.You may note the colors are not exact matches of the printed colors in many cases. I don't know why they don't make a color card and take a picture of it, but this discrepancy has been very normal with already primed paint markers.These acrylic paint markers come primed. You do not need to shake/press to prepare them for use, and these are much easier to control than the kinds that require priming. However, these are also more matte in appearance when dried and relatively easy to scratch. Plan to use a sealant or similar to protect your paintings done with these markers. It's a question of trade-offs. I prefer the ease of use these provide even knowing more work is necessary to protect my creations. You may not.Regardless, I'm thrilled with the color selection of these markers. I can't wait to do more with them!"
29388,多表面diy/定制群,B0FPC5CLN9,Grabie,US,5,墨水特性,负面-易褪色/不防水,not waterproof,"I picked up the Grabie Acrylic Paint Pens hoping for a no-fuss way to add detail to my seasonal crafts and DIY projects—and these markers delivered. The 0.7 mm extra fine tips are ideal for outlining, lettering, and adding crisp accents, especially on textured surfaces like wood, stone, and canvas. Great ink/paint quality & rather easy to use. Just need a bit or patience to get them all primed. Pros:• Vibrant Colors: All 18 shades pop beautifully• Extra Fine Tip: The 0.7 mm nib is perfect for detail work, outlining, and labeling.• Multi-Surface Friendly: Works well on wood, glass, metal, plastic, stone, and canvas.• Quick-Drying & Low Odor: Great for indoor use—no strong fumes or long wait times.• Senior-Friendly Grip: Comfortable to hold, even for shaky hands or longer sessions.Cons:• Initial Priming Takes Patience: You’ll need to press the tip a few times to get the ink flowing.• Not Waterproof: Best for indoor projects or sealed surfaces—rain will wash it away.• Cap Colors ≠ Ink Colors: Double-check before using; some caps are misleading.Pro Tip:  I read that it is important to keep the cap on when shaking but I don’t always follow instructions, just ask my hubby! Anyway, I have a lovely blue streak on my hobby table. Lesson learned!Recommended whether you're labeling garden stakes, decorating ornaments, or personalizing pet gear, these pens glide smoothly and dry fast without smudging. Drawing pad is included in the carry case."
29388,多表面diy/定制群,B0FPC5CLN9,Grabie,US,5,绘画表现,负面-涂色不均,streak,"I picked up the Grabie Acrylic Paint Pens hoping for a no-fuss way to add detail to my seasonal crafts and DIY projects—and these markers delivered. The 0.7 mm extra fine tips are ideal for outlining, lettering, and adding crisp accents, especially on textured surfaces like wood, stone, and canvas. Great ink/paint quality & rather easy to use. Just need a bit or patience to get them all primed. Pros:• Vibrant Colors: All 18 shades pop beautifully• Extra Fine Tip: The 0.7 mm nib is perfect for detail work, outlining, and labeling.• Multi-Surface Friendly: Works well on wood, glass, metal, plastic, stone, and canvas.• Quick-Drying & Low Odor: Great for indoor use—no strong fumes or long wait times.• Senior-Friendly Grip: Comfortable to hold, even for shaky hands or longer sessions.Cons:• Initial Priming Takes Patience: You’ll need to press the tip a few times to get the ink flowing.• Not Waterproof: Best for indoor projects or sealed surfaces—rain will wash it away.• Cap Colors ≠ Ink Colors: Double-check before using; some caps are misleading.Pro Tip:  I read that it is important to keep the cap on when shaking but I don’t always follow instructions, just ask my hubby! Anyway, I have a lovely blue streak on my hobby table. Lesson learned!Recommended whether you're labeling garden stakes, decorating ornaments, or personalizing pet gear, these pens glide smoothly and dry fast without smudging. Drawing pad is included in the carry case."
29388,多表面diy/定制群,B0FPC5CLN9,Grabie,US,5,场景表现,负面-不能多表面DIY,not waterproof,"I picked up the Grabie Acrylic Paint Pens hoping for a no-fuss way to add detail to my seasonal crafts and DIY projects—and these markers delivered. The 0.7 mm extra fine tips are ideal for outlining, lettering, and adding crisp accents, especially on textured surfaces like wood, stone, and canvas. Great ink/paint quality & rather easy to use. Just need a bit or patience to get them all primed. Pros:• Vibrant Colors: All 18 shades pop beautifully• Extra Fine Tip: The 0.7 mm nib is perfect for detail work, outlining, and labeling.• Multi-Surface Friendly: Works well on wood, glass, metal, plastic, stone, and canvas.• Quick-Drying & Low Odor: Great for indoor use—no strong fumes or long wait times.• Senior-Friendly Grip: Comfortable to hold, even for shaky hands or longer sessions.Cons:• Initial Priming Takes Patience: You’ll need to press the tip a few times to get the ink flowing.• Not Waterproof: Best for indoor projects or sealed surfaces—rain will wash it away.• Cap Colors ≠ Ink Colors: Double-check before using; some caps are misleading.Pro Tip:  I read that it is important to keep the cap on when shaking but I don’t always follow instructions, just ask my hubby! Anyway, I have a lovely blue streak on my hobby table. Lesson learned!Recommended whether you're labeling garden stakes, decorating ornaments, or personalizing pet gear, these pens glide smoothly and dry fast without smudging. Drawing pad is included in the carry case."
29396,纸面手账/装饰书写群,B0FPC5CLN9,Grabie,US,5,笔头表现,负面-笔头磨损分叉,frayed | clogged,"The Grabie Acrylic Paint Pens 18 pack are absolutely fantastic for both beginners and experienced artists! I’ve used them on a variety of surfaces — wood, rocks, glass, metal, plastic, canvas, and even fabric — and the coverage and color vibrancy are consistently excellent.  Each pen has a smooth, fine point tip that allows for precise detailing and clean lines, which makes them perfect for outlining, lettering, or adding intricate designs. The flow of paint is steady and even — no blotching or skipping — and the colors are rich, opaque, and quick-drying.  The 18 pack color selection. is beautiful, with a good balance of bright tones and neutral shades. All of the colors layer nicely when dry. I also appreciate that they don’t have a strong chemical smell like some other paint pens.  The acrylic ink quality is top-notch as it’s permanent once dry, waterproof, and resistant to fading or scratching. I’ve made several painted rocks and decorated mugs, and the designs have held up perfectly over time. The pens are also easy to activate: just shake, press the tip a few times, and the ink starts flowing smoothly.  I also love that the set comes well-packaged, with each pen clearly labeled and capped tightly to prevent drying out. The pens are comfortable to hold, lightweight, and the fine tips haven’t frayed or clogged even after multiple uses.  Cleanup is minimal — the paint dries fast, and there’s no smudging or bleeding. For crafts, journaling, DIY gifts, or detailed artwork, these pens are incredibly versatile and reliable.  Overall, the Grabie Acrylic Paint Pens deliver professional-level results at a great price. They’re vibrant, precise, long-lasting, and fun to use on almost any surface. Highly recommend for anyone who loves art, crafting, or adding a creative touch to everyday items!"
29396,纸面手账/装饰书写群,B0FPC5CLN9,Grabie,US,5,笔头耐用性,负面-磨损/分叉,fray,"The Grabie Acrylic Paint Pens 18 pack are absolutely fantastic for both beginners and experienced artists! I’ve used them on a variety of surfaces — wood, rocks, glass, metal, plastic, canvas, and even fabric — and the coverage and color vibrancy are consistently excellent.  Each pen has a smooth, fine point tip that allows for precise detailing and clean lines, which makes them perfect for outlining, lettering, or adding intricate designs. The flow of paint is steady and even — no blotching or skipping — and the colors are rich, opaque, and quick-drying.  The 18 pack color selection. is beautiful, with a good balance of bright tones and neutral shades. All of the colors layer nicely when dry. I also appreciate that they don’t have a strong chemical smell like some other paint pens.  The acrylic ink quality is top-notch as it’s permanent once dry, waterproof, and resistant to fading or scratching. I’ve made several painted rocks and decorated mugs, and the designs have held up perfectly over time. The pens are also easy to activate: just shake, press the tip a few times, and the ink starts flowing smoothly.  I also love that the set comes well-packaged, with each pen clearly labeled and capped tightly to prevent drying out. The pens are comfortable to hold, lightweight, and the fine tips haven’t frayed or clogged even after multiple uses.  Cleanup is minimal — the paint dries fast, and there’s no smudging or bleeding. For crafts, journaling, DIY gifts, or detailed artwork, these pens are incredibly versatile and reliable.  Overall, the Grabie Acrylic Paint Pens deliver professional-level results at a great price. They’re vibrant, precise, long-lasting, and fun to use on almost any surface. Highly recommend for anyone who loves art, crafting, or adding a creative touch to everyday items!"
29396,纸面手账/装饰书写群,B0FPC5CLN9,Grabie,US,5,流畅性,负面-干涩/刮纸/断墨,skipping,"The Grabie Acrylic Paint Pens 18 pack are absolutely fantastic for both beginners and experienced artists! I’ve used them on a variety of surfaces — wood, rocks, glass, metal, plastic, canvas, and even fabric — and the coverage and color vibrancy are consistently excellent.  Each pen has a smooth, fine point tip that allows for precise detailing and clean lines, which makes them perfect for outlining, lettering, or adding intricate designs. The flow of paint is steady and even — no blotching or skipping — and the colors are rich, opaque, and quick-drying.  The 18 pack color selection. is beautiful, with a good balance of bright tones and neutral shades. All of the colors layer nicely when dry. I also appreciate that they don’t have a strong chemical smell like some other paint pens.  The acrylic ink quality is top-notch as it’s permanent once dry, waterproof, and resistant to fading or scratching. I’ve made several painted rocks and decorated mugs, and the designs have held up perfectly over time. The pens are also easy to activate: just shake, press the tip a few times, and the ink starts flowing smoothly.  I also love that the set comes well-packaged, with each pen clearly labeled and capped tightly to prevent drying out. The pens are comfortable to hold, lightweight, and the fine tips haven’t frayed or clogged even after multiple uses.  Cleanup is minimal — the paint dries fast, and there’s no smudging or bleeding. For crafts, journaling, DIY gifts, or detailed artwork, these pens are incredibly versatile and reliable.  Overall, the Grabie Acrylic Paint Pens deliver professional-level results at a great price. They’re vibrant, precise, long-lasting, and fun to use on almost any surface. Highly recommend for anyone who loves art, crafting, or adding a creative touch to everyday items!"
29396,纸面手账/装饰书写群,B0FPC5CLN9,Grabie,US,5,墨水特性,负面-气味难闻,chemical smell,"The Grabie Acrylic Paint Pens 18 pack are absolutely fantastic for both beginners and experienced artists! I’ve used them on a variety of surfaces — wood, rocks, glass, metal, plastic, canvas, and even fabric — and the coverage and color vibrancy are consistently excellent.  Each pen has a smooth, fine point tip that allows for precise detailing and clean lines, which makes them perfect for outlining, lettering, or adding intricate designs. The flow of paint is steady and even — no blotching or skipping — and the colors are rich, opaque, and quick-drying.  The 18 pack color selection. is beautiful, with a good balance of bright tones and neutral shades. All of the colors layer nicely when dry. I also appreciate that they don’t have a strong chemical smell like some other paint pens.  The acrylic ink quality is top-notch as it’s permanent once dry, waterproof, and resistant to fading or scratching. I’ve made several painted rocks and decorated mugs, and the designs have held up perfectly over time. The pens are also easy to activate: just shake, press the tip a few times, and the ink starts flowing smoothly.  I also love that the set comes well-packaged, with each pen clearly labeled and capped tightly to prevent drying out. The pens are comfortable to hold, lightweight, and the fine tips haven’t frayed or clogged even after multiple uses.  Cleanup is minimal — the paint dries fast, and there’s no smudging or bleeding. For crafts, journaling, DIY gifts, or detailed artwork, these pens are incredibly versatile and reliable.  Overall, the Grabie Acrylic Paint Pens deliver professional-level results at a great price. They’re vibrant, precise, long-lasting, and fun to use on almost any surface. Highly recommend for anyone who loves art, crafting, or adding a creative touch to everyday items!"
29396,纸面手账/装饰书写群,B0FPC5CLN9,Grabie,US,5,墨水特性,负面-香味难闻/太浓,chemical smell,"The Grabie Acrylic Paint Pens 18 pack are absolutely fantastic for both beginners and experienced artists! I’ve used them on a variety of surfaces — wood, rocks, glass, metal, plastic, canvas, and even fabric — and the coverage and color vibrancy are consistently excellent.  Each pen has a smooth, fine point tip that allows for precise detailing and clean lines, which makes them perfect for outlining, lettering, or adding intricate designs. The flow of paint is steady and even — no blotching or skipping — and the colors are rich, opaque, and quick-drying.  The 18 pack color selection. is beautiful, with a good balance of bright tones and neutral shades. All of the colors layer nicely when dry. I also appreciate that they don’t have a strong chemical smell like some other paint pens.  The acrylic ink quality is top-notch as it’s permanent once dry, waterproof, and resistant to fading or scratching. I’ve made several painted rocks and decorated mugs, and the designs have held up perfectly over time. The pens are also easy to activate: just shake, press the tip a few times, and the ink starts flowing smoothly.  I also love that the set comes well-packaged, with each pen clearly labeled and capped tightly to prevent drying out. The pens are comfortable to hold, lightweight, and the fine tips haven’t frayed or clogged even after multiple uses.  Cleanup is minimal — the paint dries fast, and there’s no smudging or bleeding. For crafts, journaling, DIY gifts, or detailed artwork, these pens are incredibly versatile and reliable.  Overall, the Grabie Acrylic Paint Pens deliver professional-level results at a great price. They’re vibrant, precise, long-lasting, and fun to use on almost any surface. Highly recommend for anyone who loves art, crafting, or adding a creative touch to everyday items!"
